国家,全年GDP增长(%),GDP(10亿美元),GDP年增长率(%),人均GDP(美元),人均GDP购买力平价(美元),就业人数变化率(%),就业率(%),全职工作人数(千),全职工作人数(千),劳动力参与率(%),劳动力参与率(%),长期失业率(%),兼职就业人数(%),人口(百万),生产率(%),男性退休年龄,女性退休年龄,失业人员,失业率(%),工资增加(%),青年失业率(%),居民消费价格指数CPI(积分),核心消费者物价指数(积分),核心通胀率(%),CPI住房公用事业(积分),出口价格(积分),食品通胀(%),消费物价协调指数(积分),年调和通胀率(%),进口价格(积分),通货膨胀预期(%),每月生产者价格通胀(%),生产者价格(积分),生产者价格指数变化(%),存款准备金率(%),存款利率(%),银行间同业拆借利率(%),利率(%),贷款利率(%),私人债务占国内生产总值(%),庇护申请(人),信用评级(积分),政府预算(%),政府债务占GDP比重(%),政府支出占GDP比重(%),军费(百万美元),原油产量(BBL/D/1K),经常账户占GDP比例(%),黄金储备(吨),贸易条款(积分),恐怖主义指数(积分),入境旅游人数(人),武器销售(SIPRI - TIV - 百万),建筑工程产值(%),自置居所比率(%),住房指数(积分),房价租金比,破产企业数量(公司),商业信心指数(积分),产能利用率(%),车辆注册(相对值),综合采购经理人指数(积分),腐败指数(积分),电力生产(吉瓦小时),工业生产(%),制造业PMI(积分),制造业生产(%),矿业生产(%),服务业PMI(积分),企业所得税税率(%),个人所得税税率(%),销售税率(%),社会保障覆盖率(%),企业社会保障覆盖率(%),员工社会保障覆盖率(%),消费者信心指数(积分),汽油价格(美元/升),家庭债务占GDP比重(%),家庭债务与收入占比(%),个人储蓄占比(%),零售销售（年率同比)(%),冠状病毒病例(人),冠状病毒死亡(人),冠状病毒疫苗接种率(每 100 人的剂量),冠状病毒疫苗总数(剂量),医院病床(每千人),医院(每百万人),重症监护病床(每千人),医生(每千人),护士(每千人),二氧化碳排放(KT),沉淀(毫米),温度(摄氏度)
阿尔巴尼亚,2.3,18.26,4.02,4831,14519,NULL,66.5,74.8,NULL,74.8,NULL,NULL,NULL,2.79,NULL,65,61.33,160,10.8,NULL,21.5,114,NULL,NULL,105,NULL,NULL,NULL,NULL,NULL,NULL,NULL,NULL,NULL,NULL,NULL,NULL,NULL,NULL,NULL,NULL,NULL,NULL,NULL,NULL,NULL,NULL,NULL,NULL,NULL,NULL,NULL,NULL,NULL,NULL,NULL,NULL,NULL,NULL,NULL,NULL,NULL,NULL,NULL,NULL,NULL,NULL,NULL,NULL,NULL,NULL,NULL,NULL,NULL,NULL,NULL,NULL,NULL,NULL,NULL,NULL,NULL,NULL,NULL,NULL,NULL,NULL,NULL,NULL,NULL,NULL,NULL,NULL
爱尔兰,0.3,504,12,88967,102496,0.6,73.2,2023,64.5,64.5,92.5,1.3,550,5.06,144,66,66,112,4.3,4.2,10.2,117,112,5,158,NULL,NULL,NULL,NULL,NULL,NULL,NULL,NULL,NULL,NULL,NULL,NULL,NULL,NULL,NULL,NULL,NULL,NULL,NULL,NULL,NULL,NULL,NULL,NULL,NULL,NULL,NULL,NULL,NULL,NULL,NULL,NULL,NULL,NULL,NULL,NULL,NULL,NULL,NULL,NULL,NULL,NULL,NULL,NULL,NULL,NULL,NULL,NULL,NULL,NULL,NULL,NULL,NULL,NULL,NULL,NULL,NULL,NULL,NULL,NULL,NULL,NULL,NULL,NULL,NULL,NULL,NULL,NULL
爱沙尼亚,-1.6,37.19,-4.1,21707,38718,0.7,69.6,550,73.5,73.5,148,1.3,90.3,1.33,114,64.25,64.25,54.92,5.4,8.1,16.6,284,129,12.7,581,NULL,NULL,NULL,NULL,NULL,NULL,NULL,NULL,NULL,NULL,NULL,NULL,NULL,NULL,NULL,NULL,NULL,NULL,NULL,NULL,NULL,NULL,NULL,NULL,NULL,NULL,NULL,NULL,NULL,NULL,NULL,NULL,NULL,NULL,NULL,NULL,NULL,NULL,NULL,NULL,NULL,NULL,NULL,NULL,NULL,NULL,NULL,NULL,NULL,NULL,NULL,NULL,NULL,NULL,NULL,NULL,NULL,NULL,NULL,NULL,NULL,NULL,NULL,NULL,NULL,NULL,NULL,NULL
奥地利,0,480,2.6,45238,54121,0.3,74,3084,62.1,62.1,138,1.1,1294,8.98,106,65,60,294100,7,NULL,8.5,118,NULL,NULL,128,NULL,NULL,NULL,NULL,NULL,NULL,NULL,NULL,NULL,NULL,NULL,NULL,NULL,NULL,NULL,NULL,NULL,NULL,NULL,NULL,NULL,NULL,NULL,NULL,NULL,NULL,NULL,NULL,NULL,NULL,NULL,NULL,NULL,NULL,NULL,NULL,NULL,NULL,NULL,NULL,NULL,NULL,NULL,NULL,NULL,NULL,NULL,NULL,NULL,NULL,NULL,NULL,NULL,NULL,NULL,NULL,NULL,NULL,NULL,NULL,NULL,NULL,NULL,NULL,NULL,NULL,NULL,NULL
保加利亚,0.6,84.06,2.31,8634,24398,0.2,54.9,3043,57.1,57.1,157,2,52,6.52,121,64.42,61.83,156,5.5,NULL,8.6,9228,120,10.9,21410,NULL,NULL,NULL,NULL,NULL,NULL,NULL,NULL,NULL,NULL,NULL,NULL,NULL,NULL,NULL,NULL,NULL,NULL,NULL,NULL,NULL,NULL,NULL,NULL,NULL,NULL,NULL,NULL,NULL,NULL,NULL,NULL,NULL,NULL,NULL,NULL,NULL,NULL,NULL,NULL,NULL,NULL,NULL,NULL,NULL,NULL,NULL,NULL,NULL,NULL,NULL,NULL,NULL,NULL,NULL,NULL,NULL,NULL,NULL,NULL,NULL,NULL,NULL,NULL,NULL,NULL,NULL,NULL
比利时,0.1,594,1.4,42901,51740,0,66.8,3777,71,71,121,2.3,1188,11.63,101,65,65,254082,5.8,10.2,16.2,127,119,6.3,135,NULL,NULL,NULL,NULL,NULL,NULL,NULL,NULL,NULL,NULL,NULL,NULL,NULL,NULL,NULL,NULL,NULL,NULL,NULL,NULL,NULL,NULL,NULL,NULL,NULL,NULL,NULL,NULL,NULL,NULL,NULL,NULL,NULL,NULL,NULL,NULL,NULL,NULL,NULL,NULL,NULL,NULL,NULL,NULL,NULL,NULL,NULL,NULL,NULL,NULL,NULL,NULL,NULL,NULL,NULL,NULL,NULL,NULL,NULL,NULL,NULL,NULL,NULL,NULL,NULL,NULL,NULL,NULL
冰岛,2.2,25.6,3.1,54417,53586,NULL,78.6,154,81.1,81.1,NULL,NULL,48.2,0.38,NULL,67,67,7000,3.1,-1.3,8.5,577,321,9.51,600,NULL,NULL,NULL,NULL,NULL,NULL,NULL,NULL,NULL,NULL,NULL,NULL,NULL,NULL,NULL,NULL,NULL,NULL,NULL,NULL,NULL,NULL,NULL,NULL,NULL,NULL,NULL,NULL,NULL,NULL,NULL,NULL,NULL,NULL,NULL,NULL,NULL,NULL,NULL,NULL,NULL,NULL,NULL,NULL,NULL,NULL,NULL,NULL,NULL,NULL,NULL,NULL,NULL,NULL,NULL,NULL,NULL,NULL,NULL,NULL,NULL,NULL,NULL,NULL,NULL,NULL,NULL,NULL
波黑,1.4,23.37,2.6,5862,15667,NULL,NULL,NULL,NULL,NULL,NULL,NULL,NULL,3.46,NULL,NULL,NULL,354323,29.54,NULL,NULL,122,NULL,NULL,NULL,NULL,22,NULL,NULL,NULL,NULL,NULL,NULL,NULL,NULL,0.54,NULL,3.91,NULL,NULL,NULL,27,-0.3,24.8,NULL,NULL,NULL,-2.1,1.49,NULL,0,NULL,NULL,NULL,NULL,NULL,NULL,NULL,NULL,NULL,NULL,NULL,34,NULL,-0.3,NULL,1.9,NULL,NULL,10,10,17,NULL,NULL,NULL,NULL,1.46,NULL,NULL,NULL,15,401914,16296,59.53,1924950,NULL,NULL,NULL,NULL,NULL,NULL,NULL,10.66
波兰,-2.4,679,2,15850,34916,0.8,71.8,15508,58.2,58.2,131,0.8,840,37.65,123,65,60,866,5.5,13.6,12.1,244,140,12,NULL,121,24,141,17.2,121,NULL,NULL,149,18.4,3.5,6.25,6.8,6.75,NULL,119,665,71,-1.8,53.8,44.2,13711,17,-0.7,229,99.6,0,NULL,452,0.2,86.8,167,115,NULL,-14,77.5,38525,NULL,55,14851,-1.2,48.5,-0.9,3.5,NULL,19,32,23,35.85,22.14,13.71,-36,1.51,28.6,55.79,NULL,-5,6462369,119170,145,57929508,6.17,32.56,4.35,2.58,5.14,NULL,643,8.75
丹麦,0.9,398,1.5,58360,57963,0.4,69,2157,72.2,72.2,112,0.3,726,5.87,111,67,67,68.9,2.3,NULL,11.2,118,115,6.7,NULL,137,14.8,118,8.3,120,NULL,NULL,150,8.6,NULL,NULL,3.03,2.6,2.75,266,205,100,3.6,36.7,51,5391,65,8.8,66.55,114,0.29,NULL,67,3.9,59.2,137,124,508,-15,81.5,11633,NULL,90,3533,18.9,44.1,19.6,4.5,NULL,22,56,25,0,0,0,-25.1,2.15,86.9,207,12.95,-6.2,3405024,8330,223,13132885,2.57,NULL,2.47,4.45,11.45,NULL,NULL,8.92
德国,-0.4,4260,0.9,42726,53180,0.2,77.3,29717,79.8,79.8,120,0.9,11748,84.3,99,65.83,65.83,2509,5.5,-5.7,5.7,115,110,5.68,114,NULL,NULL,NULL,NULL,NULL,NULL,NULL,NULL,NULL,NULL,NULL,NULL,NULL,NULL,NULL,NULL,NULL,NULL,NULL,NULL,NULL,NULL,NULL,NULL,NULL,NULL,NULL,NULL,NULL,NULL,NULL,NULL,NULL,NULL,NULL,NULL,NULL,NULL,NULL,NULL,NULL,NULL,NULL,NULL,NULL,NULL,NULL,NULL,NULL,NULL,NULL,NULL,NULL,NULL,NULL,NULL,NULL,NULL,NULL,NULL,NULL,NULL,NULL,NULL,NULL,NULL,NULL,NULL
法国,0.1,2958,0.5,38046,44993,0.3,68.3,23297,73.6,73.6,114,1.9,4559,67.84,101,62,62,2809,7.2,0.9,17.4,116,113,6.1,125,NULL,NULL,NULL,NULL,NULL,NULL,NULL,NULL,NULL,NULL,NULL,NULL,NULL,NULL,NULL,NULL,NULL,NULL,NULL,NULL,NULL,NULL,NULL,NULL,NULL,NULL,NULL,NULL,NULL,NULL,NULL,NULL,NULL,NULL,NULL,NULL,NULL,NULL,NULL,NULL,NULL,NULL,NULL,NULL,NULL,NULL,NULL,NULL,NULL,NULL,NULL,NULL,NULL,NULL,NULL,NULL,NULL,NULL,NULL,NULL,NULL,NULL,NULL,NULL,NULL,NULL,NULL,NULL
芬兰,-0.6,297,0,46297,48753,1.2,71.9,2057,67.1,67.1,110,1.4,449,5.55,106,64,64,186,6.7,5.7,13.2,119,111,5,179,NULL,NULL,NULL,NULL,NULL,NULL,NULL,NULL,NULL,NULL,NULL,NULL,NULL,NULL,NULL,NULL,NULL,NULL,NULL,NULL,NULL,NULL,NULL,NULL,NULL,NULL,NULL,NULL,NULL,NULL,NULL,NULL,NULL,NULL,NULL,NULL,NULL,NULL,NULL,NULL,NULL,NULL,NULL,NULL,NULL,NULL,NULL,NULL,NULL,NULL,NULL,NULL,NULL,NULL,NULL,NULL,NULL,NULL,NULL,NULL,NULL,NULL,NULL,NULL,NULL,NULL,NULL,NULL
荷兰,0.6,1013,3,48302,56617,0.7,82.2,5277,75.6,75.6,114,0.6,3958,17.59,104,66.58,66.58,356,3.5,4.89,7.8,124,118,6.7,129,NULL,NULL,NULL,NULL,NULL,NULL,NULL,NULL,NULL,NULL,NULL,NULL,NULL,NULL,NULL,NULL,NULL,NULL,NULL,NULL,NULL,NULL,NULL,NULL,NULL,NULL,NULL,NULL,NULL,NULL,NULL,NULL,NULL,NULL,NULL,NULL,NULL,NULL,NULL,NULL,NULL,NULL,NULL,NULL,NULL,NULL,NULL,NULL,NULL,NULL,NULL,NULL,NULL,NULL,NULL,NULL,NULL,NULL,NULL,NULL,NULL,NULL,NULL,NULL,NULL,NULL,NULL,NULL
捷克共和国,-0.4,282,0.2,20084,40741,-0.4,75.8,4730,60,60,132,0.6,310,10.5,108,63.83,63.83,282508,3.9,-6.7,7.1,147,101,12.06,162,NULL,NULL,NULL,NULL,NULL,NULL,NULL,NULL,NULL,NULL,NULL,NULL,NULL,NULL,NULL,NULL,NULL,NULL,NULL,NULL,NULL,NULL,NULL,NULL,NULL,NULL,NULL,NULL,NULL,NULL,NULL,NULL,NULL,NULL,NULL,NULL,NULL,NULL,NULL,NULL,NULL,NULL,NULL,NULL,NULL,NULL,NULL,NULL,NULL,NULL,NULL,NULL,NULL,NULL,NULL,NULL,NULL,NULL,NULL,NULL,NULL,NULL,NULL,NULL,NULL,NULL,NULL,NULL
克罗地亚,0.9,68.96,4,15166,31636,0.5,65.6,1594,52.5,52.5,110,2.6,86,3.85,99.5,65,63.25,122369,7.2,8.28,18,122,122,12.4,119,NULL,NULL,NULL,NULL,NULL,NULL,NULL,NULL,NULL,NULL,NULL,NULL,NULL,NULL,NULL,NULL,NULL,NULL,NULL,NULL,NULL,NULL,NULL,NULL,NULL,NULL,NULL,NULL,NULL,NULL,NULL,NULL,NULL,NULL,NULL,NULL,NULL,NULL,NULL,NULL,NULL,NULL,NULL,NULL,NULL,NULL,NULL,NULL,NULL,NULL,NULL,NULL,NULL,NULL,NULL,NULL,NULL,NULL,NULL,NULL,NULL,NULL,NULL,NULL,NULL,NULL,NULL,NULL
拉脱维亚,0,39.85,0.3,16610,32081,-0.5,64,787,68.5,68.5,146,1.8,55,1.88,119,64.25,64.25,55285,6.7,NULL,17.5,143,124,11.1,171,NULL,NULL,NULL,NULL,NULL,NULL,NULL,NULL,NULL,NULL,NULL,NULL,NULL,NULL,NULL,NULL,NULL,NULL,NULL,NULL,NULL,NULL,NULL,NULL,NULL,NULL,NULL,NULL,NULL,NULL,NULL,NULL,NULL,NULL,NULL,NULL,NULL,NULL,NULL,NULL,NULL,NULL,NULL,NULL,NULL,NULL,NULL,NULL,NULL,NULL,NULL,NULL,NULL,NULL,NULL,NULL,NULL,NULL,NULL,NULL,NULL,NULL,NULL,NULL,NULL,NULL,NULL,NULL
立陶宛,-1.7,66.45,-0.4,18234,39306,-0.5,72.8,1266,62.5,62.5,182,2.4,80.6,2.81,118,64.33,63.67,160,9.1,NULL,13.7,152,135,12.1,195,NULL,NULL,NULL,NULL,NULL,NULL,NULL,NULL,NULL,NULL,NULL,NULL,NULL,NULL,NULL,NULL,NULL,NULL,NULL,NULL,NULL,NULL,NULL,NULL,NULL,NULL,NULL,NULL,NULL,NULL,NULL,NULL,NULL,NULL,NULL,NULL,NULL,NULL,NULL,NULL,NULL,NULL,NULL,NULL,NULL,NULL,NULL,NULL,NULL,NULL,NULL,NULL,NULL,NULL,NULL,NULL,NULL,NULL,NULL,NULL,NULL,NULL,NULL,NULL,NULL,NULL,NULL,NULL
卢森堡,-3.8,85.51,-2.2,107792,115683,0.8,69.6,252,61.4,61.4,115,1.4,55.5,0.65,93.42,65,65,15650,4.8,NULL,18.9,119,117,4.79,120,NULL,NULL,NULL,NULL,NULL,NULL,NULL,NULL,NULL,NULL,NULL,NULL,NULL,NULL,NULL,NULL,NULL,NULL,NULL,NULL,NULL,NULL,NULL,NULL,NULL,NULL,NULL,NULL,NULL,NULL,NULL,NULL,NULL,NULL,NULL,NULL,NULL,NULL,NULL,NULL,NULL,NULL,NULL,NULL,NULL,NULL,NULL,NULL,NULL,NULL,NULL,NULL,NULL,NULL,NULL,NULL,NULL,NULL,NULL,NULL,NULL,NULL,NULL,NULL,NULL,NULL,NULL,NULL
罗马尼亚,1,284,4.6,11542,30777,0.3,62.8,7446,66.7,66.7,138,2,259,19.04,131,65,61.92,242,5.6,13.3,22.9,101,124,8.9,NULL,NULL,22.35,138,13.4,NULL,NULL,NULL,202,24.02,5,6,6.7,7,8,NULL,485,55,-7.1,48.8,39.9,5563,60,-7,104,NULL,1.06,121743,NULL,18.4,95.3,143,NULL,NULL,-1.2,72,111139,NULL,46,5125,-6.1,NULL,-4.6,0.8,NULL,16,10,19,37.25,2.25,35,NULL,1.41,NULL,NULL,NULL,5.3,3352356,67821,85.6,16827486,NULL,NULL,NULL,NULL,NULL,NULL,693,10.35
马耳他,1.2,17.36,4.7,27891,44659,1.6,78.5,252,80.9,80.9,132,0.9,31.7,0.52,104,63,63,1072,2.9,NULL,9.6,114,NULL,NULL,123,NULL,NULL,NULL,NULL,NULL,NULL,NULL,NULL,NULL,NULL,NULL,NULL,NULL,NULL,NULL,NULL,NULL,NULL,NULL,NULL,NULL,NULL,NULL,NULL,NULL,NULL,NULL,NULL,NULL,NULL,NULL,NULL,NULL,NULL,NULL,NULL,NULL,NULL,NULL,NULL,NULL,NULL,NULL,NULL,NULL,NULL,NULL,NULL,NULL,NULL,NULL,NULL,NULL,NULL,NULL,NULL,NULL,NULL,NULL,NULL,NULL,NULL,NULL,NULL,NULL,NULL,NULL,NULL
摩尔多瓦,2.9,13.68,-10.6,3695,14009,NULL,40.5,42.4,NULL,42.4,NULL,NULL,NULL,2.6,NULL,63,60,23,4.6,NULL,13.2,3933,NULL,16.3,NULL,NULL,26.47,NULL,NULL,NULL,NULL,NULL,207,26,34,12,NULL,14,16,NULL,NULL,25,-1.9,32.1,NULL,52.3,NULL,-11.6,NULL,NULL,0,40290,NULL,NULL,NULL,NULL,NULL,NULL,NULL,NULL,NULL,NULL,39,NULL,-7.5,NULL,-5.5,-33.4,NULL,12,12,20,33,24,9,NULL,NULL,NULL,NULL,NULL,-5.6,613886,12025,69.62,2278699,NULL,NULL,NULL,NULL,NULL,NULL,586,10.94
挪威,0.2,482,1.3,77513,65662,0.4,69.9,2051,72.4,72.4,138,0.6,673,5.43,112,62,62,59985,3.1,5.17,10,127,122,5.9,132,NULL,NULL,NULL,NULL,NULL,NULL,NULL,NULL,NULL,NULL,NULL,NULL,NULL,NULL,NULL,NULL,NULL,NULL,NULL,NULL,NULL,NULL,NULL,NULL,NULL,NULL,NULL,NULL,NULL,NULL,NULL,NULL,NULL,NULL,NULL,NULL,NULL,NULL,NULL,NULL,NULL,NULL,NULL,NULL,NULL,NULL,NULL,NULL,NULL,NULL,NULL,NULL,NULL,NULL,NULL,NULL,NULL,NULL,NULL,NULL,NULL,NULL,NULL,NULL,NULL,NULL,NULL,NULL
欧元区,0,14563,1.8,36362,46314,0.3,NULL,120744,74.9,74.9,125,2.6,30980,343,105,64.99,64.74,11169,6.7,5.1,14.4,121,113,5.6,132,NULL,NULL,NULL,NULL,NULL,NULL,NULL,NULL,NULL,NULL,NULL,NULL,NULL,NULL,NULL,NULL,NULL,NULL,NULL,NULL,NULL,NULL,NULL,NULL,NULL,NULL,NULL,NULL,NULL,NULL,NULL,NULL,NULL,NULL,NULL,NULL,NULL,NULL,NULL,NULL,NULL,NULL,NULL,NULL,NULL,NULL,NULL,NULL,NULL,NULL,NULL,NULL,NULL,NULL,NULL,NULL,NULL,NULL,NULL,NULL,NULL,NULL,NULL,NULL,NULL,NULL,NULL,NULL
欧洲联盟,-0.1,17177,1.7,32829,44138,0.4,NULL,163672,74.8,74.8,115,2.3,34426,447,106,62.54,64.46,13227,6.1,5.4,14.4,125,116,6.55,136,NULL,NULL,NULL,NULL,NULL,NULL,NULL,NULL,NULL,NULL,NULL,NULL,NULL,NULL,NULL,NULL,NULL,NULL,NULL,NULL,NULL,NULL,NULL,NULL,NULL,NULL,NULL,NULL,NULL,NULL,NULL,NULL,NULL,NULL,NULL,NULL,NULL,NULL,NULL,NULL,NULL,NULL,NULL,NULL,NULL,NULL,NULL,NULL,NULL,NULL,NULL,NULL,NULL,NULL,NULL,NULL,NULL,NULL,NULL,NULL,NULL,NULL,NULL,NULL,NULL,NULL,NULL,NULL
葡萄牙,0.3,254,3.2,20831,33675,-0.8,56.4,4516,60.2,60.2,127,2.5,386,10.35,109,66.58,66.58,382,6.5,12.9,20.5,116,114,7.21,122,NULL,NULL,NULL,NULL,NULL,NULL,NULL,NULL,NULL,NULL,NULL,NULL,NULL,NULL,NULL,NULL,NULL,NULL,NULL,NULL,NULL,NULL,NULL,NULL,NULL,NULL,NULL,NULL,NULL,NULL,NULL,NULL,NULL,NULL,NULL,NULL,NULL,NULL,NULL,NULL,NULL,NULL,NULL,NULL,NULL,NULL,NULL,NULL,NULL,NULL,NULL,NULL,NULL,NULL,NULL,NULL,NULL,NULL,NULL,NULL,NULL,NULL,NULL,NULL,NULL,NULL,NULL,NULL
瑞典,-0.9,636,-0.9,54262,53613,0.3,68.2,3972,74.2,74.2,151,1.7,1010,10.45,106,62,62,459,8.2,3.1,23.7,396,254,9.4,528,NULL,NULL,NULL,NULL,NULL,NULL,NULL,NULL,NULL,NULL,NULL,NULL,NULL,NULL,NULL,NULL,NULL,NULL,NULL,NULL,NULL,NULL,NULL,NULL,NULL,NULL,NULL,NULL,NULL,NULL,NULL,NULL,NULL,NULL,NULL,NULL,NULL,NULL,NULL,NULL,NULL,NULL,NULL,NULL,NULL,NULL,NULL,NULL,NULL,NULL,NULL,NULL,NULL,NULL,NULL,NULL,NULL,NULL,NULL,NULL,NULL,NULL,NULL,NULL,NULL,NULL,NULL,NULL
瑞士,0,801,0.7,87340,71033,0.2,79.9,2845,83.5,83.5,NULL,1.4,1734,8.74,106,65,64,98452,2.1,1.1,0.9,106,104,2.4,109,NULL,NULL,NULL,NULL,NULL,NULL,NULL,NULL,NULL,NULL,NULL,NULL,NULL,NULL,NULL,NULL,NULL,NULL,NULL,NULL,NULL,NULL,NULL,NULL,NULL,NULL,NULL,NULL,NULL,NULL,NULL,NULL,NULL,NULL,NULL,NULL,NULL,NULL,NULL,NULL,NULL,NULL,NULL,NULL,NULL,NULL,NULL,NULL,NULL,NULL,NULL,NULL,NULL,NULL,NULL,NULL,NULL,NULL,NULL,NULL,NULL,NULL,NULL,NULL,NULL,NULL,NULL,NULL
塞尔维亚,-0.7,63.08,0.4,7114,19831,NULL,50.8,55.8,NULL,55.8,93.72,NULL,NULL,6.8,NULL,65,63.33,427,9.2,12.8,18.7,257,NULL,NULL,293,NULL,NULL,NULL,NULL,NULL,NULL,NULL,NULL,NULL,NULL,NULL,NULL,NULL,NULL,NULL,NULL,NULL,NULL,NULL,NULL,NULL,NULL,NULL,NULL,NULL,NULL,NULL,NULL,NULL,NULL,NULL,NULL,NULL,NULL,NULL,NULL,NULL,NULL,NULL,NULL,NULL,NULL,NULL,NULL,NULL,NULL,NULL,NULL,NULL,NULL,NULL,NULL,NULL,NULL,NULL,NULL,NULL,NULL,NULL,NULL,NULL,NULL,NULL,NULL,NULL,NULL,NULL,NULL
塞浦路斯,1.1,28.41,4.5,28329,41702,0.7,73.1,400,65.5,65.5,119,2.3,40.1,0.9,110,65,65,33922,7.4,5.3,18.7,113,NULL,NULL,142,NULL,NULL,NULL,NULL,NULL,NULL,NULL,NULL,NULL,NULL,NULL,NULL,NULL,NULL,NULL,NULL,NULL,NULL,NULL,NULL,NULL,NULL,NULL,NULL,NULL,NULL,NULL,NULL,NULL,NULL,NULL,NULL,NULL,NULL,NULL,NULL,NULL,NULL,NULL,NULL,NULL,NULL,NULL,NULL,NULL,NULL,NULL,NULL,NULL,NULL,NULL,NULL,NULL,NULL,NULL,NULL,NULL,NULL,NULL,NULL,NULL,NULL,NULL,NULL,NULL,NULL,NULL,NULL
斯洛伐克,0.3,115,1.1,18181,31498,0.2,71.8,2500,94,94,151,4.1,76.1,5.43,114,64,64,160953,5.76,-7.6,20.8,224,162,16.6,326,NULL,NULL,NULL,NULL,NULL,NULL,NULL,NULL,NULL,NULL,NULL,NULL,NULL,NULL,NULL,NULL,NULL,NULL,NULL,NULL,NULL,NULL,NULL,NULL,NULL,NULL,NULL,NULL,NULL,NULL,NULL,NULL,NULL,NULL,NULL,NULL,NULL,NULL,NULL,NULL,NULL,NULL,NULL,NULL,NULL,NULL,NULL,NULL,NULL,NULL,NULL,NULL,NULL,NULL,NULL,NULL,NULL,NULL,NULL,NULL,NULL,NULL,NULL,NULL,NULL,NULL,NULL,NULL
斯洛文尼亚,0.8,61.75,0.2,24745,40036,0.1,73,886,58.3,58.3,142,1.3,76.6,2.11,114,60,60,53404,5.4,4.62,9.3,122,121,9.7,135,NULL,NULL,NULL,NULL,NULL,NULL,NULL,NULL,NULL,NULL,NULL,NULL,NULL,NULL,NULL,NULL,NULL,NULL,NULL,NULL,NULL,NULL,NULL,NULL,NULL,NULL,NULL,NULL,NULL,NULL,NULL,NULL,NULL,NULL,NULL,NULL,NULL,NULL,NULL,NULL,NULL,NULL,NULL,NULL,NULL,NULL,NULL,NULL,NULL,NULL,NULL,NULL,NULL,NULL,NULL,NULL,NULL,NULL,NULL,NULL,NULL,NULL,NULL,NULL,NULL,NULL,NULL,NULL
土耳其,0.9,819,3.5,13342,31467,NULL,48.9,54.1,NULL,54.1,558,3.5,NULL,84.68,NULL,60,58,3424,9.7,NULL,20.2,1241,939,50.58,1292,NULL,NULL,NULL,NULL,NULL,NULL,NULL,NULL,NULL,NULL,NULL,NULL,NULL,NULL,NULL,NULL,NULL,NULL,NULL,NULL,NULL,NULL,NULL,NULL,NULL,NULL,NULL,NULL,NULL,NULL,NULL,NULL,NULL,NULL,NULL,NULL,NULL,NULL,NULL,NULL,NULL,NULL,NULL,NULL,NULL,NULL,NULL,NULL,NULL,NULL,NULL,NULL,NULL,NULL,NULL,NULL,NULL,NULL,NULL,NULL,NULL,NULL,NULL,NULL,NULL,NULL,NULL,NULL
乌克兰,-4.7,200,-31.4,2452,12944,NULL,65.3,61.8,NULL,61.8,NULL,NULL,NULL,41,NULL,60,60,150,10.6,18.16,NULL,339,123,22.7,NULL,90.9,31.8,NULL,NULL,128,NULL,NULL,678,53.31,NULL,10.8,11.31,25,NULL,NULL,NULL,16,-3.4,48.9,NULL,5943,0,-1.3,27.06,70.9,2.3,NULL,50,NULL,NULL,NULL,NULL,NULL,83.5,NULL,NULL,NULL,33,NULL,-39.8,NULL,-40.3,-27.1,NULL,18,18,20,22,22,0,86.5,2.47,NULL,NULL,NULL,-21.5,5019125,111457,79.77,31668577,NULL,NULL,NULL,NULL,NULL,NULL,624,9.38
西班牙,0.2,1427,2.7,26126,37913,0.4,50.99,17682,58.52,58.52,119,4.7,2782,47.43,102,66.17,66.17,2911,12.87,4.72,29.6,111,109,7.6,106,NULL,NULL,NULL,NULL,NULL,NULL,NULL,NULL,NULL,NULL,NULL,NULL,NULL,NULL,NULL,NULL,NULL,NULL,NULL,NULL,NULL,NULL,NULL,NULL,NULL,NULL,NULL,NULL,NULL,NULL,NULL,NULL,NULL,NULL,NULL,NULL,NULL,NULL,NULL,NULL,NULL,NULL,NULL,NULL,NULL,NULL,NULL,NULL,NULL,NULL,NULL,NULL,NULL,NULL,NULL,NULL,NULL,NULL,NULL,NULL,NULL,NULL,NULL,NULL,NULL,NULL,NULL,NULL
希腊,1.4,215,5.2,18908,29548,0.6,88.77,3799,51.9,51.9,98.82,7.4,337,10.6,96.92,67,67,511,10.8,NULL,28.1,112,105,6.6,121,NULL,NULL,NULL,NULL,NULL,NULL,NULL,NULL,NULL,NULL,NULL,NULL,NULL,NULL,NULL,NULL,NULL,NULL,NULL,NULL,NULL,NULL,NULL,NULL,NULL,NULL,NULL,NULL,NULL,NULL,NULL,NULL,NULL,NULL,NULL,NULL,NULL,NULL,NULL,NULL,NULL,NULL,NULL,NULL,NULL,NULL,NULL,NULL,NULL,NULL,NULL,NULL,NULL,NULL,NULL,NULL,NULL,NULL,NULL,NULL,NULL,NULL,NULL,NULL,NULL,NULL,NULL,NULL
匈牙利,-0.4,182,0.4,15519,33593,-0.1,64.35,4394,67.03,67.03,157,1.3,194,9.69,116,65,65,196200,4,17.9,11.1,1886,574,25.2,NULL,120,45.8,158,25.8,123,NULL,NULL,195,35,5,12.5,16.31,13,25,154,5,60,-6.1,73.5,47.9,2777,17,-2.9,94.49,97.64,0,NULL,NULL,-3.6,91.7,256,173,NULL,-6.4,78.7,9747,NULL,42,2789,-0.2,56.5,1.2,-16.6,NULL,9,15,27,31.5,13,18.5,-51.9,1.71,19.2,35.93,15.1,-4.5,2196774,48677,168,16701238,6.75,16.68,4.21,NULL,NULL,NULL,557,11.57
意大利,-0.1,2108,1.4,31506,41929,0.3,60.8,14798,66.1,66.1,108,4.3,3505,58.98,NULL,67,67,1999,7.9,2.1,22.9,119,112,6.38,163,NULL,NULL,NULL,NULL,NULL,NULL,NULL,NULL,NULL,NULL,NULL,NULL,NULL,NULL,NULL,NULL,NULL,NULL,NULL,NULL,NULL,NULL,NULL,NULL,NULL,NULL,NULL,NULL,NULL,NULL,NULL,NULL,NULL,NULL,NULL,NULL,NULL,NULL,NULL,NULL,NULL,NULL,NULL,NULL,NULL,NULL,NULL,NULL,NULL,NULL,NULL,NULL,NULL,NULL,NULL,NULL,NULL,NULL,NULL,NULL,NULL,NULL,NULL,NULL,NULL,NULL,NULL,NULL
英国,0,3131,0.4,45102,44979,NULL,75.7,24504,78.7,78.7,112,NULL,8335,67.53,102,66,66,1498,3.7,5.7,10.8,126,121,5.8,143,NULL,NULL,NULL,NULL,NULL,NULL,NULL,NULL,NULL,NULL,NULL,NULL,NULL,NULL,NULL,NULL,NULL,NULL,NULL,NULL,NULL,NULL,NULL,NULL,NULL,NULL,NULL,NULL,NULL,NULL,NULL,NULL,NULL,NULL,NULL,NULL,NULL,NULL,NULL,NULL,NULL,NULL,NULL,NULL,NULL,NULL,NULL,NULL,NULL,NULL,NULL,NULL,NULL,NULL,NULL,NULL,NULL,NULL,NULL,NULL,NULL,NULL,NULL,NULL,NULL,NULL,NULL,NULL
阿根廷,1.7,487,5.9,12402,21527,NULL,44.2,47.6,NULL,47.6,NULL,NULL,NULL,46.24,NULL,NULL,NULL,989,7.1,4.54,NULL,1283,1309,NULL,NULL,NULL,NULL,NULL,NULL,NULL,NULL,NULL,NULL,NULL,NULL,NULL,NULL,NULL,NULL,NULL,NULL,NULL,NULL,NULL,NULL,NULL,NULL,NULL,NULL,NULL,NULL,NULL,NULL,NULL,NULL,NULL,NULL,NULL,NULL,NULL,NULL,NULL,NULL,NULL,NULL,NULL,NULL,NULL,NULL,NULL,NULL,NULL,NULL,NULL,NULL,NULL,NULL,NULL,NULL,NULL,NULL,NULL,NULL,NULL,NULL,NULL,NULL,NULL,NULL,NULL,NULL,NULL,NULL
巴拉圭,1.8,39.5,2.8,6265,13688,NULL,NULL,NULL,NULL,NULL,NULL,NULL,NULL,7.35,NULL,NULL,NULL,238352,6.3,NULL,NULL,127,125,NULL,NULL,NULL,NULL,NULL,NULL,NULL,NULL,NULL,NULL,NULL,NULL,NULL,NULL,NULL,NULL,NULL,NULL,NULL,NULL,NULL,NULL,NULL,NULL,NULL,NULL,NULL,NULL,NULL,NULL,NULL,NULL,NULL,NULL,NULL,NULL,NULL,NULL,NULL,NULL,NULL,NULL,NULL,NULL,NULL,NULL,NULL,NULL,NULL,NULL,NULL,NULL,NULL,NULL,NULL,NULL,NULL,NULL,NULL,NULL,NULL,NULL,NULL,NULL,NULL,NULL,NULL,NULL,NULL,NULL
巴西,-0.2,1609,1.9,8538,14592,NULL,56.7,61.9,NULL,61.9,96.98,NULL,NULL,215,96.98,65,61.5,9,8.4,NULL,NULL,6563,NULL,7.62,NULL,124,9.84,NULL,NULL,117,NULL,0.29,NULL,NULL,NULL,NULL,NULL,NULL,NULL,NULL,NULL,NULL,NULL,NULL,NULL,NULL,NULL,NULL,NULL,NULL,NULL,NULL,NULL,NULL,NULL,NULL,NULL,NULL,NULL,NULL,NULL,NULL,NULL,NULL,NULL,NULL,NULL,NULL,NULL,NULL,NULL,NULL,NULL,NULL,NULL,NULL,NULL,NULL,NULL,NULL,NULL,NULL,NULL,NULL,NULL,NULL,NULL,NULL,NULL,NULL,NULL,NULL,NULL
伯利兹,3.5,2.49,12.8,5733,8763,NULL,NULL,NULL,NULL,NULL,NULL,NULL,NULL,0.43,NULL,NULL,NULL,19.85,10.2,NULL,NULL,112,NULL,NULL,NULL,NULL,15.3,NULL,NULL,NULL,NULL,NULL,NULL,NULL,NULL,2.22,NULL,2.25,NULL,NULL,NULL,17,-3.3,74.5,NULL,21.8,1.1,-9.2,NULL,NULL,NULL,401762,NULL,NULL,NULL,NULL,NULL,NULL,NULL,NULL,NULL,NULL,NULL,NULL,NULL,NULL,NULL,NULL,NULL,NULL,NULL,12.5,NULL,NULL,NULL,NULL,NULL,NULL,NULL,NULL,NULL,70782,NULL,NULL,NULL,NULL,NULL,NULL,NULL,NULL,NULL,NULL,NULL
多明尼加共和国,-1.18,94.24,5.4,8411,18626,NULL,60.6,63.6,NULL,63.6,NULL,NULL,NULL,10.62,NULL,NULL,NULL,NULL,4.8,NULL,NULL,123,119,NULL,NULL,NULL,NULL,NULL,NULL,NULL,NULL,NULL,NULL,NULL,NULL,NULL,NULL,NULL,NULL,NULL,NULL,NULL,NULL,NULL,NULL,NULL,NULL,NULL,NULL,NULL,NULL,NULL,NULL,NULL,NULL,NULL,NULL,NULL,NULL,NULL,NULL,NULL,NULL,NULL,NULL,NULL,NULL,NULL,NULL,NULL,NULL,NULL,NULL,NULL,NULL,NULL,NULL,NULL,NULL,NULL,NULL,NULL,NULL,NULL,NULL,NULL,NULL,NULL,NULL,NULL,NULL,NULL,NULL
厄瓜多尔,1.67,106,3.2,5492,10669,NULL,42.9,65.7,NULL,65.7,NULL,NULL,NULL,17.73,NULL,NULL,NULL,NULL,3.2,NULL,NULL,110,NULL,NULL,NULL,NULL,5.23,NULL,NULL,NULL,NULL,NULL,112,3.74,NULL,4.16,4.5,8.96,NULL,NULL,NULL,20,-8.9,59,NULL,2417,489,2.9,33.78,NULL,2.77,NULL,NULL,NULL,NULL,NULL,NULL,NULL,1694,NULL,NULL,NULL,36,NULL,NULL,NULL,30.32,NULL,NULL,25,37,12,21.6,12.15,9.45,36.5,NULL,NULL,NULL,NULL,NULL,1057608,NULL,NULL,NULL,NULL,NULL,NULL,NULL,NULL,NULL,NULL,NULL
哥伦比亚,0.7,314,2.9,6418,14649,NULL,54.7,63.4,NULL,63.4,NULL,NULL,NULL,51.41,NULL,NULL,NULL,3413,13.7,NULL,NULL,130,127,NULL,NULL,NULL,NULL,NULL,NULL,NULL,NULL,NULL,NULL,NULL,NULL,NULL,NULL,NULL,NULL,NULL,NULL,NULL,NULL,NULL,NULL,NULL,NULL,NULL,NULL,NULL,NULL,NULL,NULL,NULL,NULL,NULL,NULL,NULL,NULL,NULL,NULL,NULL,NULL,NULL,NULL,NULL,NULL,NULL,NULL,NULL,NULL,NULL,NULL,NULL,NULL,NULL,NULL,NULL,NULL,NULL,NULL,NULL,NULL,NULL,NULL,NULL,NULL,NULL,NULL,NULL,NULL,NULL,NULL
哥斯达黎加,-0.2,64.28,3.3,12894,21199,NULL,52.75,59.7,NULL,59.7,NULL,NULL,NULL,5.21,NULL,NULL,NULL,287085,11.7,NULL,NULL,111,108,NULL,NULL,NULL,NULL,NULL,NULL,NULL,NULL,NULL,NULL,NULL,NULL,NULL,NULL,NULL,NULL,NULL,NULL,NULL,NULL,NULL,NULL,NULL,NULL,NULL,NULL,NULL,NULL,NULL,NULL,NULL,NULL,NULL,NULL,NULL,NULL,NULL,NULL,NULL,NULL,NULL,NULL,NULL,NULL,NULL,NULL,NULL,NULL,NULL,NULL,NULL,NULL,NULL,NULL,NULL,NULL,NULL,NULL,NULL,NULL,NULL,NULL,NULL,NULL,NULL,NULL,NULL,NULL,NULL,NULL
洪都拉斯,0.9,28.49,2.6,2428,5572,NULL,NULL,NULL,NULL,NULL,NULL,NULL,NULL,9.45,NULL,NULL,NULL,NULL,8.6,NULL,NULL,411,410,NULL,NULL,NULL,NULL,NULL,NULL,NULL,NULL,NULL,NULL,NULL,NULL,NULL,NULL,NULL,NULL,NULL,NULL,NULL,NULL,NULL,NULL,NULL,NULL,NULL,NULL,NULL,NULL,NULL,NULL,NULL,NULL,NULL,NULL,NULL,NULL,NULL,NULL,NULL,NULL,NULL,NULL,NULL,NULL,NULL,NULL,NULL,NULL,NULL,NULL,NULL,NULL,NULL,NULL,NULL,NULL,NULL,NULL,NULL,NULL,NULL,NULL,NULL,NULL,NULL,NULL,NULL,NULL,NULL,NULL
加拿大,0,1988,2.07,43936,47893,NULL,62.4,31.1,65.7,65.7,129,NULL,-9.3,38.93,108,65,65,1066,5,3.4,9.9,154,150,NULL,NULL,NULL,NULL,NULL,NULL,NULL,NULL,NULL,NULL,NULL,NULL,NULL,NULL,NULL,NULL,NULL,NULL,NULL,NULL,NULL,NULL,NULL,NULL,NULL,NULL,NULL,NULL,NULL,NULL,NULL,NULL,NULL,NULL,NULL,NULL,NULL,NULL,NULL,NULL,NULL,NULL,NULL,NULL,NULL,NULL,NULL,NULL,NULL,NULL,NULL,NULL,NULL,NULL,NULL,NULL,NULL,NULL,NULL,NULL,NULL,NULL,NULL,NULL,NULL,NULL,NULL,NULL,NULL,NULL
美国,2.7,23315,0.9,61856,63670,NULL,60.2,133184,62.5,62.5,129,0.64,27089,334,113,66.33,66.33,5936,3.6,7.86,8.1,301,304,NULL,NULL,NULL,NULL,NULL,NULL,NULL,NULL,NULL,NULL,NULL,NULL,NULL,NULL,NULL,NULL,NULL,NULL,NULL,NULL,NULL,NULL,NULL,NULL,NULL,NULL,NULL,NULL,NULL,NULL,NULL,NULL,NULL,NULL,NULL,NULL,NULL,NULL,NULL,NULL,NULL,NULL,NULL,NULL,NULL,NULL,NULL,NULL,NULL,NULL,NULL,NULL,NULL,NULL,NULL,NULL,NULL,NULL,NULL,NULL,NULL,NULL,NULL,NULL,NULL,NULL,NULL,NULL,NULL,NULL
秘鲁,3.5,223,1.7,6437,12515,NULL,92.7,NULL,NULL,NULL,NULL,NULL,NULL,32.78,NULL,NULL,NULL,404,7.3,NULL,NULL,109,107,NULL,NULL,NULL,NULL,NULL,NULL,NULL,NULL,NULL,NULL,NULL,NULL,NULL,NULL,NULL,NULL,NULL,NULL,NULL,NULL,NULL,NULL,NULL,NULL,NULL,NULL,NULL,NULL,NULL,NULL,NULL,NULL,NULL,NULL,NULL,NULL,NULL,NULL,NULL,NULL,NULL,NULL,NULL,NULL,NULL,NULL,NULL,NULL,NULL,NULL,NULL,NULL,NULL,NULL,NULL,NULL,NULL,NULL,NULL,NULL,NULL,NULL,NULL,NULL,NULL,NULL,NULL,NULL,NULL,NULL
墨西哥,0.5,1273,3.6,9525,19086,NULL,97,60.3,NULL,60.3,113,NULL,NULL,126,99.2,65,65,1796103,3,NULL,NULL,128,127,NULL,NULL,NULL,NULL,NULL,NULL,NULL,NULL,NULL,NULL,NULL,NULL,NULL,NULL,NULL,NULL,NULL,NULL,NULL,NULL,NULL,NULL,NULL,NULL,NULL,NULL,NULL,NULL,NULL,NULL,NULL,NULL,NULL,NULL,NULL,NULL,NULL,NULL,NULL,NULL,NULL,NULL,NULL,NULL,NULL,NULL,NULL,NULL,NULL,NULL,NULL,NULL,NULL,NULL,NULL,NULL,NULL,NULL,NULL,NULL,NULL,NULL,NULL,NULL,NULL,NULL,NULL,NULL,NULL,NULL
萨尔瓦多,0.5,28.74,2.1,4134,9086,NULL,46.36,61.7,NULL,61.7,NULL,NULL,NULL,6.31,NULL,NULL,NULL,185808,7.2,NULL,14.7,129,117,NULL,NULL,NULL,NULL,NULL,NULL,NULL,NULL,NULL,NULL,NULL,NULL,NULL,NULL,NULL,NULL,NULL,NULL,NULL,NULL,NULL,NULL,NULL,NULL,NULL,NULL,NULL,NULL,NULL,NULL,NULL,NULL,NULL,NULL,NULL,NULL,NULL,NULL,NULL,NULL,NULL,NULL,NULL,NULL,NULL,NULL,NULL,NULL,NULL,NULL,NULL,NULL,NULL,NULL,NULL,NULL,NULL,NULL,NULL,NULL,NULL,NULL,NULL,NULL,NULL,NULL,NULL,NULL,NULL,NULL
牙买加,2.1,14.66,5.9,4972,9597,NULL,94,64.7,NULL,64.7,NULL,NULL,NULL,2.83,NULL,NULL,NULL,89700,6.6,NULL,16.7,128,NULL,NULL,NULL,NULL,11.3,NULL,NULL,NULL,NULL,NULL,NULL,NULL,NULL,3.8,NULL,7,NULL,NULL,NULL,33,0.9,91.5,NULL,210,NULL,0.7,NULL,NULL,0,NULL,NULL,NULL,NULL,NULL,NULL,NULL,NULL,NULL,NULL,NULL,44,NULL,NULL,NULL,NULL,NULL,NULL,25,30,15,19.75,12.5,7.25,NULL,1.09,NULL,NULL,NULL,NULL,154416,NULL,NULL,NULL,NULL,NULL,NULL,NULL,NULL,NULL,NULL,NULL
智利,0.1,317,-2.3,14116,25449,NULL,55.8,60.6,NULL,60.6,NULL,NULL,NULL,19.69,NULL,65,60,787,8,NULL,NULL,130,124,NULL,NULL,NULL,NULL,NULL,NULL,NULL,NULL,NULL,NULL,NULL,NULL,NULL,NULL,NULL,NULL,NULL,NULL,NULL,NULL,NULL,NULL,NULL,NULL,NULL,NULL,NULL,NULL,NULL,NULL,NULL,NULL,NULL,NULL,NULL,NULL,NULL,NULL,NULL,NULL,NULL,NULL,NULL,NULL,NULL,NULL,NULL,NULL,NULL,NULL,NULL,NULL,NULL,NULL,NULL,NULL,NULL,NULL,NULL,NULL,NULL,NULL,NULL,NULL,NULL,NULL,NULL,NULL,NULL,NULL
巴林,-2.62,38.87,4.2,23235,49387,NULL,NULL,NULL,NULL,NULL,NULL,NULL,NULL,1.46,NULL,NULL,NULL,NULL,6.6,NULL,NULL,100,NULL,NULL,NULL,NULL,NULL,NULL,NULL,NULL,NULL,NULL,NULL,NULL,NULL,NULL,NULL,NULL,NULL,NULL,NULL,NULL,NULL,NULL,NULL,NULL,NULL,NULL,NULL,NULL,NULL,NULL,NULL,NULL,NULL,NULL,NULL,NULL,NULL,NULL,NULL,NULL,NULL,NULL,NULL,NULL,NULL,NULL,NULL,NULL,NULL,NULL,NULL,NULL,NULL,NULL,NULL,NULL,NULL,NULL,NULL,NULL,NULL,NULL,NULL,NULL,NULL,NULL,NULL,NULL,NULL,NULL,NULL
菲律宾,2.4,394,7.2,3328,8095,NULL,95.2,64.5,NULL,64.5,NULL,NULL,NULL,112,NULL,NULL,NULL,2373,4.8,NULL,NULL,121,NULL,NULL,NULL,NULL,NULL,NULL,NULL,NULL,NULL,NULL,NULL,NULL,NULL,NULL,NULL,NULL,NULL,NULL,NULL,NULL,NULL,NULL,NULL,NULL,NULL,NULL,NULL,NULL,NULL,NULL,NULL,NULL,NULL,NULL,NULL,NULL,NULL,NULL,NULL,NULL,NULL,NULL,NULL,NULL,NULL,NULL,NULL,NULL,NULL,NULL,NULL,NULL,NULL,NULL,NULL,NULL,NULL,NULL,NULL,NULL,NULL,NULL,NULL,NULL,NULL,NULL,NULL,NULL,NULL,NULL,NULL
韩国,-0.4,1799,1.3,32731,44116,1.14,61.1,63.1,NULL,63.1,114,NULL,NULL,51.74,123,60,60,743,2.6,NULL,7,110,NULL,NULL,NULL,NULL,NULL,NULL,NULL,NULL,NULL,NULL,NULL,NULL,NULL,NULL,NULL,NULL,NULL,NULL,NULL,NULL,NULL,NULL,NULL,NULL,NULL,NULL,NULL,NULL,NULL,NULL,NULL,NULL,NULL,NULL,NULL,NULL,NULL,NULL,NULL,NULL,NULL,NULL,NULL,NULL,NULL,NULL,NULL,NULL,NULL,NULL,NULL,NULL,NULL,NULL,NULL,NULL,NULL,NULL,NULL,NULL,NULL,NULL,NULL,NULL,NULL,NULL,NULL,NULL,NULL,NULL,NULL
卡塔尔,3.6,180,4.3,61001,92862,NULL,NULL,NULL,NULL,NULL,NULL,NULL,NULL,2.75,NULL,NULL,NULL,NULL,0.1,NULL,NULL,105,NULL,NULL,NULL,NULL,NULL,NULL,NULL,NULL,NULL,NULL,NULL,NULL,NULL,NULL,NULL,NULL,NULL,NULL,NULL,NULL,NULL,NULL,NULL,NULL,NULL,NULL,NULL,NULL,NULL,NULL,NULL,NULL,NULL,NULL,NULL,NULL,NULL,NULL,NULL,NULL,NULL,NULL,NULL,NULL,NULL,NULL,NULL,NULL,NULL,NULL,NULL,NULL,NULL,NULL,NULL,NULL,NULL,NULL,NULL,NULL,NULL,NULL,NULL,NULL,NULL,NULL,NULL,NULL,NULL,NULL,NULL
马来西亚,-2.6,373,7,10576,26333,NULL,NULL,69.8,NULL,69.8,NULL,NULL,NULL,33,NULL,60,60,596,3.6,NULL,NULL,130,NULL,NULL,NULL,NULL,NULL,NULL,NULL,NULL,NULL,NULL,NULL,NULL,NULL,NULL,NULL,NULL,NULL,NULL,NULL,NULL,NULL,NULL,NULL,NULL,NULL,NULL,NULL,NULL,NULL,NULL,NULL,NULL,NULL,NULL,NULL,NULL,NULL,NULL,NULL,NULL,NULL,NULL,NULL,NULL,NULL,NULL,NULL,NULL,NULL,NULL,NULL,NULL,NULL,NULL,NULL,NULL,NULL,NULL,NULL,NULL,NULL,NULL,NULL,NULL,NULL,NULL,NULL,NULL,NULL,NULL,NULL
日本,0,4941,0.4,35291,40784,NULL,60.7,22201,62.2,62.2,NULL,NULL,7118,125,100,64,64,1670,2.4,0.8,4.5,105,NULL,NULL,NULL,NULL,NULL,NULL,NULL,NULL,NULL,NULL,NULL,NULL,NULL,NULL,NULL,NULL,NULL,NULL,NULL,NULL,NULL,NULL,NULL,NULL,NULL,NULL,NULL,NULL,NULL,NULL,NULL,NULL,NULL,NULL,NULL,NULL,NULL,NULL,NULL,NULL,NULL,NULL,NULL,NULL,NULL,NULL,NULL,NULL,NULL,NULL,NULL,NULL,NULL,NULL,NULL,NULL,NULL,NULL,NULL,NULL,NULL,NULL,NULL,NULL,NULL,NULL,NULL,NULL,NULL,NULL,NULL
沙特阿拉伯,1.3,834,5.5,18696,44339,NULL,NULL,61.5,NULL,61.5,NULL,NULL,NULL,34.11,NULL,60,60,NULL,5.8,NULL,NULL,109,NULL,NULL,NULL,NULL,NULL,NULL,NULL,NULL,NULL,NULL,NULL,NULL,NULL,NULL,NULL,NULL,NULL,NULL,NULL,NULL,NULL,NULL,NULL,NULL,NULL,NULL,NULL,NULL,NULL,NULL,NULL,NULL,NULL,NULL,NULL,NULL,NULL,NULL,NULL,NULL,NULL,NULL,NULL,NULL,NULL,NULL,NULL,NULL,NULL,NULL,NULL,NULL,NULL,NULL,NULL,NULL,NULL,NULL,NULL,NULL,NULL,NULL,NULL,NULL,NULL,NULL,NULL,NULL,NULL,NULL,NULL
台湾,-1.08,775,-0.41,NULL,NULL,NULL,NULL,59.17,NULL,59.17,209,NULL,NULL,23.38,133,NULL,NULL,416,3.6,NULL,11.39,104,NULL,NULL,NULL,NULL,NULL,NULL,NULL,NULL,NULL,NULL,NULL,NULL,NULL,NULL,NULL,NULL,NULL,NULL,NULL,NULL,NULL,NULL,NULL,NULL,NULL,NULL,NULL,NULL,NULL,NULL,NULL,NULL,NULL,NULL,NULL,NULL,NULL,NULL,NULL,NULL,NULL,NULL,NULL,NULL,NULL,NULL,NULL,NULL,NULL,NULL,NULL,NULL,NULL,NULL,NULL,NULL,NULL,NULL,NULL,NULL,NULL,NULL,NULL,NULL,NULL,NULL,NULL,NULL,NULL,NULL,NULL
泰国,-1.5,506,1.4,6124,17077,NULL,NULL,NULL,NULL,107,NULL,NULL,NULL,66.17,110,NULL,NULL,462,1.15,NULL,6.5,108,NULL,NULL,NULL,NULL,NULL,NULL,NULL,NULL,NULL,NULL,NULL,NULL,NULL,NULL,NULL,NULL,NULL,NULL,NULL,NULL,NULL,NULL,NULL,NULL,NULL,NULL,NULL,NULL,NULL,NULL,NULL,NULL,NULL,NULL,NULL,NULL,NULL,NULL,NULL,NULL,NULL,NULL,NULL,NULL,NULL,NULL,NULL,NULL,NULL,NULL,NULL,NULL,NULL,NULL,NULL,NULL,NULL,NULL,NULL,NULL,NULL,NULL,NULL,NULL,NULL,NULL,NULL,NULL,NULL,NULL,NULL
香港,0,368,-4.2,44481,60052,NULL,NULL,57.9,NULL,57.9,NULL,NULL,NULL,7.35,110,65,65,116,3.3,NULL,5.8,105,NULL,NULL,NULL,NULL,NULL,NULL,NULL,NULL,NULL,NULL,NULL,NULL,NULL,NULL,NULL,NULL,NULL,NULL,NULL,NULL,NULL,NULL,NULL,NULL,NULL,NULL,NULL,NULL,NULL,NULL,NULL,NULL,NULL,NULL,NULL,NULL,NULL,NULL,NULL,NULL,NULL,NULL,NULL,NULL,NULL,NULL,NULL,NULL,NULL,NULL,NULL,NULL,NULL,NULL,NULL,NULL,NULL,NULL,NULL,NULL,NULL,NULL,NULL,NULL,NULL,NULL,NULL,NULL,NULL,NULL,NULL
新加坡,0.1,397,2.1,66176,106032,NULL,NULL,70.5,NULL,70.5,114,NULL,NULL,5.45,114,63,63,98,2,NULL,NULL,111,NULL,NULL,NULL,NULL,NULL,NULL,NULL,NULL,NULL,NULL,NULL,NULL,NULL,NULL,NULL,NULL,NULL,NULL,NULL,NULL,NULL,NULL,NULL,NULL,NULL,NULL,NULL,NULL,NULL,NULL,NULL,NULL,NULL,NULL,NULL,NULL,NULL,NULL,NULL,NULL,NULL,NULL,NULL,NULL,NULL,NULL,NULL,NULL,NULL,NULL,NULL,NULL,NULL,NULL,NULL,NULL,NULL,NULL,NULL,NULL,NULL,NULL,NULL,NULL,NULL,NULL,NULL,NULL,NULL,NULL,NULL
以色列,1.37,489,2.57,40805,42061,NULL,60.6,63.6,NULL,63.6,NULL,NULL,NULL,9.45,NULL,67,62,193,3.9,NULL,NULL,103,NULL,NULL,NULL,NULL,NULL,NULL,NULL,NULL,NULL,NULL,NULL,NULL,NULL,NULL,NULL,NULL,NULL,NULL,NULL,NULL,NULL,NULL,NULL,NULL,NULL,NULL,NULL,NULL,NULL,NULL,NULL,NULL,NULL,NULL,NULL,NULL,NULL,NULL,NULL,NULL,NULL,NULL,NULL,NULL,NULL,NULL,NULL,NULL,NULL,NULL,NULL,NULL,NULL,NULL,NULL,NULL,NULL,NULL,NULL,NULL,NULL,NULL,NULL,NULL,NULL,NULL,NULL,NULL,NULL,NULL,NULL
印度,0.8,3176,4.4,1937,6592,NULL,43.9,47.5,NULL,47.5,NULL,NULL,NULL,1363,NULL,60,60,NULL,7.1,NULL,NULL,177,NULL,NULL,NULL,NULL,NULL,NULL,NULL,NULL,NULL,NULL,NULL,NULL,NULL,NULL,NULL,NULL,NULL,NULL,NULL,NULL,NULL,NULL,NULL,NULL,NULL,NULL,NULL,NULL,NULL,NULL,NULL,NULL,NULL,NULL,NULL,NULL,NULL,NULL,NULL,NULL,NULL,NULL,NULL,NULL,NULL,NULL,NULL,NULL,NULL,NULL,NULL,NULL,NULL,NULL,NULL,NULL,NULL,NULL,NULL,NULL,NULL,NULL,NULL,NULL,NULL,NULL,NULL,NULL,NULL,NULL,NULL
印尼,0.36,1186,5.01,3893,11858,NULL,NULL,69.06,NULL,69.06,NULL,NULL,NULL,276,NULL,58,58,8425931,5.86,NULL,NULL,114,NULL,NULL,NULL,NULL,NULL,NULL,NULL,NULL,NULL,NULL,NULL,NULL,NULL,NULL,NULL,NULL,NULL,NULL,NULL,NULL,NULL,NULL,NULL,NULL,NULL,NULL,NULL,NULL,NULL,NULL,NULL,NULL,NULL,NULL,NULL,NULL,NULL,NULL,NULL,NULL,NULL,NULL,NULL,NULL,NULL,NULL,NULL,NULL,NULL,NULL,NULL,NULL,NULL,NULL,NULL,NULL,NULL,NULL,NULL,NULL,NULL,NULL,NULL,NULL,NULL,NULL,NULL,NULL,NULL,NULL,NULL
中国,0,17734,2.9,11188,17603,NULL,NULL,NULL,NULL,73.7,NULL,NULL,NULL,1412,NULL,60,55,NULL,5.6,NULL,NULL,104,NULL,NULL,NULL,NULL,NULL,NULL,NULL,NULL,NULL,NULL,NULL,NULL,NULL,NULL,NULL,NULL,NULL,NULL,NULL,NULL,NULL,NULL,NULL,NULL,NULL,NULL,NULL,NULL,NULL,NULL,NULL,NULL,NULL,NULL,NULL,NULL,NULL,NULL,NULL,NULL,NULL,NULL,NULL,NULL,NULL,NULL,NULL,NULL,NULL,NULL,NULL,NULL,NULL,NULL,NULL,NULL,NULL,NULL,NULL,NULL,NULL,NULL,NULL,NULL,NULL,NULL,NULL,NULL,NULL,NULL,NULL
安哥拉,0.8,67.4,3.9,2300,5909,NULL,62.7,89.8,NULL,89.8,NULL,NULL,NULL,33,NULL,NULL,NULL,4913,30.2,NULL,56.7,NULL,NULL,NULL,414,NULL,NULL,NULL,NULL,NULL,NULL,NULL,471,16.3,22,7.1,11.75,17,14,NULL,NULL,25,2.7,85,NULL,982,1064,12.4,NULL,NULL,0.29,NULL,NULL,NULL,NULL,NULL,NULL,NULL,13,NULL,NULL,NULL,33,NULL,3.8,NULL,2.4,4,NULL,25,25,14,11,8,3,NULL,NULL,NULL,NULL,NULL,NULL,105298,1900,69.1,24593241,NULL,NULL,NULL,NULL,NULL,NULL,1060,21.74
博茨瓦纳,4,17.61,6.3,6367,14841,NULL,NULL,NULL,NULL,NULL,NULL,NULL,NULL,2.41,NULL,NULL,NULL,NULL,24.5,NULL,NULL,NULL,124,9.1,123,NULL,NULL,NULL,NULL,NULL,NULL,NULL,NULL,NULL,NULL,1.53,NULL,2.65,6.76,NULL,NULL,67,-5.1,24.2,NULL,518,NULL,-0.5,NULL,NULL,0,NULL,NULL,NULL,NULL,NULL,NULL,NULL,NULL,NULL,NULL,NULL,60,NULL,4.9,NULL,NULL,4.6,NULL,22,25,12,NULL,NULL,NULL,NULL,NULL,NULL,NULL,NULL,NULL,NULL,NULL,121,3171667,NULL,NULL,NULL,NULL,NULL,NULL,NULL,21.74
佛得角,2.1,1.94,17.1,2969,6397,NULL,45.3,53,NULL,53,NULL,NULL,NULL,0.58,NULL,NULL,NULL,31724,14.5,NULL,28.37,NULL,124,14.9,110,NULL,NULL,NULL,NULL,NULL,NULL,NULL,NULL,NULL,NULL,0.67,NULL,0.25,NULL,NULL,NULL,27,-7.6,130,NULL,11.2,NULL,-11,NULL,NULL,NULL,170027,NULL,NULL,NULL,NULL,NULL,NULL,1,NULL,NULL,NULL,60,NULL,NULL,NULL,NULL,NULL,NULL,NULL,NULL,15,NULL,NULL,NULL,10,NULL,NULL,NULL,NULL,NULL,63251,409,145,859940,NULL,NULL,NULL,NULL,NULL,NULL,214,23.45
加纳,0.7,77.59,2.9,2015,5435,NULL,NULL,NULL,NULL,NULL,NULL,NULL,NULL,30.96,NULL,NULL,NULL,NULL,4.7,NULL,NULL,NULL,NULL,NULL,197,NULL,NULL,NULL,NULL,NULL,NULL,NULL,180,52.1,NULL,NULL,NULL,28,NULL,NULL,NULL,16,-12.1,81.8,NULL,298,179,-2.1,8.74,NULL,0,NULL,NULL,NULL,NULL,NULL,NULL,NULL,NULL,NULL,NULL,50.2,43,NULL,NULL,NULL,NULL,NULL,NULL,25,30,12.5,NULL,NULL,NULL,NULL,1.13,NULL,NULL,NULL,NULL,171281,1456,66.87,22384226,NULL,NULL,NULL,NULL,NULL,NULL,1262,28.3
肯尼亚,0.94,110,4.7,1705,4743,NULL,NULL,NULL,NULL,NULL,NULL,NULL,NULL,49.4,NULL,NULL,NULL,NULL,6.6,NULL,NULL,NULL,NULL,NULL,NULL,NULL,NULL,NULL,NULL,NULL,NULL,NULL,128,15.78,NULL,6.69,6.42,8.75,NULL,NULL,NULL,30,-5.8,68.4,NULL,1113,NULL,-4.9,0.02,73,6.17,120806,NULL,NULL,NULL,NULL,NULL,NULL,NULL,NULL,15263,NULL,32,1101,NULL,46.6,NULL,NULL,NULL,30,30,16,10,5,5,NULL,1.4,NULL,NULL,NULL,NULL,342943,5668,43.24,23359310,NULL,NULL,NULL,NULL,NULL,22430,1029,25.23
莱索托,2.1,2.5,4.56,974,2295,NULL,NULL,NULL,NULL,NULL,NULL,NULL,NULL,2.28,NULL,NULL,NULL,NULL,24.6,NULL,NULL,NULL,NULL,NULL,105,NULL,NULL,NULL,NULL,NULL,NULL,NULL,NULL,NULL,NULL,4.24,NULL,7.25,NULL,NULL,NULL,30,-5.8,54.7,NULL,37,NULL,-3.8,NULL,NULL,0,NULL,NULL,NULL,NULL,NULL,NULL,NULL,NULL,NULL,NULL,NULL,37,NULL,NULL,NULL,NULL,NULL,NULL,25,30,15,NULL,NULL,NULL,NULL,NULL,NULL,NULL,NULL,NULL,NULL,NULL,NULL,NULL,NULL,NULL,NULL,NULL,NULL,NULL,NULL,12.26
卢旺达,1.7,11.07,7.3,890,2239,NULL,44.4,58.7,NULL,58.7,NULL,NULL,NULL,13.25,NULL,NULL,NULL,1148,24.3,NULL,29.7,NULL,NULL,12.7,146,NULL,NULL,NULL,NULL,NULL,NULL,1.5,180,13.7,NULL,7.58,7.16,7,15.67,NULL,NULL,33,-8.5,66.7,NULL,164,NULL,-10.9,NULL,NULL,1.24,NULL,NULL,NULL,NULL,NULL,NULL,NULL,NULL,NULL,NULL,NULL,51,NULL,5.9,NULL,2.5,13,NULL,30,30,18,8,5,3,NULL,NULL,NULL,NULL,NULL,NULL,133194,1462,190,26106436,NULL,NULL,NULL,NULL,NULL,NULL,NULL,19.21
毛里求斯,0.4,11.53,7.4,9704,20968,NULL,92.5,NULL,NULL,114,NULL,NULL,NULL,1.26,102,NULL,NULL,42.8,7.5,NULL,NULL,NULL,NULL,7,110,140,NULL,NULL,NULL,182,NULL,NULL,149,13.7,NULL,1.22,NULL,4.5,9.5,NULL,NULL,60,-5,89,NULL,19.7,NULL,-13.6,12.43,76.75,0,91850,NULL,NULL,NULL,NULL,NULL,NULL,NULL,NULL,NULL,NULL,50,NULL,11.7,NULL,11.7,4.8,NULL,15,15,15,9,6,3,NULL,NULL,NULL,NULL,NULL,NULL,296042,796,201,2614332,NULL,NULL,NULL,NULL,NULL,NULL,2114,23.67
纳米比亚,-1.45,12.31,4.3,4196,9138,NULL,NULL,71.2,NULL,71.2,NULL,NULL,NULL,2.6,NULL,NULL,NULL,364411,21.7,NULL,46.1,NULL,NULL,NULL,141,129,NULL,NULL,NULL,112,NULL,NULL,NULL,NULL,NULL,3.72,NULL,7,10.75,NULL,NULL,40,-8.7,76,NULL,402,NULL,-9.1,NULL,115,0,232756,NULL,NULL,NULL,NULL,NULL,NULL,NULL,NULL,NULL,NULL,49,NULL,NULL,NULL,NULL,43.4,NULL,32,37,15,NULL,NULL,NULL,NULL,NULL,NULL,NULL,NULL,NULL,171208,4068,38.26,982215,NULL,NULL,NULL,NULL,NULL,NULL,279,20.12
南非,-1.3,419,0.9,5948,13312,NULL,39.4,58.5,NULL,58.5,128,NULL,NULL,60.14,NULL,60,60,7753,32.7,NULL,61,NULL,105,4.9,104,173,NULL,NULL,NULL,165,5.84,-0.6,125,12.7,NULL,5.81,7.53,7.25,10.75,NULL,NULL,41,-4.2,67.4,NULL,3266,NULL,-0.5,125,105,1.24,1112677,48,NULL,NULL,NULL,104,81,36,78.8,29976,50.5,43,18024,-3.7,48.8,NULL,-1.9,NULL,28,45,15,2,1,1,-8,1.17,34.1,66.1,0.5,-0.8,4068224,102595,64.41,38578896,NULL,NULL,NULL,NULL,NULL,435523,527,18.06
尼日利亚,10.99,441,3.52,2430,4923,NULL,66.7,NULL,NULL,NULL,NULL,NULL,NULL,213,NULL,NULL,NULL,23187,33.3,NULL,53.4,NULL,434,18.84,432,NULL,NULL,NULL,NULL,NULL,NULL,NULL,NULL,NULL,32.5,8.76,14.6,18,27.63,NULL,NULL,23,-4.7,37,NULL,4466,1306,-0.5,21.37,102,8.23,NULL,NULL,NULL,NULL,NULL,NULL,NULL,NULL,51.3,NULL,44.7,24,NULL,-7.2,47.4,9.4,-4.8,47.8,30,24,7.5,NULL,NULL,NULL,NULL,0.45,NULL,NULL,NULL,NULL,266641,3155,51.24,111985403,NULL,NULL,NULL,NULL,NULL,127029,NULL,27.67
塞内加尔,0.9,27.63,3.4,1437,3495,NULL,NULL,NULL,NULL,NULL,NULL,NULL,NULL,17.2,NULL,NULL,NULL,NULL,22,NULL,NULL,NULL,NULL,NULL,111,138,NULL,NULL,NULL,132,NULL,NULL,135,16.8,NULL,NULL,NULL,4.75,8.45,NULL,NULL,37,-5.9,73,NULL,474,NULL,-10.4,NULL,105,1.58,NULL,NULL,NULL,NULL,NULL,NULL,NULL,NULL,57.7,NULL,NULL,43,NULL,20.7,NULL,NULL,-26.3,NULL,30,40,18,NULL,NULL,NULL,NULL,NULL,NULL,NULL,NULL,23.3,88945,1971,16.92,2929547,NULL,NULL,NULL,NULL,NULL,NULL,NULL,29.63
突尼斯,0.5,46.69,1.6,3831,10398,NULL,NULL,NULL,NULL,NULL,NULL,NULL,NULL,11.8,NULL,NULL,NULL,NULL,15.2,NULL,NULL,NULL,NULL,NULL,148,174,NULL,NULL,NULL,199,NULL,NULL,190,11.46,NULL,8.98,NULL,8,NULL,NULL,NULL,23,-10,80,NULL,1250,35,-8.6,6.84,87.33,4.45,2997,NULL,NULL,NULL,148,NULL,NULL,NULL,NULL,NULL,NULL,40,NULL,2.88,NULL,7.2,-29,NULL,15,35,19,25.75,16.57,9.18,NULL,NULL,NULL,NULL,NULL,NULL,1151333,29345,107,13244621,NULL,NULL,NULL,NULL,NULL,NULL,146,21.33
乌干达,-0.1,40.53,7.5,921,2246,NULL,NULL,NULL,NULL,NULL,NULL,NULL,NULL,47.12,NULL,NULL,NULL,NULL,2.9,NULL,NULL,NULL,126,7.8,118,178,NULL,NULL,NULL,185,NULL,NULL,234,7,NULL,11.47,NULL,10,NULL,NULL,NULL,31,-7.3,51.7,NULL,1067,NULL,-10.7,NULL,96.17,4.11,513,NULL,NULL,NULL,236,NULL,NULL,52.1,NULL,NULL,51.2,26,NULL,NULL,NULL,NULL,NULL,NULL,30,40,18,15,10,5,NULL,NULL,NULL,NULL,NULL,NULL,170463,3626,55.66,26299538,NULL,NULL,NULL,NULL,NULL,NULL,1381,23.22
澳大利亚,0.5,1553,2.7,59341,49774,NULL,64.3,75,66.6,66.6,113,NULL,-10,25.77,98.2,66.5,66.5,507,3.5,3.3,7.9,131,129,6.9,139,182,9.2,NULL,NULL,138,5,0.7,123,5.8,NULL,1.6,NULL,3.6,NULL,190,NULL,100,-1.5,36.1,34.8,31754,307,2.3,79.85,131,2.44,412410,33,-0.4,66,NULL,NULL,238,-4,85.18,16602,50.6,75,NULL,1.9,NULL,-3.1,5.2,NULL,30,45,10,11.5,9.5,2,78.5,1.27,114,NULL,4.5,7.5,11380700,19447,243,63681652,3.84,53.6,NULL,4.01,13.41,367907,494,22.06
新西兰,-0.6,250,2.2,40415,42915,0.2,69.3,2305,71.7,71.7,1320,NULL,555,5.15,131,65,65,99,3.4,4.3,9.75,1203,1197,7.4,1285,1564,12,NULL,NULL,1076,3.3,0.9,1370,7.7,NULL,5.13,5.13,4.75,NULL,NULL,NULL,95,-2.7,30.1,NULL,3390,6.5,-6.5,NULL,1458,4.38,265388,20,19.67,64.6,186,146,21,-43.3,93.7,3754,53.7,87,NULL,16.1,52,NULL,NULL,55.8,28,39,15,11,3,8,77.7,1.56,95.1,173,NULL,-4,2196555,2560,231,11985710,2.49,31.22,NULL,3.44,11.32,NULL,NULL,11.23
