Entity,Year,OEC ECI Ranking (Observatory of Economic Complexity (2016))
Albania,1964,44
Albania,1965,43
Albania,1966,43
Albania,1967,36
Albania,1968,41
Albania,1969,43
Albania,1970,44
Albania,1971,41
Albania,1972,43
Albania,1973,48
Albania,1974,53
Albania,1975,53
Albania,1976,55
Albania,1977,62
Albania,1978,48
Albania,1979,48
Albania,1980,30
Albania,1981,38
Albania,1982,34
Albania,1983,39
Albania,1984,51
Albania,1985,57
Albania,1986,64
Albania,1987,57
Albania,1988,58
Albania,1989,59
Albania,1990,54
Albania,1991,55
Albania,1992,65
Albania,1993,67
Albania,1994,66
Albania,1995,69
Albania,1996,70
Albania,1997,72
Albania,1998,71
Albania,1999,73
Albania,2000,69
Albania,2001,59
Albania,2002,56
Albania,2003,59
Albania,2004,65
Albania,2005,69
Albania,2006,75
Albania,2007,79
Albania,2008,52
Albania,2009,37
Albania,2010,38
Albania,2011,46
Albania,2012,76
Albania,2013,79
Albania,2014,75
Albania,2015,78
Albania,2016,71
Algeria,1964,40
Algeria,1965,48
Algeria,1966,55
Algeria,1967,54
Algeria,1968,60
Algeria,1969,59
Algeria,1970,58
Algeria,1971,59
Algeria,1972,67
Algeria,1973,66
Algeria,1974,74
Algeria,1975,71
Algeria,1976,74
Algeria,1977,75
Algeria,1978,79
Algeria,1979,78
Algeria,1980,77
Algeria,1981,84
Algeria,1982,85
Algeria,1983,88
Algeria,1984,88
Algeria,1985,88
Algeria,1986,89
Algeria,1987,76
Algeria,1988,59
Algeria,1989,58
Algeria,1990,75
Algeria,1991,74
Algeria,1992,90
Algeria,1993,90
Algeria,1994,86
Algeria,1995,90
Algeria,1996,86
Algeria,1997,93
Algeria,1998,94
Algeria,1999,86
Algeria,2000,97
Algeria,2001,98
Algeria,2002,93
Algeria,2003,97
Algeria,2004,103
Algeria,2005,103
Algeria,2006,90
Algeria,2007,88
Algeria,2008,105
Algeria,2009,107
Algeria,2010,109
Algeria,2011,114
Algeria,2012,114
Algeria,2013,110
Algeria,2014,104
Algeria,2015,105
Algeria,2016,64
Angola,1964,89
Angola,1965,88
Angola,1966,87
Angola,1967,84
Angola,1968,91
Angola,1969,90
Angola,1970,90
Angola,1971,90
Angola,1972,93
Angola,1973,86
Angola,1974,87
Angola,1975,91
Angola,1976,90
Angola,1977,94
Angola,1978,95
Angola,1979,94
Angola,1980,94
Angola,1981,97
Angola,1982,97
Angola,1983,97
Angola,1984,98
Angola,1985,99
Angola,1986,99
Angola,1987,90
Angola,1988,98
Angola,1989,92
Angola,1990,98
Angola,1991,100
Angola,1992,114
Angola,1993,114
Angola,1994,110
Angola,1995,117
Angola,1996,117
Angola,1997,117
Angola,1998,115
Angola,1999,115
Angola,2000,117
Angola,2001,117
Angola,2002,120
Angola,2003,120
Angola,2004,88
Angola,2005,88
Angola,2006,92
Angola,2007,119
Angola,2008,120
Angola,2009,119
Angola,2010,120
Angola,2011,121
Angola,2012,119
Argentina,1964,49
Argentina,1965,42
Argentina,1966,46
Argentina,1967,49
Argentina,1968,52
Argentina,1969,50
Argentina,1970,49
Argentina,1971,47
Argentina,1972,47
Argentina,1973,41
Argentina,1974,39
Argentina,1975,35
Argentina,1976,45
Argentina,1977,44
Argentina,1978,45
Argentina,1979,46
Argentina,1980,52
Argentina,1981,52
Argentina,1982,48
Argentina,1983,45
Argentina,1984,45
Argentina,1985,44
Argentina,1986,46
Argentina,1987,42
Argentina,1988,42
Argentina,1989,42
Argentina,1990,43
Argentina,1991,41
Argentina,1992,55
Argentina,1993,54
Argentina,1994,58
Argentina,1995,56
Argentina,1996,57
Argentina,1997,56
Argentina,1998,57
Argentina,1999,56
Argentina,2000,53
Argentina,2001,54
Argentina,2002,59
Argentina,2003,58
Argentina,2004,54
Argentina,2005,51
Argentina,2006,51
Argentina,2007,53
Argentina,2008,54
Argentina,2009,58
Argentina,2010,60
Argentina,2011,60
Argentina,2012,64
Argentina,2013,70
Argentina,2014,72
Argentina,2015,72
Argentina,2016,60
Australia,1964,34
Australia,1965,34
Australia,1966,34
Australia,1967,37
Australia,1968,35
Australia,1969,37
Australia,1970,40
Australia,1971,42
Australia,1972,46
Australia,1973,47
Australia,1974,47
Australia,1975,49
Australia,1976,52
Australia,1977,53
Australia,1978,50
Australia,1979,47
Australia,1980,51
Australia,1981,54
Australia,1982,46
Australia,1983,49
Australia,1984,52
Australia,1985,45
Australia,1986,49
Australia,1987,46
Australia,1988,50
Australia,1989,50
Australia,1990,52
Australia,1991,51
Australia,1992,62
Australia,1993,56
Australia,1994,55
Australia,1995,55
Australia,1996,54
Australia,1997,59
Australia,1998,58
Australia,1999,60
Australia,2000,58
Australia,2001,62
Australia,2002,62
Australia,2003,60
Australia,2004,69
Australia,2005,68
Australia,2006,64
Australia,2007,65
Australia,2008,68
Australia,2009,71
Australia,2010,76
Australia,2011,78
Australia,2012,77
Australia,2013,84
Australia,2014,89
Australia,2015,82
Australia,2016,55
Austria,1964,6
Austria,1965,3
Austria,1966,4
Austria,1967,4
Austria,1968,5
Austria,1969,6
Austria,1970,4
Austria,1971,4
Austria,1972,6
Austria,1973,6
Austria,1974,5
Austria,1975,4
Austria,1976,4
Austria,1977,4
Austria,1978,5
Austria,1979,5
Austria,1980,5
Austria,1981,5
Austria,1982,6
Austria,1983,6
Austria,1984,6
Austria,1985,6
Austria,1986,6
Austria,1987,5
Austria,1988,5
Austria,1989,5
Austria,1990,5
Austria,1991,5
Austria,1992,5
Austria,1993,5
Austria,1994,5
Austria,1995,5
Austria,1996,5
Austria,1997,5
Austria,1998,6
Austria,1999,8
Austria,2000,8
Austria,2001,8
Austria,2002,8
Austria,2003,8
Austria,2004,6
Austria,2005,7
Austria,2006,6
Austria,2007,7
Austria,2008,6
Austria,2009,6
Austria,2010,5
Austria,2011,5
Austria,2012,5
Austria,2013,6
Austria,2014,6
Austria,2015,6
Azerbaijan,1992,75
Azerbaijan,1993,63
Azerbaijan,1994,67
Azerbaijan,1995,68
Azerbaijan,1996,42
Azerbaijan,1997,38
Azerbaijan,1998,39
Azerbaijan,1999,51
Azerbaijan,2000,63
Azerbaijan,2001,80
Azerbaijan,2002,75
Azerbaijan,2003,72
Azerbaijan,2004,81
Azerbaijan,2005,86
Azerbaijan,2006,102
Azerbaijan,2007,106
Azerbaijan,2008,103
Azerbaijan,2009,108
Azerbaijan,2010,105
Azerbaijan,2011,116
Azerbaijan,2012,113
Azerbaijan,2013,104
Azerbaijan,2014,105
Azerbaijan,2015,104
Bangladesh,1972,68
Bangladesh,1973,59
Bangladesh,1974,56
Bangladesh,1975,66
Bangladesh,1976,77
Bangladesh,1977,73
Bangladesh,1978,69
Bangladesh,1979,72
Bangladesh,1980,68
Bangladesh,1981,72
Bangladesh,1982,72
Bangladesh,1983,73
Bangladesh,1984,73
Bangladesh,1985,76
Bangladesh,1986,72
Bangladesh,1987,71
Bangladesh,1988,69
Bangladesh,1989,77
Bangladesh,1990,77
Bangladesh,1991,77
Bangladesh,1992,86
Bangladesh,1993,93
Bangladesh,1994,98
Bangladesh,1995,97
Bangladesh,1996,100
Bangladesh,1997,102
Bangladesh,1998,101
Bangladesh,1999,101
Bangladesh,2000,102
Bangladesh,2001,103
Bangladesh,2002,104
Bangladesh,2003,106
Bangladesh,2004,109
Bangladesh,2005,107
Bangladesh,2006,107
Bangladesh,2007,102
Bangladesh,2008,99
Bangladesh,2009,98
Bangladesh,2010,97
Bangladesh,2011,106
Bangladesh,2012,98
Bangladesh,2013,100
Belarus,1992,34
Belarus,1993,33
Belarus,1994,33
Belarus,1995,31
Belarus,1996,28
Belarus,1997,34
Belarus,1998,29
Belarus,1999,29
Belarus,2000,30
Belarus,2001,26
Belarus,2002,27
Belarus,2003,28
Belarus,2004,27
Belarus,2005,25
Belarus,2006,25
Belarus,2007,29
Belarus,2008,31
Belarus,2009,31
Belarus,2010,32
Belarus,2011,26
Belarus,2012,30
Belarus,2013,32
Belarus,2014,31
Belarus,2015,31
Belarus,2016,30
Belgium,1964,10
Belgium,1965,10
Belgium,1966,10
Belgium,1967,10
Belgium,1968,10
Belgium,1969,10
Belgium,1970,10
Belgium,1971,10
Belgium,1972,10
Belgium,1973,10
Belgium,1974,10
Belgium,1975,10
Belgium,1976,10
Belgium,1977,10
Belgium,1978,10
Belgium,1979,10
Belgium,1980,10
Belgium,1981,10
Belgium,1982,11
Belgium,1983,11
Belgium,1984,12
Belgium,1985,12
Belgium,1986,12
Belgium,1987,12
Belgium,1988,12
Belgium,1989,12
Belgium,1990,12
Belgium,1991,12
Belgium,1992,12
Belgium,1993,12
Belgium,1994,12
Belgium,1995,12
Belgium,1996,12
Belgium,1997,12
Belgium,1998,12
Belgium,1999,13
Belgium,2000,15
Belgium,2001,16
Belgium,2002,16
Belgium,2003,15
Belgium,2004,16
Belgium,2005,18
Belgium,2006,19
Belgium,2007,18
Belgium,2008,19
Belgium,2009,20
Belgium,2010,19
Belgium,2011,20
Belgium,2012,21
Belgium,2013,22
Belgium,2014,24
Belgium,2015,24
Belgium,2016,16
Bolivia,1964,69
Bolivia,1965,67
Bolivia,1966,69
Bolivia,1967,70
Bolivia,1968,77
Bolivia,1969,83
Bolivia,1970,70
Bolivia,1971,70
Bolivia,1972,72
Bolivia,1973,81
Bolivia,1974,86
Bolivia,1975,80
Bolivia,1976,78
Bolivia,1977,77
Bolivia,1978,75
Bolivia,1979,85
Bolivia,1980,80
Bolivia,1981,82
Bolivia,1982,81
Bolivia,1983,79
Bolivia,1984,85
Bolivia,1985,80
Bolivia,1986,83
Bolivia,1987,81
Bolivia,1988,77
Bolivia,1989,79
Bolivia,1990,79
Bolivia,1991,82
Bolivia,1992,95
Bolivia,1993,97
Bolivia,1994,95
Bolivia,1995,89
Bolivia,1996,84
Bolivia,1997,91
Bolivia,1998,82
Bolivia,1999,89
Bolivia,2000,93
Bolivia,2001,96
Bolivia,2002,94
Bolivia,2003,91
Bolivia,2004,98
Bolivia,2005,96
Bolivia,2006,96
Bolivia,2007,93
Bolivia,2008,94
Bolivia,2009,95
Bolivia,2010,94
Bolivia,2011,99
Bolivia,2012,95
Bolivia,2013,99
Bolivia,2014,97
Bolivia,2015,100
Bosnia and Herzegovina,1992,25
Bosnia and Herzegovina,1993,26
Bosnia and Herzegovina,1994,27
Bosnia and Herzegovina,1995,28
Bosnia and Herzegovina,1996,29
Bosnia and Herzegovina,1997,32
Bosnia and Herzegovina,1998,33
Bosnia and Herzegovina,1999,35
Bosnia and Herzegovina,2000,39
Bosnia and Herzegovina,2001,40
Bosnia and Herzegovina,2002,40
Bosnia and Herzegovina,2003,43
Bosnia and Herzegovina,2004,38
Bosnia and Herzegovina,2005,38
Bosnia and Herzegovina,2006,38
Bosnia and Herzegovina,2007,38
Bosnia and Herzegovina,2008,38
Bosnia and Herzegovina,2009,39
Bosnia and Herzegovina,2010,37
Bosnia and Herzegovina,2011,37
Bosnia and Herzegovina,2012,39
Bosnia and Herzegovina,2013,36
Bosnia and Herzegovina,2014,35
Bosnia and Herzegovina,2015,35
Bosnia and Herzegovina,2016,39
Botswana,2000,75
Botswana,2001,93
Botswana,2002,86
Botswana,2003,93
Botswana,2004,89
Botswana,2005,94
Botswana,2006,97
Botswana,2007,95
Botswana,2008,79
Botswana,2009,53
Botswana,2010,58
Botswana,2011,72
Botswana,2012,79
Botswana,2013,74
Botswana,2014,84
Botswana,2015,86
Botswana,2016,70
Brazil,1964,75
Brazil,1965,78
Brazil,1966,72
Brazil,1967,72
Brazil,1968,64
Brazil,1969,63
Brazil,1970,62
Brazil,1971,65
Brazil,1972,64
Brazil,1973,58
Brazil,1974,61
Brazil,1975,55
Brazil,1976,62
Brazil,1977,61
Brazil,1978,58
Brazil,1979,51
Brazil,1980,45
Brazil,1981,43
Brazil,1982,37
Brazil,1983,41
Brazil,1984,35
Brazil,1985,35
Brazil,1986,34
Brazil,1987,33
Brazil,1988,33
Brazil,1989,30
Brazil,1990,28
Brazil,1991,28
Brazil,1992,31
Brazil,1993,34
Brazil,1994,30
Brazil,1995,30
Brazil,1996,32
Brazil,1997,28
Brazil,1998,30
Brazil,1999,28
Brazil,2000,29
Brazil,2001,34
Brazil,2002,36
Brazil,2003,36
Brazil,2004,37
Brazil,2005,37
Brazil,2006,40
Brazil,2007,37
Brazil,2008,43
Brazil,2009,46
Brazil,2010,46
Brazil,2011,48
Brazil,2012,50
Brazil,2013,49
Brazil,2014,55
Brazil,2015,51
Brazil,2016,44
Bulgaria,1964,24
Bulgaria,1965,24
Bulgaria,1966,24
Bulgaria,1967,27
Bulgaria,1968,32
Bulgaria,1969,33
Bulgaria,1970,32
Bulgaria,1971,29
Bulgaria,1972,29
Bulgaria,1973,28
Bulgaria,1974,24
Bulgaria,1975,24
Bulgaria,1976,28
Bulgaria,1977,30
Bulgaria,1978,30
Bulgaria,1979,28
Bulgaria,1980,26
Bulgaria,1981,26
Bulgaria,1982,27
Bulgaria,1983,24
Bulgaria,1984,26
Bulgaria,1985,26
Bulgaria,1986,27
Bulgaria,1987,27
Bulgaria,1988,27
Bulgaria,1989,28
Bulgaria,1990,27
Bulgaria,1991,27
Bulgaria,1992,32
Bulgaria,1993,35
Bulgaria,1994,35
Bulgaria,1995,37
Bulgaria,1996,37
Bulgaria,1997,31
Bulgaria,1998,35
Bulgaria,1999,36
Bulgaria,2000,37
Bulgaria,2001,39
Bulgaria,2002,39
Bulgaria,2003,39
Bulgaria,2004,40
Bulgaria,2005,41
Bulgaria,2006,43
Bulgaria,2007,44
Bulgaria,2008,41
Bulgaria,2009,44
Bulgaria,2010,42
Bulgaria,2011,42
Bulgaria,2012,41
Bulgaria,2013,44
Bulgaria,2014,42
Bulgaria,2015,41
Bulgaria,2016,33
Cambodia,1964,65
Cambodia,1965,70
Cambodia,1966,77
Cambodia,1967,77
Cambodia,1968,75
Cambodia,1969,81
Cambodia,1970,89
Cambodia,1971,86
Cambodia,1972,85
Cambodia,1973,82
Cambodia,1974,69
Cambodia,1975,62
Cambodia,1976,53
Cambodia,1977,43
Cambodia,1978,33
Cambodia,1979,26
Cambodia,1980,18
Cambodia,1981,15
Cambodia,1982,19
Cambodia,1983,18
Cambodia,1984,28
Cambodia,1985,27
Cambodia,1986,26
Cambodia,1987,35
Cambodia,1988,29
Cambodia,1989,51
Cambodia,1990,55
Cambodia,1991,69
Cambodia,1992,91
Cambodia,1993,103
Cambodia,1994,100
Cambodia,1995,101
Cambodia,1996,98
Cambodia,1997,101
Cambodia,1998,112
Cambodia,1999,108
Cambodia,2000,106
Cambodia,2001,105
Cambodia,2002,105
Cambodia,2003,103
Cambodia,2004,104
Cambodia,2005,104
Cambodia,2006,108
Cambodia,2007,110
Cambodia,2008,107
Cambodia,2009,101
Cambodia,2010,101
Cambodia,2011,109
Cambodia,2012,99
Cambodia,2013,87
Cambodia,2014,80
Cambodia,2015,73
Cambodia,2016,66
Cameroon,1964,86
Cameroon,1965,89
Cameroon,1966,91
Cameroon,1967,80
Cameroon,1968,66
Cameroon,1969,74
Cameroon,1970,72
Cameroon,1971,78
Cameroon,1972,80
Cameroon,1973,69
Cameroon,1974,79
Cameroon,1975,78
Cameroon,1976,85
Cameroon,1977,83
Cameroon,1978,89
Cameroon,1979,86
Cameroon,1980,90
Cameroon,1981,92
Cameroon,1982,89
Cameroon,1983,87
Cameroon,1984,89
Cameroon,1985,98
Cameroon,1986,98
Cameroon,1987,99
Cameroon,1988,100
Cameroon,1989,99
Cameroon,1990,99
Cameroon,1991,98
Cameroon,1992,113
Cameroon,1993,117
Cameroon,1994,117
Cameroon,1995,116
Cameroon,1996,116
Cameroon,1997,116
Cameroon,1998,117
Cameroon,1999,117
Cameroon,2000,119
Cameroon,2001,119
Cameroon,2002,117
Cameroon,2003,115
Cameroon,2004,117
Cameroon,2005,118
Cameroon,2006,119
Cameroon,2007,116
Cameroon,2008,116
Cameroon,2009,115
Cameroon,2010,115
Cameroon,2011,83
Cameroon,2012,81
Cameroon,2013,80
Cameroon,2014,87
Cameroon,2015,92
Canada,1964,22
Canada,1965,22
Canada,1966,23
Canada,1967,21
Canada,1968,23
Canada,1969,22
Canada,1970,23
Canada,1971,22
Canada,1972,23
Canada,1973,27
Canada,1974,27
Canada,1975,25
Canada,1976,25
Canada,1977,22
Canada,1978,22
Canada,1979,22
Canada,1980,22
Canada,1981,21
Canada,1982,22
Canada,1983,17
Canada,1984,22
Canada,1985,24
Canada,1986,24
Canada,1987,24
Canada,1988,25
Canada,1989,23
Canada,1990,25
Canada,1991,26
Canada,1992,28
Canada,1993,27
Canada,1994,25
Canada,1995,23
Canada,1996,23
Canada,1997,23
Canada,1998,22
Canada,1999,22
Canada,2000,24
Canada,2001,25
Canada,2002,25
Canada,2003,24
Canada,2004,25
Canada,2005,26
Canada,2006,26
Canada,2007,26
Canada,2008,26
Canada,2009,28
Canada,2010,30
Canada,2011,40
Canada,2012,40
Canada,2013,39
Canada,2014,39
Canada,2015,37
Canada,2016,29
Chile,1964,37
Chile,1965,40
Chile,1966,39
Chile,1967,43
Chile,1968,49
Chile,1969,45
Chile,1970,45
Chile,1971,44
Chile,1972,45
Chile,1973,44
Chile,1974,51
Chile,1975,45
Chile,1976,59
Chile,1977,59
Chile,1978,60
Chile,1979,64
Chile,1980,62
Chile,1981,59
Chile,1982,60
Chile,1983,58
Chile,1984,62
Chile,1985,58
Chile,1986,59
Chile,1987,69
Chile,1988,72
Chile,1989,68
Chile,1990,66
Chile,1991,61
Chile,1992,76
Chile,1993,72
Chile,1994,70
Chile,1995,66
Chile,1996,65
Chile,1997,67
Chile,1998,64
Chile,1999,64
Chile,2000,66
Chile,2001,64
Chile,2002,64
Chile,2003,63
Chile,2004,67
Chile,2005,65
Chile,2006,69
Chile,2007,66
Chile,2008,69
Chile,2009,68
Chile,2010,71
Chile,2011,71
Chile,2012,70
Chile,2013,71
Chile,2014,74
Chile,2015,77
Chile,2016,69
China,1964,26
China,1965,26
China,1966,28
China,1967,29
China,1968,29
China,1969,31
China,1970,30
China,1971,31
China,1972,32
China,1973,29
China,1974,31
China,1975,32
China,1976,40
China,1977,40
China,1978,36
China,1979,34
China,1980,33
China,1981,32
China,1982,36
China,1983,38
China,1984,38
China,1985,37
China,1986,38
China,1987,40
China,1988,38
China,1989,35
China,1990,32
China,1991,31
China,1992,37
China,1993,41
China,1994,48
China,1995,42
China,1996,46
China,1997,41
China,1998,43
China,1999,45
China,2000,40
China,2001,38
China,2002,38
China,2003,35
China,2004,35
China,2005,35
China,2006,35
China,2007,34
China,2008,28
China,2009,26
China,2010,26
China,2011,27
China,2012,22
China,2013,20
China,2014,18
China,2015,19
China,2016,18
Colombia,1964,57
Colombia,1965,47
Colombia,1966,41
Colombia,1967,42
Colombia,1968,47
Colombia,1969,52
Colombia,1970,51
Colombia,1971,48
Colombia,1972,48
Colombia,1973,42
Colombia,1974,41
Colombia,1975,40
Colombia,1976,46
Colombia,1977,50
Colombia,1978,59
Colombia,1979,59
Colombia,1980,61
Colombia,1981,47
Colombia,1982,43
Colombia,1983,40
Colombia,1984,39
Colombia,1985,43
Colombia,1986,47
Colombia,1987,55
Colombia,1988,53
Colombia,1989,52
Colombia,1990,53
Colombia,1991,48
Colombia,1992,54
Colombia,1993,61
Colombia,1994,61
Colombia,1995,62
Colombia,1996,61
Colombia,1997,58
Colombia,1998,63
Colombia,1999,55
Colombia,2000,50
Colombia,2001,48
Colombia,2002,45
Colombia,2003,48
Colombia,2004,48
Colombia,2005,49
Colombia,2006,52
Colombia,2007,55
Colombia,2008,48
Colombia,2009,51
Colombia,2010,51
Colombia,2011,59
Colombia,2012,54
Colombia,2013,60
Colombia,2014,57
Colombia,2015,58
Colombia,2016,45
Congo,1964,80
Congo,1965,76
Congo,1966,81
Congo,1967,74
Congo,1968,72
Congo,1969,75
Congo,1970,79
Congo,1971,80
Congo,1972,83
Congo,1973,90
Congo,1974,89
Congo,1975,90
Congo,1976,93
Congo,1977,91
Congo,1978,88
Congo,1979,84
Congo,1980,86
Congo,1981,95
Congo,1982,95
Congo,1983,96
Congo,1984,97
Congo,1985,95
Congo,1986,97
Congo,1987,97
Congo,1988,93
Congo,1989,97
Congo,1990,96
Congo,1991,97
Congo,1992,110
Congo,1993,112
Congo,1994,113
Congo,1995,113
Congo,1996,94
Congo,1997,110
Congo,1998,106
Congo,1999,112
Congo,2000,114
Congo,2001,113
Congo,2002,114
Congo,2003,113
Congo,2004,115
Congo,2005,117
Congo,2006,117
Congo,2007,118
Congo,2008,118
Congo,2009,117
Congo,2010,116
Congo,2011,110
Congo,2012,105
Congo,2013,78
Congo,2014,81
Congo,2015,84
Costa Rica,1964,36
Costa Rica,1965,27
Costa Rica,1966,27
Costa Rica,1967,24
Costa Rica,1968,25
Costa Rica,1969,30
Costa Rica,1970,29
Costa Rica,1971,32
Costa Rica,1972,30
Costa Rica,1973,30
Costa Rica,1974,29
Costa Rica,1975,31
Costa Rica,1976,37
Costa Rica,1977,38
Costa Rica,1978,35
Costa Rica,1979,31
Costa Rica,1980,31
Costa Rica,1981,36
Costa Rica,1982,42
Costa Rica,1983,44
Costa Rica,1984,44
Costa Rica,1985,48
Costa Rica,1986,54
Costa Rica,1987,49
Costa Rica,1988,43
Costa Rica,1989,45
Costa Rica,1990,48
Costa Rica,1991,46
Costa Rica,1992,51
Costa Rica,1993,58
Costa Rica,1994,64
Costa Rica,1995,67
Costa Rica,1996,67
Costa Rica,1997,62
Costa Rica,1998,66
Costa Rica,1999,63
Costa Rica,2000,59
Costa Rica,2001,60
Costa Rica,2002,48
Costa Rica,2003,55
Costa Rica,2004,55
Costa Rica,2005,55
Costa Rica,2006,58
Costa Rica,2007,58
Costa Rica,2008,55
Costa Rica,2009,55
Costa Rica,2010,57
Costa Rica,2011,56
Costa Rica,2012,47
Costa Rica,2013,46
Costa Rica,2014,46
Costa Rica,2015,47
Costa Rica,2016,47
Cote d'Ivoire,1964,79
Cote d'Ivoire,1965,68
Cote d'Ivoire,1966,79
Cote d'Ivoire,1967,76
Cote d'Ivoire,1968,81
Cote d'Ivoire,1969,89
Cote d'Ivoire,1970,86
Cote d'Ivoire,1971,88
Cote d'Ivoire,1972,89
Cote d'Ivoire,1973,92
Cote d'Ivoire,1974,93
Cote d'Ivoire,1975,89
Cote d'Ivoire,1976,94
Cote d'Ivoire,1977,85
Cote d'Ivoire,1978,83
Cote d'Ivoire,1979,80
Cote d'Ivoire,1980,83
Cote d'Ivoire,1981,81
Cote d'Ivoire,1982,86
Cote d'Ivoire,1983,83
Cote d'Ivoire,1984,83
Cote d'Ivoire,1985,83
Cote d'Ivoire,1986,95
Cote d'Ivoire,1987,96
Cote d'Ivoire,1988,94
Cote d'Ivoire,1989,94
Cote d'Ivoire,1990,93
Cote d'Ivoire,1991,93
Cote d'Ivoire,1992,112
Cote d'Ivoire,1993,116
Cote d'Ivoire,1994,114
Cote d'Ivoire,1995,114
Cote d'Ivoire,1996,108
Cote d'Ivoire,1997,112
Cote d'Ivoire,1998,108
Cote d'Ivoire,1999,110
Cote d'Ivoire,2000,107
Cote d'Ivoire,2001,106
Cote d'Ivoire,2002,109
Cote d'Ivoire,2003,110
Cote d'Ivoire,2004,110
Cote d'Ivoire,2005,109
Cote d'Ivoire,2006,114
Cote d'Ivoire,2007,113
Cote d'Ivoire,2008,111
Cote d'Ivoire,2009,113
Cote d'Ivoire,2010,113
Cote d'Ivoire,2011,108
Cote d'Ivoire,2012,103
Cote d'Ivoire,2013,97
Cote d'Ivoire,2014,96
Cote d'Ivoire,2015,96
Croatia,1992,18
Croatia,1993,20
Croatia,1994,26
Croatia,1995,24
Croatia,1996,26
Croatia,1997,27
Croatia,1998,27
Croatia,1999,27
Croatia,2000,27
Croatia,2001,28
Croatia,2002,29
Croatia,2003,30
Croatia,2004,29
Croatia,2005,29
Croatia,2006,27
Croatia,2007,25
Croatia,2008,25
Croatia,2009,25
Croatia,2010,25
Croatia,2011,25
Croatia,2012,26
Croatia,2013,25
Croatia,2014,26
Croatia,2015,29
Croatia,2016,27
Czechia,1993,16
Czechia,1994,14
Czechia,1995,13
Czechia,1996,13
Czechia,1997,13
Czechia,1998,14
Czechia,1999,12
Czechia,2000,12
Czechia,2001,12
Czechia,2002,11
Czechia,2003,11
Czechia,2004,12
Czechia,2005,10
Czechia,2006,9
Czechia,2007,11
Czechia,2008,9
Czechia,2009,9
Czechia,2010,10
Czechia,2011,8
Czechia,2012,7
Czechia,2013,9
Czechia,2014,8
Czechia,2015,8
Czechia,2016,9
Democratic Republic of Congo,1980,95
Democratic Republic of Congo,1981,93
Democratic Republic of Congo,1982,91
Democratic Republic of Congo,1983,93
Democratic Republic of Congo,1984,93
Democratic Republic of Congo,1985,91
Democratic Republic of Congo,1986,91
Democratic Republic of Congo,1987,94
Democratic Republic of Congo,1988,90
Democratic Republic of Congo,1989,89
Democratic Republic of Congo,1990,90
Democratic Republic of Congo,1991,89
Democratic Republic of Congo,1992,109
Democratic Republic of Congo,1993,111
Democratic Republic of Congo,1994,112
Democratic Republic of Congo,1995,110
Democratic Republic of Congo,1996,112
Democratic Republic of Congo,1997,113
Democratic Republic of Congo,1998,110
Democratic Republic of Congo,1999,113
Democratic Republic of Congo,2000,111
Democratic Republic of Congo,2001,109
Democratic Republic of Congo,2002,107
Democratic Republic of Congo,2003,105
Democratic Republic of Congo,2004,106
Democratic Republic of Congo,2005,114
Democratic Republic of Congo,2006,115
Democratic Republic of Congo,2007,108
Democratic Republic of Congo,2008,108
Democratic Republic of Congo,2009,109
Democratic Republic of Congo,2010,103
Democratic Republic of Congo,2011,105
Democratic Republic of Congo,2012,110
Denmark,1964,13
Denmark,1965,11
Denmark,1966,14
Denmark,1967,14
Denmark,1968,13
Denmark,1969,13
Denmark,1970,12
Denmark,1971,11
Denmark,1972,12
Denmark,1973,13
Denmark,1974,13
Denmark,1975,12
Denmark,1976,12
Denmark,1977,12
Denmark,1978,12
Denmark,1979,12
Denmark,1980,12
Denmark,1981,12
Denmark,1982,12
Denmark,1983,12
Denmark,1984,11
Denmark,1985,11
Denmark,1986,11
Denmark,1987,11
Denmark,1988,10
Denmark,1989,10
Denmark,1990,9
Denmark,1991,9
Denmark,1992,9
Denmark,1993,11
Denmark,1994,9
Denmark,1995,11
Denmark,1996,11
Denmark,1997,11
Denmark,1998,10
Denmark,1999,9
Denmark,2000,9
Denmark,2001,10
Denmark,2002,13
Denmark,2003,13
Denmark,2004,14
Denmark,2005,13
Denmark,2006,14
Denmark,2007,14
Denmark,2008,16
Denmark,2009,17
Denmark,2010,18
Denmark,2011,17
Denmark,2012,19
Denmark,2013,21
Denmark,2014,22
Denmark,2015,25
Denmark,2016,21
Dominican Republic,1964,68
Dominican Republic,1965,84
Dominican Republic,1966,63
Dominican Republic,1967,64
Dominican Republic,1968,71
Dominican Republic,1969,62
Dominican Republic,1970,68
Dominican Republic,1971,60
Dominican Republic,1972,58
Dominican Republic,1973,51
Dominican Republic,1974,50
Dominican Republic,1975,56
Dominican Republic,1976,61
Dominican Republic,1977,63
Dominican Republic,1978,51
Dominican Republic,1979,56
Dominican Republic,1980,60
Dominican Republic,1981,62
Dominican Republic,1982,61
Dominican Republic,1983,59
Dominican Republic,1984,63
Dominican Republic,1985,52
Dominican Republic,1986,53
Dominican Republic,1987,47
Dominican Republic,1988,52
Dominican Republic,1989,56
Dominican Republic,1990,61
Dominican Republic,1991,59
Dominican Republic,1992,66
Dominican Republic,1993,82
Dominican Republic,1994,84
Dominican Republic,1995,76
Dominican Republic,1996,76
Dominican Republic,1997,73
Dominican Republic,1998,79
Dominican Republic,1999,85
Dominican Republic,2000,79
Dominican Republic,2001,75
Dominican Republic,2002,78
Dominican Republic,2003,77
Dominican Republic,2004,73
Dominican Republic,2005,75
Dominican Republic,2006,71
Dominican Republic,2007,69
Dominican Republic,2008,66
Dominican Republic,2009,69
Dominican Republic,2010,70
Dominican Republic,2011,68
Dominican Republic,2012,67
Dominican Republic,2013,64
Dominican Republic,2014,68
Dominican Republic,2015,69
Dominican Republic,2016,59
Ecuador,1964,56
Ecuador,1965,58
Ecuador,1966,64
Ecuador,1967,66
Ecuador,1968,78
Ecuador,1969,80
Ecuador,1970,80
Ecuador,1971,85
Ecuador,1972,86
Ecuador,1973,83
Ecuador,1974,78
Ecuador,1975,81
Ecuador,1976,84
Ecuador,1977,86
Ecuador,1978,93
Ecuador,1979,82
Ecuador,1980,74
Ecuador,1981,77
Ecuador,1982,74
Ecuador,1983,81
Ecuador,1984,82
Ecuador,1985,89
Ecuador,1986,88
Ecuador,1987,89
Ecuador,1988,83
Ecuador,1989,80
Ecuador,1990,82
Ecuador,1991,84
Ecuador,1992,100
Ecuador,1993,98
Ecuador,1994,99
Ecuador,1995,103
Ecuador,1996,101
Ecuador,1997,99
Ecuador,1998,97
Ecuador,1999,98
Ecuador,2000,96
Ecuador,2001,94
Ecuador,2002,96
Ecuador,2003,96
Ecuador,2004,93
Ecuador,2005,87
Ecuador,2006,95
Ecuador,2007,92
Ecuador,2008,95
Ecuador,2009,96
Ecuador,2010,90
Ecuador,2011,90
Ecuador,2012,86
Ecuador,2013,98
Ecuador,2014,99
Ecuador,2015,102
Ecuador,2016,82
Egypt,1964,48
Egypt,1965,49
Egypt,1966,44
Egypt,1967,44
Egypt,1968,46
Egypt,1969,49
Egypt,1970,48
Egypt,1971,46
Egypt,1972,44
Egypt,1973,40
Egypt,1974,46
Egypt,1975,43
Egypt,1976,49
Egypt,1977,47
Egypt,1978,49
Egypt,1979,57
Egypt,1980,66
Egypt,1981,71
Egypt,1982,70
Egypt,1983,65
Egypt,1984,67
Egypt,1985,67
Egypt,1986,66
Egypt,1987,70
Egypt,1988,65
Egypt,1989,66
Egypt,1990,70
Egypt,1991,66
Egypt,1992,70
Egypt,1993,74
Egypt,1994,74
Egypt,1995,74
Egypt,1996,75
Egypt,1997,77
Egypt,1998,74
Egypt,1999,72
Egypt,2000,72
Egypt,2001,71
Egypt,2002,73
Egypt,2003,73
Egypt,2004,74
Egypt,2005,74
Egypt,2006,72
Egypt,2007,68
Egypt,2008,67
Egypt,2009,70
Egypt,2010,69
Egypt,2011,69
Egypt,2012,69
Egypt,2013,69
Egypt,2014,61
Egypt,2015,61
Egypt,2016,52
El Salvador,1964,28
El Salvador,1965,29
El Salvador,1966,30
El Salvador,1967,30
El Salvador,1968,28
El Salvador,1969,29
El Salvador,1970,31
El Salvador,1971,30
El Salvador,1972,25
El Salvador,1973,26
El Salvador,1974,28
El Salvador,1975,30
El Salvador,1976,38
El Salvador,1977,41
El Salvador,1978,34
El Salvador,1979,36
El Salvador,1980,38
El Salvador,1981,35
El Salvador,1982,32
El Salvador,1983,34
El Salvador,1984,43
El Salvador,1985,70
El Salvador,1986,35
El Salvador,1987,28
El Salvador,1988,35
El Salvador,1989,31
El Salvador,1990,30
El Salvador,1991,32
El Salvador,1992,33
El Salvador,1993,39
El Salvador,1994,42
El Salvador,1995,59
El Salvador,1996,64
El Salvador,1997,61
El Salvador,1998,62
El Salvador,1999,59
El Salvador,2000,61
El Salvador,2001,65
El Salvador,2002,65
El Salvador,2003,65
El Salvador,2004,63
El Salvador,2005,60
El Salvador,2006,59
El Salvador,2007,67
El Salvador,2008,61
El Salvador,2009,62
El Salvador,2010,63
El Salvador,2011,62
El Salvador,2012,56
El Salvador,2013,55
El Salvador,2014,50
El Salvador,2015,53
El Salvador,2016,49
Estonia,1992,42
Estonia,1993,40
Estonia,1994,38
Estonia,1995,34
Estonia,1996,31
Estonia,1997,30
Estonia,1998,32
Estonia,1999,32
Estonia,2000,33
Estonia,2001,31
Estonia,2002,33
Estonia,2003,32
Estonia,2004,32
Estonia,2005,30
Estonia,2006,30
Estonia,2007,28
Estonia,2008,29
Estonia,2009,27
Estonia,2010,29
Estonia,2011,31
Estonia,2012,31
Estonia,2013,33
Estonia,2014,30
Estonia,2015,30
Estonia,2016,23
Ethiopia,1964,77
Ethiopia,1965,72
Ethiopia,1966,74
Ethiopia,1967,73
Ethiopia,1968,79
Ethiopia,1969,78
Ethiopia,1970,82
Ethiopia,1971,84
Ethiopia,1972,90
Ethiopia,1973,84
Ethiopia,1974,84
Ethiopia,1975,79
Ethiopia,1976,82
Ethiopia,1977,82
Ethiopia,1978,80
Ethiopia,1979,88
Ethiopia,1980,85
Ethiopia,1981,83
Ethiopia,1982,77
Ethiopia,1983,76
Ethiopia,1984,74
Ethiopia,1985,77
Ethiopia,1986,84
Ethiopia,1987,79
Ethiopia,1988,81
Ethiopia,1989,81
Ethiopia,1990,81
Ethiopia,1991,87
Ethiopia,1992,102
Ethiopia,1993,94
Ethiopia,1994,90
Ethiopia,1995,105
Ethiopia,1996,105
Ethiopia,1997,111
Ethiopia,1998,111
Ethiopia,1999,102
Ethiopia,2000,105
Ethiopia,2001,102
Ethiopia,2002,99
Ethiopia,2003,98
Ethiopia,2004,105
Ethiopia,2005,102
Ethiopia,2006,103
Ethiopia,2007,107
Ethiopia,2008,113
Ethiopia,2009,112
Ethiopia,2010,111
Ethiopia,2011,112
Ethiopia,2012,108
Ethiopia,2013,105
Ethiopia,2014,102
Ethiopia,2015,103
Ethiopia,2016,81
Finland,1964,11
Finland,1965,13
Finland,1966,12
Finland,1967,13
Finland,1968,12
Finland,1969,11
Finland,1970,11
Finland,1971,12
Finland,1972,11
Finland,1973,14
Finland,1974,11
Finland,1975,11
Finland,1976,11
Finland,1977,11
Finland,1978,11
Finland,1979,11
Finland,1980,11
Finland,1981,11
Finland,1982,10
Finland,1983,9
Finland,1984,10
Finland,1985,10
Finland,1986,10
Finland,1987,9
Finland,1988,8
Finland,1989,7
Finland,1990,7
Finland,1991,7
Finland,1992,7
Finland,1993,7
Finland,1994,6
Finland,1995,6
Finland,1996,6
Finland,1997,6
Finland,1998,5
Finland,1999,6
Finland,2000,7
Finland,2001,6
Finland,2002,7
Finland,2003,7
Finland,2004,7
Finland,2005,5
Finland,2006,5
Finland,2007,5
Finland,2008,5
Finland,2009,5
Finland,2010,6
Finland,2011,6
Finland,2012,9
Finland,2013,8
Finland,2014,9
Finland,2015,9
France,1964,8
France,1965,9
France,1966,9
France,1967,9
France,1968,9
France,1969,9
France,1970,9
France,1971,8
France,1972,9
France,1973,9
France,1974,8
France,1975,8
France,1976,8
France,1977,8
France,1978,7
France,1979,8
France,1980,7
France,1981,8
France,1982,7
France,1983,8
France,1984,8
France,1985,8
France,1986,8
France,1987,8
France,1988,9
France,1989,9
France,1990,10
France,1991,10
France,1992,10
France,1993,10
France,1994,11
France,1995,9
France,1996,10
France,1997,9
France,1998,9
France,1999,10
France,2000,10
France,2001,9
France,2002,10
France,2003,10
France,2004,11
France,2005,12
France,2006,11
France,2007,12
France,2008,12
France,2009,12
France,2010,12
France,2011,14
France,2012,14
France,2013,16
France,2014,19
France,2015,18
France,2016,13
Gabon,1964,90
Gabon,1965,92
Gabon,1966,93
Gabon,1967,92
Gabon,1968,93
Gabon,1969,95
Gabon,1970,92
Gabon,1971,95
Gabon,1972,95
Gabon,1973,96
Gabon,1974,96
Gabon,1975,96
Gabon,1976,95
Gabon,1977,93
Gabon,1978,92
Gabon,1979,93
Gabon,1980,92
Gabon,1981,91
Gabon,1982,92
Gabon,1983,94
Gabon,1984,95
Gabon,1985,90
Gabon,1986,93
Gabon,1987,95
Gabon,1988,96
Gabon,1989,91
Gabon,1990,94
Gabon,1991,94
Gabon,1992,104
Gabon,1993,113
Gabon,1994,115
Gabon,1995,111
Gabon,1996,106
Gabon,1997,114
Gabon,1998,114
Gabon,1999,104
Gabon,2000,109
Gabon,2001,99
Gabon,2002,112
Gabon,2003,118
Gabon,2004,101
Gabon,2005,113
Gabon,2006,113
Gabon,2007,101
Gabon,2008,92
Gabon,2009,92
Gabon,2010,106
Gabon,2011,93
Gabon,2012,112
Georgia,1992,64
Georgia,1993,57
Georgia,1994,56
Georgia,1995,33
Georgia,1996,36
Georgia,1997,45
Georgia,1998,48
Georgia,1999,44
Georgia,2000,44
Georgia,2001,44
Georgia,2002,47
Georgia,2003,44
Georgia,2004,68
Georgia,2005,67
Georgia,2006,74
Georgia,2007,71
Georgia,2008,78
Georgia,2009,72
Georgia,2010,73
Georgia,2011,64
Georgia,2012,65
Georgia,2013,66
Georgia,2014,70
Georgia,2015,68
Georgia,2016,67
Germany,1964,1
Germany,1965,1
Germany,1966,1
Germany,1967,1
Germany,1968,1
Germany,1969,1
Germany,1970,1
Germany,1971,1
Germany,1972,1
Germany,1973,1
Germany,1974,1
Germany,1975,1
Germany,1976,1
Germany,1977,1
Germany,1978,1
Germany,1979,1
Germany,1980,1
Germany,1981,1
Germany,1982,1
Germany,1983,1
Germany,1984,2
Germany,1985,2
Germany,1986,2
Germany,1987,2
Germany,1988,2
Germany,1989,2
Germany,1990,3
Germany,1991,3
Germany,1992,3
Germany,1993,3
Germany,1994,2
Germany,1995,2
Germany,1996,2
Germany,1997,2
Germany,1998,3
Germany,1999,2
Germany,2000,2
Germany,2001,3
Germany,2002,2
Germany,2003,2
Germany,2004,2
Germany,2005,2
Germany,2006,2
Germany,2007,2
Germany,2008,2
Germany,2009,3
Germany,2010,3
Germany,2011,3
Germany,2012,3
Germany,2013,3
Germany,2014,4
Germany,2015,4
Germany,2016,5
Ghana,1964,85
Ghana,1965,74
Ghana,1966,83
Ghana,1967,78
Ghana,1968,67
Ghana,1969,77
Ghana,1970,83
Ghana,1971,81
Ghana,1972,81
Ghana,1973,91
Ghana,1974,92
Ghana,1975,88
Ghana,1976,91
Ghana,1977,92
Ghana,1978,85
Ghana,1979,87
Ghana,1980,82
Ghana,1981,87
Ghana,1982,90
Ghana,1983,85
Ghana,1984,90
Ghana,1985,84
Ghana,1986,85
Ghana,1987,88
Ghana,1988,87
Ghana,1989,86
Ghana,1990,89
Ghana,1991,96
Ghana,1992,111
Ghana,1993,115
Ghana,1994,116
Ghana,1995,115
Ghana,1996,115
Ghana,1997,109
Ghana,1998,105
Ghana,1999,111
Ghana,2000,112
Ghana,2001,111
Ghana,2002,108
Ghana,2003,112
Ghana,2004,114
Ghana,2005,115
Ghana,2006,110
Ghana,2007,104
Ghana,2008,104
Ghana,2009,100
Ghana,2010,108
Ghana,2011,104
Ghana,2012,101
Ghana,2013,102
Ghana,2014,100
Ghana,2015,98
Ghana,2016,78
Greece,1964,38
Greece,1965,35
Greece,1966,35
Greece,1967,39
Greece,1968,38
Greece,1969,40
Greece,1970,34
Greece,1971,35
Greece,1972,39
Greece,1973,39
Greece,1974,36
Greece,1975,33
Greece,1976,34
Greece,1977,34
Greece,1978,32
Greece,1979,37
Greece,1980,42
Greece,1981,33
Greece,1982,33
Greece,1983,31
Greece,1984,34
Greece,1985,34
Greece,1986,36
Greece,1987,36
Greece,1988,39
Greece,1989,41
Greece,1990,36
Greece,1991,39
Greece,1992,46
Greece,1993,48
Greece,1994,54
Greece,1995,57
Greece,1996,53
Greece,1997,50
Greece,1998,47
Greece,1999,50
Greece,2000,48
Greece,2001,45
Greece,2002,43
Greece,2003,42
Greece,2004,43
Greece,2005,45
Greece,2006,47
Greece,2007,48
Greece,2008,51
Greece,2009,47
Greece,2010,48
Greece,2011,53
Greece,2012,58
Greece,2013,58
Greece,2014,56
Greece,2015,54
Greece,2016,48
Guatemala,1964,47
Guatemala,1965,38
Guatemala,1966,40
Guatemala,1967,38
Guatemala,1968,37
Guatemala,1969,34
Guatemala,1970,33
Guatemala,1971,36
Guatemala,1972,38
Guatemala,1973,35
Guatemala,1974,40
Guatemala,1975,41
Guatemala,1976,48
Guatemala,1977,49
Guatemala,1978,47
Guatemala,1979,43
Guatemala,1980,44
Guatemala,1981,41
Guatemala,1982,41
Guatemala,1983,42
Guatemala,1984,46
Guatemala,1985,61
Guatemala,1986,52
Guatemala,1987,50
Guatemala,1988,51
Guatemala,1989,55
Guatemala,1990,50
Guatemala,1991,50
Guatemala,1992,59
Guatemala,1993,62
Guatemala,1994,59
Guatemala,1995,58
Guatemala,1996,63
Guatemala,1997,65
Guatemala,1998,67
Guatemala,1999,68
Guatemala,2000,67
Guatemala,2001,69
Guatemala,2002,72
Guatemala,2003,74
Guatemala,2004,75
Guatemala,2005,71
Guatemala,2006,73
Guatemala,2007,70
Guatemala,2008,63
Guatemala,2009,65
Guatemala,2010,67
Guatemala,2011,73
Guatemala,2012,68
Guatemala,2013,72
Guatemala,2014,69
Guatemala,2015,67
Guinea,1964,72
Guinea,1965,85
Guinea,1966,89
Guinea,1967,87
Guinea,1968,86
Guinea,1969,88
Guinea,1970,85
Guinea,1971,74
Guinea,1972,84
Guinea,1973,77
Guinea,1974,91
Guinea,1975,93
Guinea,1976,96
Guinea,1977,97
Guinea,1978,96
Guinea,1979,97
Guinea,1980,97
Guinea,1981,96
Guinea,1982,96
Guinea,1983,99
Guinea,1984,99
Guinea,1985,97
Guinea,1986,96
Guinea,1987,100
Guinea,1988,99
Guinea,1989,100
Guinea,1990,97
Guinea,1991,95
Guinea,1992,105
Guinea,1993,109
Guinea,1994,109
Guinea,1995,109
Guinea,1996,114
Guinea,1997,115
Guinea,1998,116
Guinea,1999,116
Guinea,2000,118
Guinea,2001,118
Guinea,2002,118
Guinea,2003,117
Guinea,2004,112
Guinea,2005,111
Guinea,2006,109
Guinea,2007,115
Guinea,2008,115
Guinea,2009,116
Guinea,2010,119
Guinea,2011,118
Guinea,2012,117
Guinea,2014,107
Guinea,2015,106
Honduras,1964,50
Honduras,1965,51
Honduras,1966,54
Honduras,1967,55
Honduras,1968,48
Honduras,1969,48
Honduras,1970,50
Honduras,1971,54
Honduras,1972,59
Honduras,1973,61
Honduras,1974,55
Honduras,1975,60
Honduras,1976,66
Honduras,1977,65
Honduras,1978,67
Honduras,1979,71
Honduras,1980,71
Honduras,1981,70
Honduras,1982,66
Honduras,1983,69
Honduras,1984,69
Honduras,1985,66
Honduras,1986,74
Honduras,1987,72
Honduras,1988,74
Honduras,1989,74
Honduras,1990,69
Honduras,1991,65
Honduras,1992,73
Honduras,1993,83
Honduras,1994,85
Honduras,1995,84
Honduras,1996,85
Honduras,1997,87
Honduras,1998,89
Honduras,1999,83
Honduras,2000,83
Honduras,2001,85
Honduras,2002,90
Honduras,2003,85
Honduras,2004,79
Honduras,2005,84
Honduras,2006,88
Honduras,2007,86
Honduras,2008,86
Honduras,2009,91
Honduras,2010,89
Honduras,2011,86
Honduras,2012,74
Honduras,2013,67
Honduras,2014,66
Honduras,2015,66
Hong Kong,1964,15
Hong Kong,1965,15
Hong Kong,1966,15
Hong Kong,1967,15
Hong Kong,1968,15
Hong Kong,1969,15
Hong Kong,1970,14
Hong Kong,1971,15
Hong Kong,1972,13
Hong Kong,1973,12
Hong Kong,1974,15
Hong Kong,1975,14
Hong Kong,1976,19
Hong Kong,1977,20
Hong Kong,1978,19
Hong Kong,1979,19
Hong Kong,1980,21
Hong Kong,1981,24
Hong Kong,1982,24
Hong Kong,1983,20
Hong Kong,1984,17
Hong Kong,1985,17
Hong Kong,1986,17
Hong Kong,1987,18
Hong Kong,1988,18
Hong Kong,1989,18
Hong Kong,1990,19
Hong Kong,1991,17
Hong Kong,1992,21
Hong Kong,1993,28
Hong Kong,1994,29
Hong Kong,1995,29
Hong Kong,1996,34
Hong Kong,1997,33
Hong Kong,1998,41
Hong Kong,1999,38
Hong Kong,2000,36
Hong Kong,2001,29
Hong Kong,2002,30
Hong Kong,2003,31
Hong Kong,2004,31
Hong Kong,2005,33
Hong Kong,2006,34
Hong Kong,2007,39
Hong Kong,2008,35
Hong Kong,2009,41
Hong Kong,2010,41
Hong Kong,2011,29
Hong Kong,2012,20
Hong Kong,2013,15
Hong Kong,2014,13
Hong Kong,2015,12
Hong Kong,2016,12
Hungary,1964,16
Hungary,1965,16
Hungary,1966,16
Hungary,1967,16
Hungary,1968,16
Hungary,1969,17
Hungary,1970,17
Hungary,1971,17
Hungary,1972,16
Hungary,1973,18
Hungary,1974,19
Hungary,1975,20
Hungary,1976,26
Hungary,1977,24
Hungary,1978,20
Hungary,1979,18
Hungary,1980,19
Hungary,1981,20
Hungary,1982,20
Hungary,1983,25
Hungary,1984,23
Hungary,1985,21
Hungary,1986,25
Hungary,1987,22
Hungary,1988,20
Hungary,1989,20
Hungary,1990,20
Hungary,1991,20
Hungary,1992,23
Hungary,1993,22
Hungary,1994,21
Hungary,1995,21
Hungary,1996,22
Hungary,1997,22
Hungary,1998,24
Hungary,1999,26
Hungary,2000,25
Hungary,2001,22
Hungary,2002,22
Hungary,2003,20
Hungary,2004,20
Hungary,2005,20
Hungary,2006,18
Hungary,2007,15
Hungary,2008,14
Hungary,2009,16
Hungary,2010,13
Hungary,2011,11
Hungary,2012,10
Hungary,2013,11
Hungary,2014,12
Hungary,2015,10
Hungary,2016,15
India,1964,39
India,1965,39
India,1966,42
India,1967,45
India,1968,45
India,1969,44
India,1970,38
India,1971,40
India,1972,42
India,1973,43
India,1974,43
India,1975,42
India,1976,43
India,1977,39
India,1978,40
India,1979,38
India,1980,36
India,1981,37
India,1982,40
India,1983,47
India,1984,40
India,1985,38
India,1986,37
India,1987,38
India,1988,41
India,1989,40
India,1990,34
India,1991,34
India,1992,39
India,1993,52
India,1994,57
India,1995,48
India,1996,52
India,1997,52
India,1998,52
India,1999,47
India,2000,45
India,2001,41
India,2002,41
India,2003,46
India,2004,47
India,2005,47
India,2006,49
India,2007,49
India,2008,49
India,2009,54
India,2010,56
India,2011,50
India,2012,51
India,2013,53
India,2014,49
India,2015,46
India,2016,37
Indonesia,1964,87
Indonesia,1965,90
Indonesia,1966,90
Indonesia,1967,88
Indonesia,1968,88
Indonesia,1969,86
Indonesia,1970,93
Indonesia,1971,92
Indonesia,1972,96
Indonesia,1973,94
Indonesia,1974,95
Indonesia,1975,95
Indonesia,1976,97
Indonesia,1977,95
Indonesia,1978,94
Indonesia,1979,95
Indonesia,1980,96
Indonesia,1981,94
Indonesia,1982,94
Indonesia,1983,92
Indonesia,1984,92
Indonesia,1985,94
Indonesia,1986,87
Indonesia,1987,87
Indonesia,1988,78
Indonesia,1989,76
Indonesia,1990,73
Indonesia,1991,64
Indonesia,1992,82
Indonesia,1993,81
Indonesia,1994,78
Indonesia,1995,72
Indonesia,1996,71
Indonesia,1997,70
Indonesia,1998,68
Indonesia,1999,67
Indonesia,2000,65
Indonesia,2001,57
Indonesia,2002,55
Indonesia,2003,57
Indonesia,2004,61
Indonesia,2005,56
Indonesia,2006,60
Indonesia,2007,61
Indonesia,2008,59
Indonesia,2009,61
Indonesia,2010,65
Indonesia,2011,63
Indonesia,2012,61
Indonesia,2013,56
Indonesia,2014,51
Indonesia,2015,52
Indonesia,2016,51
Iran,1964,63
Iran,1965,64
Iran,1966,68
Iran,1967,68
Iran,1968,70
Iran,1969,70
Iran,1970,74
Iran,1971,72
Iran,1972,74
Iran,1973,89
Iran,1974,94
Iran,1975,94
Iran,1976,89
Iran,1977,90
Iran,1978,87
Iran,1979,91
Iran,1980,93
Iran,1981,85
Iran,1982,87
Iran,1983,89
Iran,1984,87
Iran,1985,87
Iran,1986,90
Iran,1987,92
Iran,1988,88
Iran,1989,90
Iran,1990,91
Iran,1991,92
Iran,1992,108
Iran,1993,110
Iran,1994,107
Iran,1995,100
Iran,1996,95
Iran,1997,90
Iran,1998,90
Iran,1999,94
Iran,2000,98
Iran,2001,95
Iran,2002,95
Iran,2003,95
Iran,2004,97
Iran,2005,98
Iran,2006,91
Iran,2007,90
Iran,2008,106
Iran,2009,105
Iran,2010,100
Iran,2011,101
Iran,2012,97
Iran,2013,89
Ireland,1964,19
Ireland,1965,20
Ireland,1966,18
Ireland,1967,17
Ireland,1968,18
Ireland,1969,21
Ireland,1970,18
Ireland,1971,18
Ireland,1972,17
Ireland,1973,16
Ireland,1974,16
Ireland,1975,17
Ireland,1976,20
Ireland,1977,17
Ireland,1978,13
Ireland,1979,14
Ireland,1980,13
Ireland,1981,13
Ireland,1982,13
Ireland,1983,13
Ireland,1984,13
Ireland,1985,13
Ireland,1986,13
Ireland,1987,13
Ireland,1988,13
Ireland,1989,13
Ireland,1990,13
Ireland,1991,13
Ireland,1992,14
Ireland,1993,13
Ireland,1994,13
Ireland,1995,16
Ireland,1996,15
Ireland,1997,14
Ireland,1998,11
Ireland,1999,14
Ireland,2000,14
Ireland,2001,14
Ireland,2002,12
Ireland,2003,9
Ireland,2004,13
Ireland,2005,16
Ireland,2006,15
Ireland,2007,17
Ireland,2008,15
Ireland,2009,14
Ireland,2010,17
Ireland,2011,19
Ireland,2012,18
Ireland,2013,14
Ireland,2014,16
Ireland,2015,15
Ireland,2016,11
Israel,1964,20
Israel,1965,18
Israel,1966,22
Israel,1967,25
Israel,1968,26
Israel,1969,25
Israel,1970,26
Israel,1971,25
Israel,1972,24
Israel,1973,24
Israel,1974,23
Israel,1975,21
Israel,1976,24
Israel,1977,21
Israel,1978,21
Israel,1979,24
Israel,1980,25
Israel,1981,16
Israel,1982,16
Israel,1983,14
Israel,1984,14
Israel,1985,14
Israel,1986,15
Israel,1987,15
Israel,1988,16
Israel,1989,16
Israel,1990,16
Israel,1991,15
Israel,1992,17
Israel,1993,18
Israel,1994,19
Israel,1995,19
Israel,1996,20
Israel,1997,20
Israel,1998,18
Israel,1999,19
Israel,2000,19
Israel,2001,20
Israel,2002,21
Israel,2003,21
Israel,2004,21
Israel,2005,21
Israel,2006,22
Israel,2007,21
Israel,2008,20
Israel,2009,19
Israel,2010,21
Israel,2011,18
Israel,2012,17
Israel,2013,17
Israel,2014,20
Israel,2015,20
Israel,2016,10
Italy,1964,7
Italy,1965,7
Italy,1966,7
Italy,1967,6
Italy,1968,7
Italy,1969,8
Italy,1970,7
Italy,1971,7
Italy,1972,7
Italy,1973,7
Italy,1974,7
Italy,1975,7
Italy,1976,7
Italy,1977,7
Italy,1978,8
Italy,1979,7
Italy,1980,8
Italy,1981,7
Italy,1982,8
Italy,1983,7
Italy,1984,7
Italy,1985,7
Italy,1986,7
Italy,1987,7
Italy,1988,7
Italy,1989,8
Italy,1990,8
Italy,1991,8
Italy,1992,8
Italy,1993,9
Italy,1994,10
Italy,1995,10
Italy,1996,9
Italy,1997,10
Italy,1998,13
Italy,1999,11
Italy,2000,13
Italy,2001,11
Italy,2002,14
Italy,2003,16
Italy,2004,15
Italy,2005,15
Italy,2006,16
Italy,2007,16
Italy,2008,17
Italy,2009,15
Italy,2010,16
Italy,2011,16
Italy,2012,16
Italy,2013,19
Italy,2014,15
Italy,2015,17
Italy,2016,17
Jamaica,1964,45
Jamaica,1965,45
Jamaica,1966,57
Jamaica,1967,57
Jamaica,1968,53
Jamaica,1969,51
Jamaica,1970,53
Jamaica,1971,50
Jamaica,1972,51
Jamaica,1973,45
Jamaica,1974,44
Jamaica,1975,46
Jamaica,1976,47
Jamaica,1977,48
Jamaica,1978,44
Jamaica,1979,52
Jamaica,1980,47
Jamaica,1981,46
Jamaica,1982,49
Jamaica,1983,52
Jamaica,1984,49
Jamaica,1985,46
Jamaica,1986,48
Jamaica,1987,62
Jamaica,1988,56
Jamaica,1989,57
Jamaica,1990,57
Jamaica,1991,63
Jamaica,1992,67
Jamaica,1993,76
Jamaica,1994,81
Jamaica,1995,83
Jamaica,1996,87
Jamaica,1997,84
Jamaica,1998,81
Jamaica,1999,82
Jamaica,2000,90
Jamaica,2001,81
Jamaica,2002,82
Jamaica,2003,79
Jamaica,2004,72
Jamaica,2005,73
Jamaica,2006,77
Jamaica,2007,73
Jamaica,2008,64
Jamaica,2009,67
Jamaica,2010,66
Jamaica,2011,66
Jamaica,2012,71
Jamaica,2013,76
Jamaica,2014,83
Jamaica,2015,80
Jamaica,2016,61
Japan,1964,5
Japan,1965,6
Japan,1966,6
Japan,1967,7
Japan,1968,6
Japan,1969,5
Japan,1970,6
Japan,1971,5
Japan,1972,5
Japan,1973,2
Japan,1974,6
Japan,1975,3
Japan,1976,3
Japan,1977,3
Japan,1978,3
Japan,1979,4
Japan,1980,4
Japan,1981,6
Japan,1982,4
Japan,1983,3
Japan,1984,1
Japan,1985,1
Japan,1986,1
Japan,1987,1
Japan,1988,1
Japan,1989,1
Japan,1990,1
Japan,1991,1
Japan,1992,1
Japan,1993,1
Japan,1994,1
Japan,1995,1
Japan,1996,1
Japan,1997,1
Japan,1998,1
Japan,1999,1
Japan,2000,1
Japan,2001,1
Japan,2002,1
Japan,2003,1
Japan,2004,1
Japan,2005,1
Japan,2006,1
Japan,2007,1
Japan,2008,1
Japan,2009,1
Japan,2010,1
Japan,2011,1
Japan,2012,1
Japan,2013,1
Japan,2014,1
Japan,2015,1
Japan,2016,2
Jordan,1964,30
Jordan,1965,30
Jordan,1966,29
Jordan,1967,31
Jordan,1968,30
Jordan,1969,28
Jordan,1970,28
Jordan,1971,24
Jordan,1972,36
Jordan,1973,34
Jordan,1974,35
Jordan,1975,28
Jordan,1976,14
Jordan,1977,14
Jordan,1978,15
Jordan,1979,17
Jordan,1980,20
Jordan,1981,25
Jordan,1982,25
Jordan,1983,26
Jordan,1984,20
Jordan,1985,22
Jordan,1986,30
Jordan,1987,29
Jordan,1988,28
Jordan,1989,27
Jordan,1990,29
Jordan,1991,30
Jordan,1992,52
Jordan,1993,55
Jordan,1994,53
Jordan,1995,61
Jordan,1996,58
Jordan,1997,54
Jordan,1998,49
Jordan,1999,46
Jordan,2000,43
Jordan,2001,42
Jordan,2002,66
Jordan,2003,66
Jordan,2004,52
Jordan,2005,57
Jordan,2006,54
Jordan,2007,52
Jordan,2008,56
Jordan,2009,48
Jordan,2010,47
Jordan,2011,49
Jordan,2012,48
Jordan,2013,54
Jordan,2014,48
Jordan,2015,48
Jordan,2016,40
Kazakhstan,1992,79
Kazakhstan,1993,65
Kazakhstan,1994,65
Kazakhstan,1995,51
Kazakhstan,1996,40
Kazakhstan,1997,48
Kazakhstan,1998,51
Kazakhstan,1999,66
Kazakhstan,2000,68
Kazakhstan,2001,68
Kazakhstan,2002,68
Kazakhstan,2003,64
Kazakhstan,2004,70
Kazakhstan,2005,70
Kazakhstan,2006,70
Kazakhstan,2007,74
Kazakhstan,2008,77
Kazakhstan,2009,74
Kazakhstan,2010,80
Kazakhstan,2011,96
Kazakhstan,2012,93
Kazakhstan,2013,92
Kazakhstan,2014,93
Kazakhstan,2015,91
Kazakhstan,2016,62
Kenya,1964,83
Kenya,1965,79
Kenya,1966,71
Kenya,1967,67
Kenya,1968,65
Kenya,1969,69
Kenya,1970,63
Kenya,1971,57
Kenya,1972,56
Kenya,1973,60
Kenya,1974,66
Kenya,1975,67
Kenya,1976,65
Kenya,1977,66
Kenya,1978,64
Kenya,1979,66
Kenya,1980,63
Kenya,1981,67
Kenya,1982,69
Kenya,1983,82
Kenya,1984,81
Kenya,1985,81
Kenya,1986,80
Kenya,1987,80
Kenya,1988,82
Kenya,1989,84
Kenya,1990,85
Kenya,1991,80
Kenya,1992,99
Kenya,1993,99
Kenya,1994,92
Kenya,1995,80
Kenya,1996,79
Kenya,1997,82
Kenya,1998,84
Kenya,1999,79
Kenya,2000,81
Kenya,2001,77
Kenya,2002,83
Kenya,2003,82
Kenya,2004,87
Kenya,2005,82
Kenya,2006,87
Kenya,2007,87
Kenya,2008,80
Kenya,2009,83
Kenya,2010,79
Kenya,2011,82
Kenya,2012,82
Kenya,2013,75
Kenya,2014,73
Kenya,2015,76
Kuwait,1964,64
Kuwait,1965,77
Kuwait,1966,73
Kuwait,1967,75
Kuwait,1968,87
Kuwait,1969,84
Kuwait,1970,77
Kuwait,1971,68
Kuwait,1972,62
Kuwait,1973,64
Kuwait,1974,70
Kuwait,1975,64
Kuwait,1976,18
Kuwait,1977,18
Kuwait,1978,28
Kuwait,1979,44
Kuwait,1980,43
Kuwait,1981,42
Kuwait,1982,44
Kuwait,1983,43
Kuwait,1984,58
Kuwait,1985,72
Kuwait,1986,40
Kuwait,1987,54
Kuwait,1988,34
Kuwait,1989,36
Kuwait,1990,51
Kuwait,1991,75
Kuwait,1992,84
Kuwait,1993,75
Kuwait,1994,80
Kuwait,1995,95
Kuwait,1996,82
Kuwait,1997,75
Kuwait,1998,78
Kuwait,1999,77
Kuwait,2000,73
Kuwait,2001,70
Kuwait,2002,69
Kuwait,2003,67
Kuwait,2004,64
Kuwait,2005,72
Kuwait,2006,65
Kuwait,2007,76
Kuwait,2008,83
Kuwait,2009,85
Kuwait,2010,72
Kuwait,2011,70
Kuwait,2012,75
Kuwait,2013,106
Kuwait,2014,86
Kuwait,2015,83
Kyrgyzstan,2016,57
Laos,1968,69
Laos,1969,82
Laos,1970,65
Laos,1971,69
Laos,1972,77
Laos,1973,75
Laos,1974,75
Laos,1975,73
Laos,1976,72
Laos,1977,55
Laos,1978,53
Laos,1979,53
Laos,1980,46
Laos,1981,44
Laos,1982,47
Laos,1983,68
Laos,1984,61
Laos,1985,47
Laos,1986,62
Laos,1987,66
Laos,1988,73
Laos,1989,61
Laos,1990,64
Laos,1991,73
Laos,1992,93
Laos,1993,91
Laos,1994,89
Laos,1995,93
Laos,1996,78
Laos,1997,80
Laos,1998,80
Laos,1999,92
Laos,2000,104
Laos,2001,100
Laos,2002,91
Laos,2003,94
Laos,2004,102
Laos,2005,97
Laos,2006,98
Laos,2007,91
Laos,2008,97
Laos,2009,99
Laos,2010,96
Laos,2011,103
Laos,2012,102
Laos,2016,79
Latvia,1992,58
Latvia,1993,59
Latvia,1994,63
Latvia,1995,53
Latvia,1996,45
Latvia,1997,44
Latvia,1998,42
Latvia,1999,39
Latvia,2000,47
Latvia,2001,47
Latvia,2002,44
Latvia,2003,40
Latvia,2004,41
Latvia,2005,39
Latvia,2006,37
Latvia,2007,36
Latvia,2008,34
Latvia,2009,35
Latvia,2010,34
Latvia,2011,36
Latvia,2012,37
Latvia,2013,37
Latvia,2014,38
Latvia,2015,39
Latvia,2016,32
Lebanon,1964,41
Lebanon,1965,36
Lebanon,1966,37
Lebanon,1967,28
Lebanon,1968,31
Lebanon,1969,32
Lebanon,1970,24
Lebanon,1971,28
Lebanon,1972,26
Lebanon,1973,25
Lebanon,1974,25
Lebanon,1975,26
Lebanon,1976,21
Lebanon,1977,16
Lebanon,1978,18
Lebanon,1979,27
Lebanon,1980,28
Lebanon,1981,28
Lebanon,1982,28
Lebanon,1983,29
Lebanon,1984,29
Lebanon,1985,30
Lebanon,1986,28
Lebanon,1987,30
Lebanon,1988,30
Lebanon,1989,34
Lebanon,1990,35
Lebanon,1991,40
Lebanon,1992,45
Lebanon,1993,49
Lebanon,1994,43
Lebanon,1995,52
Lebanon,1996,60
Lebanon,1997,55
Lebanon,1998,61
Lebanon,1999,62
Lebanon,2000,54
Lebanon,2001,53
Lebanon,2002,54
Lebanon,2003,61
Lebanon,2004,56
Lebanon,2005,48
Lebanon,2006,48
Lebanon,2007,46
Lebanon,2008,44
Lebanon,2009,45
Lebanon,2010,45
Lebanon,2011,45
Lebanon,2012,46
Lebanon,2013,47
Lebanon,2014,45
Lebanon,2015,45
Lithuania,1992,44
Lithuania,1993,42
Lithuania,1994,49
Lithuania,1995,49
Lithuania,1996,44
Lithuania,1997,42
Lithuania,1998,40
Lithuania,1999,40
Lithuania,2000,41
Lithuania,2001,46
Lithuania,2002,46
Lithuania,2003,47
Lithuania,2004,44
Lithuania,2005,43
Lithuania,2006,41
Lithuania,2007,40
Lithuania,2008,36
Lithuania,2009,40
Lithuania,2010,39
Lithuania,2011,34
Lithuania,2012,33
Lithuania,2013,34
Lithuania,2014,34
Lithuania,2015,34
Lithuania,2016,26
Madagascar,1964,81
Madagascar,1965,81
Madagascar,1966,80
Madagascar,1967,85
Madagascar,1968,84
Madagascar,1969,85
Madagascar,1970,81
Madagascar,1971,79
Madagascar,1972,75
Madagascar,1973,80
Madagascar,1974,85
Madagascar,1975,85
Madagascar,1976,88
Madagascar,1977,89
Madagascar,1978,90
Madagascar,1979,90
Madagascar,1980,84
Madagascar,1981,80
Madagascar,1982,88
Madagascar,1983,90
Madagascar,1984,91
Madagascar,1985,92
Madagascar,1986,94
Madagascar,1987,91
Madagascar,1988,91
Madagascar,1989,93
Madagascar,1990,42
Madagascar,1991,45
Madagascar,1992,61
Madagascar,1993,105
Madagascar,1994,103
Madagascar,1995,104
Madagascar,1996,104
Madagascar,1997,104
Madagascar,1998,103
Madagascar,1999,103
Madagascar,2000,108
Madagascar,2001,107
Madagascar,2002,110
Madagascar,2003,108
Madagascar,2004,108
Madagascar,2005,108
Madagascar,2006,104
Madagascar,2007,105
Madagascar,2008,101
Madagascar,2009,102
Madagascar,2010,99
Madagascar,2011,94
Madagascar,2012,88
Madagascar,2013,85
Madagascar,2014,85
Madagascar,2015,89
Madagascar,2016,83
Malaysia,1964,67
Malaysia,1965,71
Malaysia,1966,65
Malaysia,1967,60
Malaysia,1968,59
Malaysia,1969,64
Malaysia,1970,66
Malaysia,1971,77
Malaysia,1972,70
Malaysia,1973,74
Malaysia,1974,68
Malaysia,1975,69
Malaysia,1976,67
Malaysia,1977,64
Malaysia,1978,61
Malaysia,1979,65
Malaysia,1980,65
Malaysia,1981,68
Malaysia,1982,63
Malaysia,1983,55
Malaysia,1984,41
Malaysia,1985,40
Malaysia,1986,45
Malaysia,1987,43
Malaysia,1988,46
Malaysia,1989,48
Malaysia,1990,41
Malaysia,1991,36
Malaysia,1992,38
Malaysia,1993,47
Malaysia,1994,52
Malaysia,1995,40
Malaysia,1996,39
Malaysia,1997,37
Malaysia,1998,37
Malaysia,1999,33
Malaysia,2000,28
Malaysia,2001,30
Malaysia,2002,26
Malaysia,2003,27
Malaysia,2004,26
Malaysia,2005,27
Malaysia,2006,28
Malaysia,2007,27
Malaysia,2008,30
Malaysia,2009,33
Malaysia,2010,36
Malaysia,2011,30
Malaysia,2012,27
Malaysia,2013,28
Malaysia,2014,27
Malaysia,2015,22
Malaysia,2016,14
Mali,2016,73
Mauritania,1964,54
Mauritania,1965,57
Mauritania,1966,84
Mauritania,1967,89
Mauritania,1968,83
Mauritania,1969,61
Mauritania,1970,64
Mauritania,1971,66
Mauritania,1972,79
Mauritania,1973,79
Mauritania,1974,77
Mauritania,1975,72
Mauritania,1976,73
Mauritania,1977,74
Mauritania,1978,82
Mauritania,1979,92
Mauritania,1980,87
Mauritania,1981,88
Mauritania,1982,82
Mauritania,1983,91
Mauritania,1984,94
Mauritania,1985,85
Mauritania,1986,82
Mauritania,1987,85
Mauritania,1988,92
Mauritania,1989,95
Mauritania,1990,95
Mauritania,1991,91
Mauritania,1992,107
Mauritania,1993,106
Mauritania,1994,106
Mauritania,1995,106
Mauritania,1996,111
Mauritania,1997,105
Mauritania,1998,102
Mauritania,1999,87
Mauritania,2000,89
Mauritania,2001,90
Mauritania,2002,102
Mauritania,2003,102
Mauritania,2004,116
Mauritania,2005,110
Mauritania,2006,118
Mauritania,2007,117
Mauritania,2008,117
Mauritania,2009,118
Mauritania,2010,117
Mauritania,2011,119
Mauritania,2012,118
Mauritania,2016,85
Mauritius,2016,54
Mexico,1964,35
Mexico,1965,37
Mexico,1966,36
Mexico,1967,40
Mexico,1968,42
Mexico,1969,41
Mexico,1970,36
Mexico,1971,34
Mexico,1972,35
Mexico,1973,33
Mexico,1974,30
Mexico,1975,27
Mexico,1976,32
Mexico,1977,31
Mexico,1978,31
Mexico,1979,29
Mexico,1980,29
Mexico,1981,29
Mexico,1982,31
Mexico,1983,33
Mexico,1984,33
Mexico,1985,32
Mexico,1986,32
Mexico,1987,25
Mexico,1988,24
Mexico,1989,24
Mexico,1990,22
Mexico,1991,23
Mexico,1992,24
Mexico,1993,25
Mexico,1994,24
Mexico,1995,25
Mexico,1996,27
Mexico,1997,26
Mexico,1998,26
Mexico,1999,25
Mexico,2000,22
Mexico,2001,24
Mexico,2002,23
Mexico,2003,23
Mexico,2004,23
Mexico,2005,23
Mexico,2006,20
Mexico,2007,22
Mexico,2008,22
Mexico,2009,24
Mexico,2010,24
Mexico,2011,22
Mexico,2012,25
Mexico,2013,24
Mexico,2014,23
Mexico,2015,23
Mexico,2016,25
Moldova,1992,29
Moldova,1993,31
Moldova,1994,36
Moldova,1995,39
Moldova,1996,47
Moldova,1997,47
Moldova,1998,54
Moldova,1999,61
Moldova,2000,62
Moldova,2001,61
Moldova,2002,57
Moldova,2003,53
Moldova,2004,57
Moldova,2005,58
Moldova,2006,62
Moldova,2007,60
Moldova,2008,60
Moldova,2009,60
Moldova,2010,62
Moldova,2011,54
Moldova,2012,52
Moldova,2013,50
Moldova,2014,52
Moldova,2015,57
Moldova,2016,63
Mongolia,1974,37
Mongolia,1975,37
Mongolia,1976,35
Mongolia,1977,28
Mongolia,1978,29
Mongolia,1979,30
Mongolia,1980,39
Mongolia,1981,40
Mongolia,1982,55
Mongolia,1983,53
Mongolia,1984,60
Mongolia,1985,60
Mongolia,1986,68
Mongolia,1987,63
Mongolia,1988,54
Mongolia,1989,63
Mongolia,1990,68
Mongolia,1991,60
Mongolia,1992,74
Mongolia,1993,69
Mongolia,1994,76
Mongolia,1995,77
Mongolia,1996,81
Mongolia,1997,83
Mongolia,1998,88
Mongolia,1999,95
Mongolia,2000,88
Mongolia,2001,86
Mongolia,2002,89
Mongolia,2003,87
Mongolia,2004,95
Mongolia,2005,100
Mongolia,2006,101
Mongolia,2007,103
Mongolia,2008,102
Mongolia,2009,97
Mongolia,2010,102
Mongolia,2011,107
Mongolia,2012,111
Mongolia,2013,107
Mongolia,2014,101
Mongolia,2015,99
Mongolia,2016,84
Morocco,1964,46
Morocco,1965,41
Morocco,1966,50
Morocco,1967,56
Morocco,1968,57
Morocco,1969,55
Morocco,1970,54
Morocco,1971,49
Morocco,1972,49
Morocco,1973,52
Morocco,1974,59
Morocco,1975,57
Morocco,1976,58
Morocco,1977,56
Morocco,1978,55
Morocco,1979,58
Morocco,1980,58
Morocco,1981,57
Morocco,1982,53
Morocco,1983,54
Morocco,1984,54
Morocco,1985,51
Morocco,1986,57
Morocco,1987,61
Morocco,1988,60
Morocco,1989,65
Morocco,1990,63
Morocco,1991,62
Morocco,1992,72
Morocco,1993,80
Morocco,1994,88
Morocco,1995,81
Morocco,1996,89
Morocco,1997,89
Morocco,1998,92
Morocco,1999,84
Morocco,2000,86
Morocco,2001,84
Morocco,2002,85
Morocco,2003,90
Morocco,2004,84
Morocco,2005,78
Morocco,2006,80
Morocco,2007,82
Morocco,2008,75
Morocco,2009,80
Morocco,2010,84
Morocco,2011,77
Morocco,2012,80
Morocco,2013,83
Morocco,2014,78
Morocco,2015,81
Morocco,2016,75
Mozambique,1964,78
Mozambique,1965,82
Mozambique,1966,76
Mozambique,1967,79
Mozambique,1968,74
Mozambique,1969,71
Mozambique,1970,71
Mozambique,1971,71
Mozambique,1972,76
Mozambique,1973,71
Mozambique,1974,72
Mozambique,1975,75
Mozambique,1976,81
Mozambique,1977,80
Mozambique,1978,78
Mozambique,1979,69
Mozambique,1980,72
Mozambique,1981,75
Mozambique,1982,67
Mozambique,1983,67
Mozambique,1984,64
Mozambique,1985,59
Mozambique,1986,55
Mozambique,1987,44
Mozambique,1988,64
Mozambique,1989,64
Mozambique,1990,60
Mozambique,1991,53
Mozambique,1992,56
Mozambique,1993,66
Mozambique,1994,69
Mozambique,1995,75
Mozambique,1996,92
Mozambique,1997,78
Mozambique,1998,83
Mozambique,1999,65
Mozambique,2000,70
Mozambique,2001,88
Mozambique,2002,101
Mozambique,2003,109
Mozambique,2004,113
Mozambique,2005,106
Mozambique,2006,111
Mozambique,2007,112
Mozambique,2008,112
Mozambique,2009,111
Mozambique,2010,112
Mozambique,2011,115
Mozambique,2012,109
Mozambique,2013,101
Mozambique,2014,98
Mozambique,2015,97
Myanmar,1964,73
Myanmar,1965,83
Myanmar,1966,82
Myanmar,1967,81
Myanmar,1968,85
Myanmar,1969,87
Myanmar,1970,87
Myanmar,1971,93
Myanmar,1972,82
Myanmar,1973,76
Myanmar,1974,76
Myanmar,1975,84
Myanmar,1976,80
Myanmar,1977,81
Myanmar,1978,77
Myanmar,1979,77
Myanmar,1980,78
Myanmar,1981,76
Myanmar,1982,75
Myanmar,1983,78
Myanmar,1984,78
Myanmar,1985,74
Myanmar,1986,77
Myanmar,1987,83
Myanmar,1988,86
Myanmar,1989,85
Myanmar,1990,86
Myanmar,1991,88
Myanmar,1992,106
Myanmar,1993,108
Myanmar,1994,108
Myanmar,1995,107
Myanmar,1996,107
Myanmar,1997,107
Myanmar,1998,107
Myanmar,1999,107
Myanmar,2000,113
Myanmar,2001,114
Myanmar,2002,111
Myanmar,2003,111
Myanmar,2004,111
Myanmar,2005,112
Myanmar,2006,112
Myanmar,2007,111
Myanmar,2008,110
Myanmar,2009,110
Myanmar,2010,110
Myanmar,2011,113
Namibia,2000,92
Namibia,2001,87
Namibia,2002,84
Namibia,2003,80
Namibia,2004,86
Namibia,2005,91
Namibia,2006,94
Namibia,2007,100
Namibia,2008,88
Namibia,2009,78
Namibia,2010,83
Namibia,2011,81
Namibia,2012,66
Namibia,2013,62
Namibia,2014,67
Namibia,2015,65
Namibia,2016,58
Netherlands,1964,14
Netherlands,1965,14
Netherlands,1966,13
Netherlands,1967,12
Netherlands,1968,14
Netherlands,1969,14
Netherlands,1970,15
Netherlands,1971,13
Netherlands,1972,14
Netherlands,1973,15
Netherlands,1974,14
Netherlands,1975,15
Netherlands,1976,17
Netherlands,1977,15
Netherlands,1978,16
Netherlands,1979,13
Netherlands,1980,14
Netherlands,1981,14
Netherlands,1982,14
Netherlands,1983,16
Netherlands,1984,16
Netherlands,1985,16
Netherlands,1986,14
Netherlands,1987,14
Netherlands,1988,14
Netherlands,1989,14
Netherlands,1990,14
Netherlands,1991,14
Netherlands,1992,15
Netherlands,1993,15
Netherlands,1994,16
Netherlands,1995,15
Netherlands,1996,16
Netherlands,1997,16
Netherlands,1998,16
Netherlands,1999,17
Netherlands,2000,17
Netherlands,2001,19
Netherlands,2002,19
Netherlands,2003,18
Netherlands,2004,19
Netherlands,2005,19
Netherlands,2006,21
Netherlands,2007,20
Netherlands,2008,21
Netherlands,2009,21
Netherlands,2010,20
Netherlands,2011,24
Netherlands,2012,28
Netherlands,2013,26
Netherlands,2014,29
Netherlands,2015,26
New Zealand,1964,32
New Zealand,1965,31
New Zealand,1966,33
New Zealand,1967,35
New Zealand,1968,39
New Zealand,1969,39
New Zealand,1970,39
New Zealand,1971,38
New Zealand,1972,34
New Zealand,1973,32
New Zealand,1974,33
New Zealand,1975,39
New Zealand,1976,44
New Zealand,1977,42
New Zealand,1978,37
New Zealand,1979,35
New Zealand,1980,35
New Zealand,1981,30
New Zealand,1982,29
New Zealand,1983,32
New Zealand,1984,32
New Zealand,1985,29
New Zealand,1986,29
New Zealand,1987,31
New Zealand,1988,31
New Zealand,1989,29
New Zealand,1990,31
New Zealand,1991,29
New Zealand,1992,36
New Zealand,1993,37
New Zealand,1994,32
New Zealand,1995,35
New Zealand,1996,38
New Zealand,1997,40
New Zealand,1998,38
New Zealand,1999,41
New Zealand,2000,42
New Zealand,2001,43
New Zealand,2002,42
New Zealand,2003,41
New Zealand,2004,42
New Zealand,2005,42
New Zealand,2006,45
New Zealand,2007,45
New Zealand,2008,46
New Zealand,2009,50
New Zealand,2010,54
New Zealand,2011,52
New Zealand,2012,49
New Zealand,2013,52
New Zealand,2014,53
New Zealand,2015,56
New Zealand,2016,46
Nicaragua,1964,70
Nicaragua,1965,52
Nicaragua,1966,47
Nicaragua,1967,41
Nicaragua,1968,40
Nicaragua,1969,42
Nicaragua,1970,37
Nicaragua,1971,39
Nicaragua,1972,41
Nicaragua,1973,46
Nicaragua,1974,45
Nicaragua,1975,44
Nicaragua,1976,57
Nicaragua,1977,60
Nicaragua,1978,56
Nicaragua,1979,49
Nicaragua,1980,53
Nicaragua,1981,61
Nicaragua,1982,58
Nicaragua,1983,60
Nicaragua,1984,71
Nicaragua,1985,86
Nicaragua,1986,69
Nicaragua,1987,58
Nicaragua,1988,67
Nicaragua,1989,67
Nicaragua,1990,65
Nicaragua,1991,72
Nicaragua,1992,77
Nicaragua,1993,73
Nicaragua,1994,72
Nicaragua,1995,78
Nicaragua,1996,88
Nicaragua,1997,81
Nicaragua,1998,87
Nicaragua,1999,90
Nicaragua,2000,95
Nicaragua,2001,89
Nicaragua,2002,92
Nicaragua,2003,92
Nicaragua,2004,91
Nicaragua,2005,93
Nicaragua,2006,99
Nicaragua,2007,97
Nicaragua,2008,91
Nicaragua,2009,90
Nicaragua,2010,91
Nicaragua,2011,97
Nicaragua,2012,87
Nicaragua,2013,91
Nicaragua,2014,92
Nicaragua,2015,95
Nigeria,1964,93
Nigeria,1965,94
Nigeria,1966,94
Nigeria,1967,93
Nigeria,1968,95
Nigeria,1969,96
Nigeria,1970,96
Nigeria,1971,96
Nigeria,1972,97
Nigeria,1973,97
Nigeria,1974,98
Nigeria,1975,98
Nigeria,1976,98
Nigeria,1977,98
Nigeria,1978,98
Nigeria,1979,98
Nigeria,1980,99
Nigeria,1981,98
Nigeria,1982,98
Nigeria,1983,98
Nigeria,1984,100
Nigeria,1985,100
Nigeria,1986,100
Nigeria,1987,98
Nigeria,1988,97
Nigeria,1989,98
Nigeria,1990,100
Nigeria,1991,99
Nigeria,1992,115
Nigeria,1993,118
Nigeria,1994,118
Nigeria,1995,118
Nigeria,1996,118
Nigeria,1997,118
Nigeria,1998,118
Nigeria,1999,118
Nigeria,2000,120
Nigeria,2001,120
Nigeria,2002,119
Nigeria,2003,119
Nigeria,2004,120
Nigeria,2005,120
Nigeria,2006,121
Nigeria,2007,120
Nigeria,2008,121
Nigeria,2009,121
Nigeria,2010,121
Nigeria,2011,117
Nigeria,2012,115
Nigeria,2013,108
Nigeria,2014,103
Nigeria,2015,107
North Macedonia,1993,36
North Macedonia,1994,39
North Macedonia,1995,41
North Macedonia,1996,49
North Macedonia,1997,51
North Macedonia,1998,55
North Macedonia,1999,58
North Macedonia,2000,56
North Macedonia,2001,56
North Macedonia,2002,61
North Macedonia,2003,69
North Macedonia,2004,60
North Macedonia,2005,62
North Macedonia,2006,68
North Macedonia,2007,64
North Macedonia,2008,65
North Macedonia,2009,64
North Macedonia,2010,64
North Macedonia,2011,65
North Macedonia,2012,63
North Macedonia,2013,61
North Macedonia,2014,59
North Macedonia,2015,63
North Macedonia,2016,53
Norway,1964,12
Norway,1965,12
Norway,1966,11
Norway,1967,11
Norway,1968,11
Norway,1969,12
Norway,1970,13
Norway,1971,14
Norway,1972,15
Norway,1973,11
Norway,1974,12
Norway,1975,13
Norway,1976,13
Norway,1977,13
Norway,1978,14
Norway,1979,15
Norway,1980,16
Norway,1981,19
Norway,1982,18
Norway,1983,21
Norway,1984,19
Norway,1985,19
Norway,1986,19
Norway,1987,17
Norway,1988,17
Norway,1989,17
Norway,1990,17
Norway,1991,19
Norway,1992,22
Norway,1993,23
Norway,1994,23
Norway,1995,26
Norway,1996,24
Norway,1997,24
Norway,1998,23
Norway,1999,23
Norway,2000,26
Norway,2001,27
Norway,2002,28
Norway,2003,26
Norway,2004,28
Norway,2005,28
Norway,2006,29
Norway,2007,32
Norway,2008,37
Norway,2009,36
Norway,2010,33
Norway,2011,39
Norway,2012,36
Norway,2013,35
Norway,2014,33
Norway,2015,32
Norway,2016,20
Oman,1964,43
Oman,1965,61
Oman,1966,75
Oman,1967,61
Oman,1968,94
Oman,1969,94
Oman,1970,88
Oman,1971,91
Oman,1972,88
Oman,1973,73
Oman,1974,62
Oman,1975,74
Oman,1976,15
Oman,1977,37
Oman,1978,68
Oman,1979,73
Oman,1980,55
Oman,1981,48
Oman,1982,78
Oman,1983,27
Oman,1984,30
Oman,1985,50
Oman,1986,79
Oman,1987,78
Oman,1988,48
Oman,1989,32
Oman,1990,46
Oman,1991,56
Oman,1992,87
Oman,1993,88
Oman,1994,73
Oman,1995,85
Oman,1996,77
Oman,1997,86
Oman,1998,75
Oman,1999,81
Oman,2000,84
Oman,2001,101
Oman,2002,98
Oman,2003,88
Oman,2004,78
Oman,2005,90
Oman,2006,82
Oman,2007,72
Oman,2008,74
Oman,2009,75
Oman,2010,68
Oman,2011,75
Oman,2012,91
Oman,2013,86
Oman,2014,82
Oman,2015,79
Oman,2016,56
Pakistan,1964,55
Pakistan,1965,46
Pakistan,1966,56
Pakistan,1967,47
Pakistan,1968,54
Pakistan,1969,53
Pakistan,1970,52
Pakistan,1971,53
Pakistan,1972,55
Pakistan,1973,53
Pakistan,1974,48
Pakistan,1975,47
Pakistan,1976,50
Pakistan,1977,46
Pakistan,1978,46
Pakistan,1979,45
Pakistan,1980,54
Pakistan,1981,53
Pakistan,1982,50
Pakistan,1983,57
Pakistan,1984,53
Pakistan,1985,55
Pakistan,1986,61
Pakistan,1987,65
Pakistan,1988,70
Pakistan,1989,72
Pakistan,1990,72
Pakistan,1991,70
Pakistan,1992,85
Pakistan,1993,87
Pakistan,1994,94
Pakistan,1995,91
Pakistan,1996,93
Pakistan,1997,94
Pakistan,1998,95
Pakistan,1999,91
Pakistan,2000,94
Pakistan,2001,91
Pakistan,2002,87
Pakistan,2003,89
Pakistan,2004,92
Pakistan,2005,89
Pakistan,2006,85
Pakistan,2007,83
Pakistan,2008,81
Pakistan,2009,84
Pakistan,2010,86
Pakistan,2011,89
Pakistan,2012,94
Pakistan,2013,95
Pakistan,2014,90
Pakistan,2015,87
Pakistan,2016,74
Panama,1964,21
Panama,1965,21
Panama,1966,19
Panama,1967,23
Panama,1968,20
Panama,1969,20
Panama,1970,20
Panama,1971,27
Panama,1972,31
Panama,1973,31
Panama,1974,32
Panama,1975,36
Panama,1976,42
Panama,1977,45
Panama,1978,42
Panama,1979,41
Panama,1980,37
Panama,1981,31
Panama,1982,30
Panama,1983,36
Panama,1984,31
Panama,1985,41
Panama,1986,41
Panama,1987,52
Panama,1988,49
Panama,1989,44
Panama,1990,33
Panama,1991,35
Panama,1992,35
Panama,1993,44
Panama,1994,44
Panama,1995,47
Panama,1996,59
Panama,1997,60
Panama,1998,59
Panama,1999,57
Panama,2000,51
Panama,2001,49
Panama,2002,50
Panama,2003,54
Panama,2004,51
Panama,2005,50
Panama,2006,50
Panama,2007,47
Panama,2008,45
Panama,2009,43
Panama,2010,43
Panama,2011,35
Panama,2012,32
Panama,2013,30
Panama,2014,77
Panama,2015,74
Panama,2016,24
Paraguay,1964,82
Paraguay,1965,73
Paraguay,1966,66
Paraguay,1967,59
Paraguay,1968,62
Paraguay,1969,67
Paraguay,1970,59
Paraguay,1971,63
Paraguay,1972,69
Paraguay,1973,63
Paraguay,1974,65
Paraguay,1975,63
Paraguay,1976,71
Paraguay,1977,72
Paraguay,1978,72
Paraguay,1979,75
Paraguay,1980,81
Paraguay,1981,79
Paraguay,1982,80
Paraguay,1983,71
Paraguay,1984,80
Paraguay,1985,78
Paraguay,1986,78
Paraguay,1987,77
Paraguay,1988,79
Paraguay,1989,78
Paraguay,1990,83
Paraguay,1991,85
Paraguay,1992,97
Paraguay,1993,100
Paraguay,1994,93
Paraguay,1995,79
Paraguay,1996,83
Paraguay,1997,85
Paraguay,1998,77
Paraguay,1999,76
Paraguay,2000,82
Paraguay,2001,82
Paraguay,2002,79
Paraguay,2003,81
Paraguay,2004,82
Paraguay,2005,79
Paraguay,2006,84
Paraguay,2007,84
Paraguay,2008,85
Paraguay,2009,82
Paraguay,2010,85
Paraguay,2011,84
Paraguay,2012,85
Paraguay,2013,93
Paraguay,2014,95
Paraguay,2015,94
Paraguay,2016,72
Peru,1964,74
Peru,1965,69
Peru,1966,61
Peru,1967,63
Peru,1968,63
Peru,1969,68
Peru,1970,76
Peru,1971,73
Peru,1972,73
Peru,1973,72
Peru,1974,71
Peru,1975,70
Peru,1976,69
Peru,1977,71
Peru,1978,71
Peru,1979,63
Peru,1980,57
Peru,1981,64
Peru,1982,64
Peru,1983,66
Peru,1984,65
Peru,1985,64
Peru,1986,63
Peru,1987,64
Peru,1988,57
Peru,1989,60
Peru,1990,62
Peru,1991,54
Peru,1992,69
Peru,1993,77
Peru,1994,79
Peru,1995,73
Peru,1996,73
Peru,1997,74
Peru,1998,76
Peru,1999,74
Peru,2000,77
Peru,2001,76
Peru,2002,76
Peru,2003,78
Peru,2004,83
Peru,2005,81
Peru,2006,83
Peru,2007,85
Peru,2008,87
Peru,2009,89
Peru,2010,88
Peru,2011,87
Peru,2012,90
Peru,2013,94
Peru,2014,91
Peru,2015,90
Peru,2016,76
Philippines,1964,58
Philippines,1965,62
Philippines,1966,62
Philippines,1967,62
Philippines,1968,61
Philippines,1969,60
Philippines,1970,57
Philippines,1971,61
Philippines,1972,65
Philippines,1973,65
Philippines,1974,63
Philippines,1975,54
Philippines,1976,56
Philippines,1977,67
Philippines,1978,54
Philippines,1979,62
Philippines,1980,56
Philippines,1981,56
Philippines,1982,54
Philippines,1983,61
Philippines,1984,55
Philippines,1985,54
Philippines,1986,65
Philippines,1987,60
Philippines,1988,63
Philippines,1989,54
Philippines,1990,49
Philippines,1991,47
Philippines,1992,50
Philippines,1993,64
Philippines,1994,60
Philippines,1995,64
Philippines,1996,68
Philippines,1997,66
Philippines,1998,70
Philippines,1999,69
Philippines,2000,60
Philippines,2001,63
Philippines,2002,58
Philippines,2003,56
Philippines,2004,58
Philippines,2005,63
Philippines,2006,56
Philippines,2007,51
Philippines,2008,50
Philippines,2009,52
Philippines,2010,49
Philippines,2011,44
Philippines,2012,44
Philippines,2013,41
Philippines,2014,37
Philippines,2015,38
Philippines,2016,38
Poland,1964,17
Poland,1965,17
Poland,1966,17
Poland,1967,18
Poland,1968,22
Poland,1969,19
Poland,1970,22
Poland,1971,21
Poland,1972,21
Poland,1973,21
Poland,1974,20
Poland,1975,18
Poland,1976,22
Poland,1977,23
Poland,1978,23
Poland,1979,20
Poland,1980,17
Poland,1981,18
Poland,1982,17
Poland,1983,19
Poland,1984,24
Poland,1985,25
Poland,1986,22
Poland,1987,20
Poland,1988,21
Poland,1989,22
Poland,1990,24
Poland,1991,24
Poland,1992,30
Poland,1993,30
Poland,1994,28
Poland,1995,27
Poland,1996,25
Poland,1997,25
Poland,1998,25
Poland,1999,24
Poland,2000,23
Poland,2001,23
Poland,2002,24
Poland,2003,25
Poland,2004,24
Poland,2005,24
Poland,2006,24
Poland,2007,24
Poland,2008,23
Poland,2009,22
Poland,2010,22
Poland,2011,21
Poland,2012,24
Poland,2013,27
Poland,2014,25
Poland,2015,27
Poland,2016,22
Portugal,1964,18
Portugal,1965,19
Portugal,1966,20
Portugal,1967,19
Portugal,1968,21
Portugal,1969,18
Portugal,1970,19
Portugal,1971,19
Portugal,1972,20
Portugal,1973,20
Portugal,1974,21
Portugal,1975,22
Portugal,1976,31
Portugal,1977,27
Portugal,1978,25
Portugal,1979,21
Portugal,1980,24
Portugal,1981,23
Portugal,1982,21
Portugal,1983,22
Portugal,1984,21
Portugal,1985,20
Portugal,1986,21
Portugal,1987,23
Portugal,1988,23
Portugal,1989,25
Portugal,1990,26
Portugal,1991,25
Portugal,1992,26
Portugal,1993,32
Portugal,1994,34
Portugal,1995,36
Portugal,1996,35
Portugal,1997,39
Portugal,1998,36
Portugal,1999,37
Portugal,2000,32
Portugal,2001,33
Portugal,2002,31
Portugal,2003,33
Portugal,2004,33
Portugal,2005,31
Portugal,2006,31
Portugal,2007,33
Portugal,2008,32
Portugal,2009,29
Portugal,2010,28
Portugal,2011,33
Portugal,2012,35
Portugal,2013,38
Portugal,2014,36
Portugal,2015,36
Portugal,2016,36
Qatar,1964,29
Qatar,1965,44
Qatar,1966,58
Qatar,1967,94
Qatar,1968,96
Qatar,1969,66
Qatar,1970,46
Qatar,1971,43
Qatar,1972,28
Qatar,1973,68
Qatar,1974,80
Qatar,1975,86
Qatar,1976,39
Qatar,1977,51
Qatar,1978,73
Qatar,1979,42
Qatar,1980,34
Qatar,1981,58
Qatar,1982,62
Qatar,1983,48
Qatar,1984,48
Qatar,1985,33
Qatar,1986,31
Qatar,1987,34
Qatar,1988,36
Qatar,1989,33
Qatar,1990,40
Qatar,1991,57
Qatar,1992,81
Qatar,1993,84
Qatar,1994,71
Qatar,1995,82
Qatar,1996,80
Qatar,1997,88
Qatar,1998,85
Qatar,1999,96
Qatar,2000,80
Qatar,2001,74
Qatar,2002,70
Qatar,2003,75
Qatar,2004,49
Qatar,2005,53
Qatar,2006,67
Qatar,2007,59
Qatar,2008,71
Qatar,2009,66
Qatar,2010,74
Qatar,2011,74
Qatar,2012,73
Qatar,2013,65
Qatar,2014,60
Qatar,2015,71
Romania,1964,31
Romania,1965,28
Romania,1966,31
Romania,1967,32
Romania,1968,33
Romania,1969,27
Romania,1970,27
Romania,1971,23
Romania,1972,22
Romania,1973,22
Romania,1974,26
Romania,1975,29
Romania,1976,33
Romania,1977,32
Romania,1978,27
Romania,1979,25
Romania,1980,27
Romania,1981,27
Romania,1982,26
Romania,1983,28
Romania,1984,25
Romania,1985,23
Romania,1986,20
Romania,1987,21
Romania,1988,22
Romania,1989,21
Romania,1990,21
Romania,1991,22
Romania,1992,27
Romania,1993,29
Romania,1994,31
Romania,1995,32
Romania,1996,33
Romania,1997,36
Romania,1998,34
Romania,1999,34
Romania,2000,35
Romania,2001,36
Romania,2002,35
Romania,2003,38
Romania,2004,39
Romania,2005,40
Romania,2006,39
Romania,2007,31
Romania,2008,27
Romania,2009,30
Romania,2010,31
Romania,2011,32
Romania,2012,34
Romania,2013,29
Romania,2014,28
Romania,2015,28
Russia,1992,60
Russia,1993,51
Russia,1994,50
Russia,1995,43
Russia,1996,41
Russia,1997,35
Russia,1998,31
Russia,1999,30
Russia,2000,31
Russia,2001,32
Russia,2002,32
Russia,2003,29
Russia,2004,30
Russia,2005,34
Russia,2006,33
Russia,2007,41
Russia,2008,47
Russia,2009,49
Russia,2010,53
Russia,2011,58
Russia,2012,53
Russia,2013,48
Russia,2014,47
Russia,2015,49
Russia,2016,34
Saudi Arabia,1964,60
Saudi Arabia,1965,65
Saudi Arabia,1966,70
Saudi Arabia,1967,71
Saudi Arabia,1968,80
Saudi Arabia,1969,65
Saudi Arabia,1970,75
Saudi Arabia,1971,83
Saudi Arabia,1972,78
Saudi Arabia,1973,95
Saudi Arabia,1974,97
Saudi Arabia,1975,97
Saudi Arabia,1976,92
Saudi Arabia,1977,96
Saudi Arabia,1978,97
Saudi Arabia,1979,96
Saudi Arabia,1980,98
Saudi Arabia,1981,99
Saudi Arabia,1982,99
Saudi Arabia,1983,64
Saudi Arabia,1984,75
Saudi Arabia,1985,93
Saudi Arabia,1986,76
Saudi Arabia,1987,56
Saudi Arabia,1988,55
Saudi Arabia,1989,47
Saudi Arabia,1990,45
Saudi Arabia,1991,37
Saudi Arabia,1992,63
Saudi Arabia,1993,68
Saudi Arabia,1994,41
Saudi Arabia,1995,54
Saudi Arabia,1996,56
Saudi Arabia,1997,64
Saudi Arabia,1998,44
Saudi Arabia,1999,52
Saudi Arabia,2000,64
Saudi Arabia,2001,58
Saudi Arabia,2002,60
Saudi Arabia,2003,50
Saudi Arabia,2004,46
Saudi Arabia,2005,59
Saudi Arabia,2006,63
Saudi Arabia,2007,62
Saudi Arabia,2008,84
Saudi Arabia,2009,77
Saudi Arabia,2010,52
Saudi Arabia,2011,61
Saudi Arabia,2012,60
Saudi Arabia,2013,68
Saudi Arabia,2014,65
Saudi Arabia,2015,62
Senegal,1964,62
Senegal,1965,63
Senegal,1966,60
Senegal,1967,58
Senegal,1968,55
Senegal,1969,57
Senegal,1970,60
Senegal,1971,62
Senegal,1972,54
Senegal,1973,55
Senegal,1974,60
Senegal,1975,61
Senegal,1976,70
Senegal,1977,69
Senegal,1978,70
Senegal,1979,70
Senegal,1980,69
Senegal,1981,60
Senegal,1982,56
Senegal,1983,56
Senegal,1984,70
Senegal,1985,68
Senegal,1986,71
Senegal,1987,75
Senegal,1988,75
Senegal,1989,71
Senegal,1990,78
Senegal,1991,76
Senegal,1992,94
Senegal,1993,96
Senegal,1994,104
Senegal,1995,92
Senegal,1996,103
Senegal,1997,95
Senegal,1998,98
Senegal,1999,97
Senegal,2000,91
Senegal,2001,97
Senegal,2002,97
Senegal,2003,101
Senegal,2004,96
Senegal,2005,92
Senegal,2006,93
Senegal,2007,94
Senegal,2008,98
Senegal,2009,103
Senegal,2010,107
Senegal,2011,91
Senegal,2012,84
Senegal,2013,82
Senegal,2014,79
Senegal,2015,85
Senegal,2016,65
Serbia,2006,32
Serbia,2007,30
Serbia,2008,33
Serbia,2009,32
Serbia,2010,35
Serbia,2011,38
Serbia,2012,38
Serbia,2013,40
Serbia,2014,41
Serbia,2015,42
Serbia,2016,35
Singapore,1964,27
Singapore,1965,32
Singapore,1966,38
Singapore,1967,34
Singapore,1968,36
Singapore,1969,38
Singapore,1970,41
Singapore,1971,45
Singapore,1972,40
Singapore,1973,37
Singapore,1974,38
Singapore,1975,38
Singapore,1976,41
Singapore,1977,35
Singapore,1978,39
Singapore,1979,39
Singapore,1980,41
Singapore,1981,39
Singapore,1982,38
Singapore,1983,35
Singapore,1984,27
Singapore,1985,28
Singapore,1986,23
Singapore,1987,26
Singapore,1988,26
Singapore,1989,26
Singapore,1990,23
Singapore,1991,21
Singapore,1992,20
Singapore,1993,21
Singapore,1994,20
Singapore,1995,20
Singapore,1996,19
Singapore,1997,21
Singapore,1998,19
Singapore,1999,16
Singapore,2000,11
Singapore,2001,13
Singapore,2002,9
Singapore,2003,12
Singapore,2004,9
Singapore,2005,9
Singapore,2006,13
Singapore,2007,9
Singapore,2008,11
Singapore,2009,8
Singapore,2010,7
Singapore,2011,9
Singapore,2012,6
Singapore,2013,7
Singapore,2014,5
Singapore,2015,5
Singapore,2016,3
Slovakia,1993,19
Slovakia,1994,17
Slovakia,1995,17
Slovakia,1996,17
Slovakia,1997,17
Slovakia,1998,17
Slovakia,1999,18
Slovakia,2000,18
Slovakia,2001,17
Slovakia,2002,18
Slovakia,2003,19
Slovakia,2004,18
Slovakia,2005,17
Slovakia,2006,17
Slovakia,2007,19
Slovakia,2008,18
Slovakia,2009,18
Slovakia,2010,15
Slovakia,2011,15
Slovakia,2012,15
Slovakia,2013,18
Slovakia,2014,17
Slovakia,2015,16
Slovakia,2016,19
Slovenia,1992,13
Slovenia,1993,14
Slovenia,1994,15
Slovenia,1995,14
Slovenia,1996,14
Slovenia,1997,15
Slovenia,1998,15
Slovenia,1999,15
Slovenia,2000,16
Slovenia,2001,15
Slovenia,2002,15
Slovenia,2003,14
Slovenia,2004,10
Slovenia,2005,11
Slovenia,2006,12
Slovenia,2007,13
Slovenia,2008,13
Slovenia,2009,13
Slovenia,2010,14
Slovenia,2011,13
Slovenia,2012,13
Slovenia,2013,13
Slovenia,2014,10
Slovenia,2015,11
South Africa,1964,51
South Africa,1965,55
South Africa,1966,49
South Africa,1967,50
South Africa,1968,56
South Africa,1969,54
South Africa,1970,55
South Africa,1971,55
South Africa,1972,53
South Africa,1973,54
South Africa,1974,58
South Africa,1975,59
South Africa,1976,63
South Africa,1977,54
South Africa,1978,63
South Africa,1979,55
South Africa,1980,49
South Africa,1981,51
South Africa,1982,51
South Africa,1983,51
South Africa,1984,57
South Africa,1985,53
South Africa,1986,51
South Africa,1987,59
South Africa,1988,61
South Africa,1989,62
South Africa,1990,58
South Africa,1991,52
South Africa,1992,53
South Africa,1993,53
South Africa,1994,47
South Africa,1995,45
South Africa,1996,48
South Africa,1997,43
South Africa,1998,45
South Africa,1999,42
South Africa,2000,46
South Africa,2001,52
South Africa,2002,52
South Africa,2003,49
South Africa,2004,50
South Africa,2005,46
South Africa,2006,46
South Africa,2007,50
South Africa,2008,53
South Africa,2009,57
South Africa,2010,55
South Africa,2011,57
South Africa,2012,59
South Africa,2013,57
South Africa,2014,58
South Africa,2015,55
South Africa,2016,42
South Korea,1964,23
South Korea,1965,23
South Korea,1966,21
South Korea,1967,20
South Korea,1968,24
South Korea,1969,24
South Korea,1970,25
South Korea,1971,26
South Korea,1972,27
South Korea,1973,23
South Korea,1974,22
South Korea,1975,23
South Korea,1976,29
South Korea,1977,29
South Korea,1978,24
South Korea,1979,23
South Korea,1980,23
South Korea,1981,22
South Korea,1982,23
South Korea,1983,23
South Korea,1984,18
South Korea,1985,18
South Korea,1986,18
South Korea,1987,19
South Korea,1988,19
South Korea,1989,19
South Korea,1990,18
South Korea,1991,18
South Korea,1992,19
South Korea,1993,24
South Korea,1994,22
South Korea,1995,22
South Korea,1996,21
South Korea,1997,19
South Korea,1998,21
South Korea,1999,20
South Korea,2000,20
South Korea,2001,18
South Korea,2002,17
South Korea,2003,17
South Korea,2004,17
South Korea,2005,14
South Korea,2006,10
South Korea,2007,10
South Korea,2008,10
South Korea,2009,11
South Korea,2010,8
South Korea,2011,7
South Korea,2012,8
South Korea,2013,4
South Korea,2014,3
South Korea,2015,3
South Korea,2016,4
Spain,1964,25
Spain,1965,25
Spain,1966,26
Spain,1967,26
Spain,1968,27
Spain,1969,23
Spain,1970,21
Spain,1971,20
Spain,1972,19
Spain,1973,19
Spain,1974,18
Spain,1975,19
Spain,1976,23
Spain,1977,19
Spain,1978,17
Spain,1979,16
Spain,1980,15
Spain,1981,17
Spain,1982,15
Spain,1983,15
Spain,1984,15
Spain,1985,15
Spain,1986,16
Spain,1987,16
Spain,1988,15
Spain,1989,15
Spain,1990,15
Spain,1991,16
Spain,1992,16
Spain,1993,17
Spain,1994,18
Spain,1995,18
Spain,1996,18
Spain,1997,18
Spain,1998,20
Spain,1999,21
Spain,2000,21
Spain,2001,21
Spain,2002,20
Spain,2003,22
Spain,2004,22
Spain,2005,22
Spain,2006,23
Spain,2007,23
Spain,2008,24
Spain,2009,23
Spain,2010,23
Spain,2011,23
Spain,2012,29
Spain,2013,31
Spain,2014,32
Spain,2015,33
Spain,2016,28
Sri Lanka,1964,88
Sri Lanka,1965,86
Sri Lanka,1966,85
Sri Lanka,1967,86
Sri Lanka,1968,89
Sri Lanka,1969,79
Sri Lanka,1970,78
Sri Lanka,1971,82
Sri Lanka,1972,87
Sri Lanka,1973,78
Sri Lanka,1974,81
Sri Lanka,1975,77
Sri Lanka,1976,83
Sri Lanka,1977,76
Sri Lanka,1978,74
Sri Lanka,1979,74
Sri Lanka,1980,73
Sri Lanka,1981,73
Sri Lanka,1982,73
Sri Lanka,1983,70
Sri Lanka,1984,68
Sri Lanka,1985,69
Sri Lanka,1986,67
Sri Lanka,1987,73
Sri Lanka,1988,71
Sri Lanka,1989,70
Sri Lanka,1990,67
Sri Lanka,1991,67
Sri Lanka,1992,68
Sri Lanka,1993,79
Sri Lanka,1994,87
Sri Lanka,1995,86
Sri Lanka,1996,91
Sri Lanka,1997,92
Sri Lanka,1998,86
Sri Lanka,1999,80
Sri Lanka,2000,78
Sri Lanka,2001,79
Sri Lanka,2002,81
Sri Lanka,2003,83
Sri Lanka,2004,80
Sri Lanka,2005,80
Sri Lanka,2006,79
Sri Lanka,2007,78
Sri Lanka,2008,73
Sri Lanka,2009,76
Sri Lanka,2010,78
Sri Lanka,2011,76
Sri Lanka,2012,72
Sri Lanka,2013,73
Sri Lanka,2014,64
Sri Lanka,2015,70
Sri Lanka,2016,68
Sudan,1964,91
Sudan,1965,93
Sudan,1966,88
Sudan,1967,91
Sudan,1968,90
Sudan,1969,93
Sudan,1970,95
Sudan,1971,94
Sudan,1972,94
Sudan,1973,93
Sudan,1974,83
Sudan,1975,82
Sudan,1976,86
Sudan,1977,88
Sudan,1978,91
Sudan,1979,89
Sudan,1980,88
Sudan,1981,86
Sudan,1982,84
Sudan,1983,84
Sudan,1984,86
Sudan,1985,79
Sudan,1986,86
Sudan,1987,82
Sudan,1988,85
Sudan,1989,88
Sudan,1990,84
Sudan,1991,79
Sudan,1992,96
Sudan,1993,102
Sudan,1994,96
Sudan,1995,98
Sudan,1996,99
Sudan,1997,98
Sudan,1998,104
Sudan,1999,105
Sudan,2000,115
Sudan,2001,115
Sudan,2002,115
Sudan,2003,116
Sudan,2004,119
Sudan,2005,119
Sudan,2006,120
Sudan,2007,121
Sudan,2008,119
Sudan,2009,120
Sudan,2010,118
Sudan,2011,120
Sudan,2012,116
Sudan,2013,109
Sudan,2014,106
Sudan,2015,108
Sweden,1964,3
Sweden,1965,4
Sweden,1966,3
Sweden,1967,3
Sweden,1968,3
Sweden,1969,4
Sweden,1970,5
Sweden,1971,6
Sweden,1972,4
Sweden,1973,4
Sweden,1974,2
Sweden,1975,2
Sweden,1976,2
Sweden,1977,2
Sweden,1978,2
Sweden,1979,3
Sweden,1980,3
Sweden,1981,2
Sweden,1982,2
Sweden,1983,2
Sweden,1984,4
Sweden,1985,4
Sweden,1986,4
Sweden,1987,4
Sweden,1988,4
Sweden,1989,3
Sweden,1990,4
Sweden,1991,4
Sweden,1992,4
Sweden,1993,4
Sweden,1994,4
Sweden,1995,4
Sweden,1996,4
Sweden,1997,4
Sweden,1998,4
Sweden,1999,4
Sweden,2000,5
Sweden,2001,4
Sweden,2002,4
Sweden,2003,4
Sweden,2004,3
Sweden,2005,4
Sweden,2006,4
Sweden,2007,4
Sweden,2008,4
Sweden,2009,4
Sweden,2010,4
Sweden,2011,4
Sweden,2012,4
Sweden,2013,5
Sweden,2014,7
Sweden,2015,7
Sweden,2016,6
Switzerland,1964,2
Switzerland,1965,2
Switzerland,1966,2
Switzerland,1967,2
Switzerland,1968,2
Switzerland,1969,2
Switzerland,1970,2
Switzerland,1971,3
Switzerland,1972,2
Switzerland,1973,5
Switzerland,1974,3
Switzerland,1975,6
Switzerland,1976,5
Switzerland,1977,5
Switzerland,1978,4
Switzerland,1979,2
Switzerland,1980,2
Switzerland,1981,3
Switzerland,1982,5
Switzerland,1983,4
Switzerland,1984,3
Switzerland,1985,3
Switzerland,1986,3
Switzerland,1987,3
Switzerland,1988,3
Switzerland,1989,4
Switzerland,1990,2
Switzerland,1991,2
Switzerland,1992,2
Switzerland,1993,2
Switzerland,1994,3
Switzerland,1995,3
Switzerland,1996,3
Switzerland,1997,3
Switzerland,1998,2
Switzerland,1999,3
Switzerland,2000,3
Switzerland,2001,2
Switzerland,2002,3
Switzerland,2003,3
Switzerland,2004,4
Switzerland,2005,3
Switzerland,2006,3
Switzerland,2007,3
Switzerland,2008,3
Switzerland,2009,2
Switzerland,2010,2
Switzerland,2011,2
Switzerland,2012,2
Switzerland,2013,2
Switzerland,2014,2
Switzerland,2015,2
Switzerland,2016,1
Syria,1964,66
Syria,1965,56
Syria,1966,48
Syria,1967,52
Syria,1968,51
Syria,1969,58
Syria,1970,56
Syria,1971,56
Syria,1972,57
Syria,1973,57
Syria,1974,54
Syria,1975,52
Syria,1976,30
Syria,1977,26
Syria,1978,26
Syria,1979,40
Syria,1980,67
Syria,1981,66
Syria,1982,52
Syria,1983,62
Syria,1984,59
Syria,1985,63
Syria,1986,60
Syria,1987,68
Syria,1988,66
Syria,1989,69
Syria,1990,71
Syria,1991,68
Syria,1992,88
Syria,1993,95
Syria,1994,91
Syria,1995,96
Syria,1996,102
Syria,1997,100
Syria,1998,100
Syria,1999,100
Syria,2000,103
Syria,2001,104
Syria,2002,106
Syria,2003,99
Syria,2004,94
Syria,2005,85
Syria,2006,86
Syria,2007,89
Syria,2008,82
Syria,2009,81
Syria,2010,82
Syria,2011,85
Tanzania,1964,92
Tanzania,1965,91
Tanzania,1966,92
Tanzania,1967,90
Tanzania,1968,92
Tanzania,1969,91
Tanzania,1970,91
Tanzania,1971,89
Tanzania,1972,91
Tanzania,1973,87
Tanzania,1974,90
Tanzania,1975,92
Tanzania,1976,87
Tanzania,1977,84
Tanzania,1978,86
Tanzania,1979,83
Tanzania,1980,79
Tanzania,1981,78
Tanzania,1982,79
Tanzania,1983,86
Tanzania,1984,84
Tanzania,1985,82
Tanzania,1986,81
Tanzania,1987,86
Tanzania,1988,89
Tanzania,1989,87
Tanzania,1990,88
Tanzania,1991,90
Tanzania,1992,103
Tanzania,1993,107
Tanzania,1994,105
Tanzania,1995,108
Tanzania,1996,109
Tanzania,1997,106
Tanzania,1998,109
Tanzania,1999,106
Tanzania,2000,110
Tanzania,2001,112
Tanzania,2002,113
Tanzania,2003,107
Tanzania,2004,107
Tanzania,2005,105
Tanzania,2006,106
Tanzania,2007,109
Tanzania,2008,109
Tanzania,2009,104
Tanzania,2010,104
Tanzania,2011,100
Tanzania,2012,89
Tanzania,2013,88
Tanzania,2014,94
Tanzania,2015,93
Tanzania,2016,80
Thailand,1964,76
Thailand,1965,80
Thailand,1966,78
Thailand,1967,83
Thailand,1968,76
Thailand,1969,72
Thailand,1970,73
Thailand,1971,75
Thailand,1972,71
Thailand,1973,67
Thailand,1974,67
Thailand,1975,65
Thailand,1976,68
Thailand,1977,68
Thailand,1978,66
Thailand,1979,61
Thailand,1980,59
Thailand,1981,55
Thailand,1982,57
Thailand,1983,63
Thailand,1984,50
Thailand,1985,49
Thailand,1986,56
Thailand,1987,53
Thailand,1988,47
Thailand,1989,49
Thailand,1990,44
Thailand,1991,43
Thailand,1992,40
Thailand,1993,43
Thailand,1994,46
Thailand,1995,44
Thailand,1996,50
Thailand,1997,49
Thailand,1998,50
Thailand,1999,43
Thailand,2000,38
Thailand,2001,37
Thailand,2002,37
Thailand,2003,37
Thailand,2004,36
Thailand,2005,36
Thailand,2006,42
Thailand,2007,42
Thailand,2008,40
Thailand,2009,34
Thailand,2010,27
Thailand,2011,28
Thailand,2012,23
Thailand,2013,23
Thailand,2014,21
Thailand,2015,21
Togo,1964,84
Togo,1965,87
Togo,1966,86
Togo,1967,82
Togo,1968,82
Togo,1969,92
Togo,1970,84
Togo,1971,67
Togo,1972,63
Togo,1973,62
Togo,1974,73
Togo,1975,68
Togo,1976,75
Togo,1977,78
Togo,1978,84
Togo,1979,79
Togo,1980,89
Togo,1981,89
Togo,1982,93
Togo,1983,95
Togo,1984,96
Togo,1985,96
Togo,1986,92
Togo,1987,93
Togo,1988,95
Togo,1989,96
Togo,1990,92
Togo,1991,78
Togo,1992,92
Togo,1993,89
Togo,1994,111
Togo,1995,112
Togo,1996,110
Togo,1997,103
Togo,1998,99
Togo,1999,109
Togo,2000,99
Togo,2001,78
Togo,2002,74
Togo,2003,86
Togo,2004,90
Togo,2005,95
Togo,2006,100
Togo,2007,96
Togo,2008,93
Togo,2009,94
Togo,2010,95
Togo,2011,95
Togo,2012,92
Togo,2013,77
Togo,2014,71
Togo,2015,64
Trinidad and Tobago,1964,53
Trinidad and Tobago,1965,59
Trinidad and Tobago,1966,52
Trinidad and Tobago,1967,46
Trinidad and Tobago,1968,43
Trinidad and Tobago,1969,36
Trinidad and Tobago,1970,42
Trinidad and Tobago,1971,33
Trinidad and Tobago,1972,33
Trinidad and Tobago,1973,38
Trinidad and Tobago,1974,42
Trinidad and Tobago,1975,50
Trinidad and Tobago,1976,60
Trinidad and Tobago,1977,70
Trinidad and Tobago,1978,57
Trinidad and Tobago,1979,67
Trinidad and Tobago,1980,75
Trinidad and Tobago,1981,63
Trinidad and Tobago,1982,59
Trinidad and Tobago,1983,50
Trinidad and Tobago,1984,56
Trinidad and Tobago,1985,56
Trinidad and Tobago,1986,42
Trinidad and Tobago,1987,45
Trinidad and Tobago,1988,45
Trinidad and Tobago,1989,37
Trinidad and Tobago,1990,37
Trinidad and Tobago,1991,33
Trinidad and Tobago,1992,43
Trinidad and Tobago,1993,38
Trinidad and Tobago,1994,40
Trinidad and Tobago,1995,60
Trinidad and Tobago,1996,51
Trinidad and Tobago,1997,57
Trinidad and Tobago,1998,53
Trinidad and Tobago,1999,54
Trinidad and Tobago,2000,55
Trinidad and Tobago,2001,55
Trinidad and Tobago,2002,49
Trinidad and Tobago,2003,52
Trinidad and Tobago,2004,53
Trinidad and Tobago,2005,52
Trinidad and Tobago,2006,57
Trinidad and Tobago,2007,63
Trinidad and Tobago,2008,89
Trinidad and Tobago,2009,86
Trinidad and Tobago,2010,81
Trinidad and Tobago,2011,80
Trinidad and Tobago,2012,96
Tunisia,1964,52
Tunisia,1965,50
Tunisia,1966,45
Tunisia,1967,53
Tunisia,1968,50
Tunisia,1969,46
Tunisia,1970,47
Tunisia,1971,51
Tunisia,1972,52
Tunisia,1973,50
Tunisia,1974,49
Tunisia,1975,48
Tunisia,1976,54
Tunisia,1977,58
Tunisia,1978,65
Tunisia,1979,60
Tunisia,1980,48
Tunisia,1981,49
Tunisia,1982,45
Tunisia,1983,46
Tunisia,1984,47
Tunisia,1985,42
Tunisia,1986,43
Tunisia,1987,41
Tunisia,1988,40
Tunisia,1989,46
Tunisia,1990,47
Tunisia,1991,49
Tunisia,1992,49
Tunisia,1993,60
Tunisia,1994,62
Tunisia,1995,65
Tunisia,1996,74
Tunisia,1997,76
Tunisia,1998,72
Tunisia,1999,71
Tunisia,2000,71
Tunisia,2001,67
Tunisia,2002,67
Tunisia,2003,70
Tunisia,2004,71
Tunisia,2005,66
Tunisia,2006,61
Tunisia,2007,56
Tunisia,2008,57
Tunisia,2009,59
Tunisia,2010,59
Tunisia,2011,47
Tunisia,2012,45
Tunisia,2013,45
Tunisia,2014,44
Tunisia,2015,44
Tunisia,2016,43
Turkey,1964,71
Turkey,1965,66
Turkey,1966,67
Turkey,1967,69
Turkey,1968,73
Turkey,1969,76
Turkey,1970,61
Turkey,1971,64
Turkey,1972,60
Turkey,1973,56
Turkey,1974,57
Turkey,1975,58
Turkey,1976,51
Turkey,1977,52
Turkey,1978,52
Turkey,1979,54
Turkey,1980,50
Turkey,1981,45
Turkey,1982,39
Turkey,1983,30
Turkey,1984,42
Turkey,1985,39
Turkey,1986,39
Turkey,1987,37
Turkey,1988,37
Turkey,1989,39
Turkey,1990,38
Turkey,1991,38
Turkey,1992,41
Turkey,1993,50
Turkey,1994,51
Turkey,1995,46
Turkey,1996,55
Turkey,1997,53
Turkey,1998,56
Turkey,1999,53
Turkey,2000,52
Turkey,2001,51
Turkey,2002,51
Turkey,2003,45
Turkey,2004,45
Turkey,2005,44
Turkey,2006,44
Turkey,2007,43
Turkey,2008,42
Turkey,2009,42
Turkey,2010,44
Turkey,2011,43
Turkey,2012,43
Turkey,2013,43
Turkey,2014,40
Turkey,2015,40
Turkey,2016,41
Turkmenistan,1992,83
Turkmenistan,1993,92
Turkmenistan,1994,97
Turkmenistan,1995,88
Turkmenistan,1996,90
Turkmenistan,1997,79
Turkmenistan,1998,93
Turkmenistan,1999,93
Turkmenistan,2000,101
Turkmenistan,2001,110
Turkmenistan,2002,100
Turkmenistan,2003,100
Turkmenistan,2004,100
Turkmenistan,2005,99
Turkmenistan,2006,89
Turkmenistan,2007,98
Turkmenistan,2008,96
Turkmenistan,2009,93
Turkmenistan,2010,92
Turkmenistan,2011,102
Turkmenistan,2012,104
Ukraine,1992,47
Ukraine,1993,46
Ukraine,1994,45
Ukraine,1995,50
Ukraine,1996,30
Ukraine,1997,29
Ukraine,1998,28
Ukraine,1999,31
Ukraine,2000,34
Ukraine,2001,35
Ukraine,2002,34
Ukraine,2003,34
Ukraine,2004,34
Ukraine,2005,32
Ukraine,2006,36
Ukraine,2007,35
Ukraine,2008,39
Ukraine,2009,38
Ukraine,2010,40
Ukraine,2011,41
Ukraine,2012,42
Ukraine,2013,42
Ukraine,2014,43
Ukraine,2015,43
United Arab Emirates,1968,17
United Arab Emirates,1969,26
United Arab Emirates,1970,69
United Arab Emirates,1971,58
United Arab Emirates,1972,61
United Arab Emirates,1973,88
United Arab Emirates,1974,64
United Arab Emirates,1975,87
United Arab Emirates,1976,16
United Arab Emirates,1977,25
United Arab Emirates,1978,41
United Arab Emirates,1979,50
United Arab Emirates,1980,40
United Arab Emirates,1981,50
United Arab Emirates,1982,68
United Arab Emirates,1983,72
United Arab Emirates,1984,66
United Arab Emirates,1985,65
United Arab Emirates,1986,50
United Arab Emirates,1987,48
United Arab Emirates,1988,44
United Arab Emirates,1989,43
United Arab Emirates,1990,56
United Arab Emirates,1991,58
United Arab Emirates,1992,78
United Arab Emirates,1993,78
United Arab Emirates,1994,75
United Arab Emirates,1995,71
United Arab Emirates,1996,72
United Arab Emirates,1997,68
United Arab Emirates,1998,69
United Arab Emirates,1999,70
United Arab Emirates,2000,74
United Arab Emirates,2001,72
United Arab Emirates,2002,71
United Arab Emirates,2003,68
United Arab Emirates,2004,62
United Arab Emirates,2005,61
United Arab Emirates,2006,53
United Arab Emirates,2007,57
United Arab Emirates,2008,62
United Arab Emirates,2009,63
United Arab Emirates,2010,61
United Arab Emirates,2011,55
United Arab Emirates,2012,57
United Arab Emirates,2013,51
United Arab Emirates,2014,63
United Arab Emirates,2015,59
United Arab Emirates,2016,31
United Kingdom,1964,4
United Kingdom,1965,5
United Kingdom,1966,5
United Kingdom,1967,5
United Kingdom,1968,4
United Kingdom,1969,3
United Kingdom,1970,3
United Kingdom,1971,2
United Kingdom,1972,3
United Kingdom,1973,3
United Kingdom,1974,4
United Kingdom,1975,5
United Kingdom,1976,6
United Kingdom,1977,6
United Kingdom,1978,6
United Kingdom,1979,6
United Kingdom,1980,6
United Kingdom,1981,4
United Kingdom,1982,3
United Kingdom,1983,5
United Kingdom,1984,5
United Kingdom,1985,5
United Kingdom,1986,5
United Kingdom,1987,6
United Kingdom,1988,6
United Kingdom,1989,6
United Kingdom,1990,6
United Kingdom,1991,6
United Kingdom,1992,6
United Kingdom,1993,6
United Kingdom,1994,7
United Kingdom,1995,7
United Kingdom,1996,8
United Kingdom,1997,8
United Kingdom,1998,7
United Kingdom,1999,5
United Kingdom,2000,4
United Kingdom,2001,5
United Kingdom,2002,5
United Kingdom,2003,5
United Kingdom,2004,5
United Kingdom,2005,6
United Kingdom,2006,7
United Kingdom,2007,6
United Kingdom,2008,7
United Kingdom,2009,7
United Kingdom,2010,9
United Kingdom,2011,10
United Kingdom,2012,11
United Kingdom,2013,10
United Kingdom,2014,11
United Kingdom,2015,13
United Kingdom,2016,8
United States,1964,9
United States,1965,8
United States,1966,8
United States,1967,8
United States,1968,8
United States,1969,7
United States,1970,8
United States,1971,9
United States,1972,8
United States,1973,8
United States,1974,9
United States,1975,9
United States,1976,9
United States,1977,9
United States,1978,9
United States,1979,9
United States,1980,9
United States,1981,9
United States,1982,9
United States,1983,10
United States,1984,9
United States,1985,9
United States,1986,9
United States,1987,10
United States,1988,11
United States,1989,11
United States,1990,11
United States,1991,11
United States,1992,11
United States,1993,8
United States,1994,8
United States,1995,8
United States,1996,7
United States,1997,7
United States,1998,8
United States,1999,7
United States,2000,6
United States,2001,7
United States,2002,6
United States,2003,6
United States,2004,8
United States,2005,8
United States,2006,8
United States,2007,8
United States,2008,8
United States,2009,10
United States,2010,11
United States,2011,12
United States,2012,12
United States,2013,12
United States,2014,14
United States,2015,14
United States,2016,7
Uruguay,1964,33
Uruguay,1965,33
Uruguay,1966,32
Uruguay,1967,33
Uruguay,1968,34
Uruguay,1969,35
Uruguay,1970,35
Uruguay,1971,37
Uruguay,1972,37
Uruguay,1973,36
Uruguay,1974,34
Uruguay,1975,34
Uruguay,1976,36
Uruguay,1977,36
Uruguay,1978,38
Uruguay,1979,33
Uruguay,1980,32
Uruguay,1981,34
Uruguay,1982,35
Uruguay,1983,37
Uruguay,1984,36
Uruguay,1985,31
Uruguay,1986,33
Uruguay,1987,32
Uruguay,1988,32
Uruguay,1989,38
Uruguay,1990,39
Uruguay,1991,42
Uruguay,1992,48
Uruguay,1993,45
Uruguay,1994,37
Uruguay,1995,38
Uruguay,1996,43
Uruguay,1997,46
Uruguay,1998,46
Uruguay,1999,49
Uruguay,2000,49
Uruguay,2001,50
Uruguay,2002,53
Uruguay,2003,51
Uruguay,2004,59
Uruguay,2005,54
Uruguay,2006,55
Uruguay,2007,54
Uruguay,2008,58
Uruguay,2009,56
Uruguay,2010,50
Uruguay,2011,51
Uruguay,2012,55
Uruguay,2013,63
Uruguay,2014,62
Uruguay,2015,60
Uruguay,2016,50
Uzbekistan,1992,71
Uzbekistan,1993,71
Uzbekistan,1994,82
Uzbekistan,1995,87
Uzbekistan,1996,69
Uzbekistan,1997,69
Uzbekistan,1998,65
Uzbekistan,1999,75
Uzbekistan,2000,85
Uzbekistan,2001,92
Uzbekistan,2002,88
Uzbekistan,2003,76
Uzbekistan,2004,77
Uzbekistan,2005,77
Uzbekistan,2006,78
Uzbekistan,2007,80
Uzbekistan,2008,72
Uzbekistan,2009,79
Uzbekistan,2010,77
Uzbekistan,2011,79
Uzbekistan,2012,78
Venezuela,1964,42
Venezuela,1965,53
Venezuela,1966,51
Venezuela,1967,51
Venezuela,1968,58
Venezuela,1969,56
Venezuela,1970,67
Venezuela,1971,76
Venezuela,1972,66
Venezuela,1973,70
Venezuela,1974,88
Venezuela,1975,83
Venezuela,1976,79
Venezuela,1977,87
Venezuela,1978,81
Venezuela,1979,81
Venezuela,1980,91
Venezuela,1981,90
Venezuela,1982,83
Venezuela,1983,80
Venezuela,1984,72
Venezuela,1985,62
Venezuela,1986,58
Venezuela,1987,51
Venezuela,1988,62
Venezuela,1989,53
Venezuela,1990,59
Venezuela,1991,44
Venezuela,1992,57
Venezuela,1993,70
Venezuela,1994,68
Venezuela,1995,63
Venezuela,1996,62
Venezuela,1997,63
Venezuela,1998,60
Venezuela,1999,48
Venezuela,2000,57
Venezuela,2001,66
Venezuela,2002,63
Venezuela,2003,62
Venezuela,2004,66
Venezuela,2005,64
Venezuela,2006,66
Venezuela,2007,75
Venezuela,2008,90
Venezuela,2009,87
Venezuela,2010,87
Venezuela,2011,92
Venezuela,2012,106
Venezuela,2013,90
Vietnam,1964,59
Vietnam,1965,60
Vietnam,1966,53
Vietnam,1967,48
Vietnam,1968,44
Vietnam,1969,47
Vietnam,1970,43
Vietnam,1971,52
Vietnam,1972,50
Vietnam,1973,49
Vietnam,1974,52
Vietnam,1975,51
Vietnam,1976,64
Vietnam,1977,57
Vietnam,1978,62
Vietnam,1979,68
Vietnam,1980,64
Vietnam,1981,65
Vietnam,1982,71
Vietnam,1983,75
Vietnam,1984,77
Vietnam,1985,75
Vietnam,1986,75
Vietnam,1987,84
Vietnam,1988,84
Vietnam,1989,83
Vietnam,1990,80
Vietnam,1991,86
Vietnam,1992,98
Vietnam,1993,104
Vietnam,1994,101
Vietnam,1995,99
Vietnam,1996,97
Vietnam,1997,96
Vietnam,1998,91
Vietnam,1999,88
Vietnam,2000,87
Vietnam,2001,83
Vietnam,2002,80
Vietnam,2003,84
Vietnam,2004,85
Vietnam,2005,83
Vietnam,2006,81
Vietnam,2007,77
Vietnam,2008,70
Vietnam,2009,73
Vietnam,2010,75
Vietnam,2011,67
Vietnam,2012,62
Vietnam,2013,59
Vietnam,2014,54
Vietnam,2015,50
Yemen,1984,37
Yemen,1985,36
Yemen,1986,44
Yemen,1987,39
Yemen,1988,80
Yemen,1989,82
Yemen,1990,87
Yemen,1991,81
Yemen,1992,89
Yemen,1993,86
Yemen,1994,83
Yemen,1995,102
Yemen,1996,113
Yemen,1997,108
Yemen,1998,113
Yemen,1999,114
Yemen,2000,116
Yemen,2001,116
Yemen,2002,116
Yemen,2003,114
Yemen,2004,118
Yemen,2005,116
Yemen,2006,116
Yemen,2007,114
Yemen,2008,114
Yemen,2009,114
Yemen,2010,114
Yemen,2011,111
Yemen,2012,107
Yemen,2013,103
Yemen,2015,101
Zambia,1964,61
Zambia,1965,75
Zambia,1966,59
Zambia,1967,65
Zambia,1968,68
Zambia,1969,73
Zambia,1970,94
Zambia,1971,87
Zambia,1972,92
Zambia,1973,85
Zambia,1974,82
Zambia,1975,76
Zambia,1976,76
Zambia,1977,79
Zambia,1978,76
Zambia,1979,76
Zambia,1980,76
Zambia,1981,69
Zambia,1982,76
Zambia,1983,77
Zambia,1984,79
Zambia,1985,71
Zambia,1986,70
Zambia,1987,67
Zambia,1988,68
Zambia,1989,73
Zambia,1990,76
Zambia,1991,83
Zambia,1992,101
Zambia,1993,101
Zambia,1994,102
Zambia,1995,94
Zambia,1996,96
Zambia,1997,97
Zambia,1998,96
Zambia,1999,99
Zambia,2000,100
Zambia,2001,108
Zambia,2002,103
Zambia,2003,104
Zambia,2004,99
Zambia,2005,101
Zambia,2006,105
Zambia,2007,99
Zambia,2008,100
Zambia,2009,106
Zambia,2010,98
Zambia,2011,88
Zambia,2012,83
Zambia,2013,81
Zambia,2014,76
Zambia,2015,75
Zimbabwe,1965,54
Zimbabwe,1966,25
Zimbabwe,1967,22
Zimbabwe,1968,19
Zimbabwe,1969,16
Zimbabwe,1970,16
Zimbabwe,1971,16
Zimbabwe,1972,18
Zimbabwe,1973,17
Zimbabwe,1974,17
Zimbabwe,1975,16
Zimbabwe,1976,27
Zimbabwe,1977,33
Zimbabwe,1978,43
Zimbabwe,1979,32
Zimbabwe,1980,70
Zimbabwe,1981,74
Zimbabwe,1982,65
Zimbabwe,1983,74
Zimbabwe,1984,76
Zimbabwe,1985,73
Zimbabwe,1986,73
Zimbabwe,1987,74
Zimbabwe,1988,76
Zimbabwe,1989,75
Zimbabwe,1990,74
Zimbabwe,1991,71
Zimbabwe,1992,80
Zimbabwe,1993,85
Zimbabwe,1994,77
Zimbabwe,1995,70
Zimbabwe,1996,66
Zimbabwe,1997,71
Zimbabwe,1998,73
Zimbabwe,1999,78
Zimbabwe,2000,76
Zimbabwe,2001,73
Zimbabwe,2002,77
Zimbabwe,2003,71
Zimbabwe,2004,76
Zimbabwe,2005,76
Zimbabwe,2006,76
Zimbabwe,2007,81
Zimbabwe,2008,76
Zimbabwe,2009,88
Zimbabwe,2010,93
Zimbabwe,2011,98
Zimbabwe,2012,100
Zimbabwe,2013,96
Zimbabwe,2014,88
Zimbabwe,2015,88
Zimbabwe,2016,77
