Entity,Year,Patent application rates (OWID based on World Bank & UN)
Albania,2011,1.033
Albania,2014,3.461
Albania,2015,4.86
Algeria,1988,0.203
Algeria,1989,0.158
Algeria,1990,0.232
Algeria,1991,0.226
Algeria,1992,0.368
Algeria,1993,0.288
Algeria,1994,0.952
Algeria,1995,0.969
Algeria,1996,1.7
Algeria,1997,1.138
Algeria,1998,1.385
Algeria,1999,1.17
Algeria,2000,1.026
Algeria,2001,1.614
Algeria,2002,1.344
Algeria,2003,0.926
Algeria,2004,1.767
Algeria,2005,1.772
Algeria,2006,1.717
Algeria,2007,2.449
Algeria,2010,2.104
Algeria,2011,2.553
Algeria,2012,3.168
Algeria,2013,3.078
Algeria,2014,2.403
Algeria,2015,2.232
Angola,1992,0.308
Arab World,1989,2.532
Arab World,1993,2.909
Arab World,1994,2.841
Arab World,1995,3.117
Arab World,1996,3.458
Arab World,1998,2.854
Arab World,1999,2.91
Arab World,2000,3.96
Arab World,2001,2.867
Arab World,2002,3.348
Arab World,2003,2.89
Arab World,2004,3.015
Arab World,2005,3.105
Arab World,2007,3.097
Arab World,2010,4.351
Arab World,2011,4.626
Arab World,2013,5.661
Arab World,2014,5.599
Argentina,1990,29.178
Argentina,1991,28.409
Argentina,1992,14.946
Argentina,1993,23.072
Argentina,1994,20.082
Argentina,1995,19.317
Argentina,1996,30.971
Argentina,1997,22.995
Argentina,1998,23.757
Argentina,1999,24.531
Argentina,2000,28.658
Argentina,2001,18.441
Argentina,2002,18.95
Argentina,2003,20.674
Argentina,2004,20.295
Argentina,2005,26.925
Argentina,2006,25.784
Argentina,2007,23.442
Argentina,2008,19.835
Argentina,2009,15.687
Argentina,2010,13.39
Argentina,2011,16.516
Argentina,2012,17.46
Argentina,2013,15.115
Argentina,2014,11.842
Argentina,2015,12.575
Armenia,1993,54.711
Armenia,1994,46.899
Armenia,1995,58.123
Armenia,1996,51.133
Armenia,1997,19.789
Armenia,1998,24.126
Armenia,1999,35.286
Armenia,2000,38.767
Armenia,2001,45.892
Armenia,2002,65.922
Armenia,2003,50.036
Armenia,2005,69.098
Armenia,2006,64.898
Armenia,2007,46.027
Armenia,2008,77.711
Armenia,2009,40.158
Armenia,2010,47.266
Armenia,2011,42.078
Armenia,2012,47.538
Armenia,2013,43.2
Armenia,2014,41.635
Armenia,2015,38.739
Aruba,2002,10.527
Australia,1995,98.716
Australia,1996,98.138
Australia,1997,95.048
Australia,1998,99.514
Australia,1999,98.172
Australia,2000,100.663
Australia,2001,112.656
Australia,2002,120.297
Australia,2003,121.536
Australia,2004,127.14
Australia,2005,125.277
Australia,2006,137.067
Australia,2007,130.5
Australia,2008,132.758
Australia,2009,114.975
Australia,2010,109.342
Australia,2011,106.67
Australia,2012,115.583
Australia,2013,132.411
Australia,2014,84.737
Australia,2015,96.304
Austria,1985,299.935
Austria,1986,291.95
Austria,1987,296.914
Austria,1988,291.616
Austria,1989,276.262
Austria,1990,263.746
Austria,1991,267.702
Austria,1992,270.001
Austria,1993,277.018
Austria,1994,250.626
Austria,1995,217.406
Austria,1996,239.854
Austria,1997,239.708
Austria,1998,245.337
Austria,1999,253.743
Austria,2000,244.771
Austria,2001,225.682
Austria,2002,239.051
Austria,2003,261.038
Austria,2004,275.087
Austria,2005,275.893
Austria,2006,274.652
Austria,2007,287.506
Austria,2008,276.152
Austria,2009,271.235
Austria,2010,289.834
Austria,2011,256.684
Austria,2012,267.853
Austria,2013,254.972
Austria,2014,244.92
Austria,2015,255.41
Azerbaijan,1995,28.757
Azerbaijan,1996,21.255
Azerbaijan,2001,25.027
Azerbaijan,2002,28.635
Azerbaijan,2003,29.876
Azerbaijan,2004,32.505
Azerbaijan,2005,33.485
Azerbaijan,2006,28.994
Azerbaijan,2007,33.445
Azerbaijan,2008,25.789
Azerbaijan,2009,29.506
Azerbaijan,2010,28.053
Azerbaijan,2011,21.04
Azerbaijan,2012,15.491
Azerbaijan,2013,16.566
Azerbaijan,2014,17.619
Azerbaijan,2015,19.069
Bahamas,1985,12.783
Bahamas,1986,4.182
Bahamas,1988,16.156
Bahamas,1990,7.802
Bahamas,1991,3.83
Bahamas,1992,7.515
Bahamas,2012,8.064
Bahamas,2013,2.651
Bahamas,2014,5.233
Bahrain,2011,0.782
Bahrain,2012,2.307
Bahrain,2013,2.281
Bahrain,2014,4.49
Bahrain,2015,5.832
Bangladesh,1985,0.429
Bangladesh,1986,0.167
Bangladesh,1987,0.234
Bangladesh,1988,0.238
Bangladesh,1989,0.309
Bangladesh,1990,0.301
Bangladesh,1991,0.331
Bangladesh,1992,0.647
Bangladesh,1993,0.317
Bangladesh,1994,0.336
Bangladesh,1995,0.59
Bangladesh,1996,0.181
Bangladesh,1997,0.371
Bangladesh,1998,0.253
Bangladesh,1999,0.38
Bangladesh,2000,0.532
Bangladesh,2001,0.44
Bangladesh,2002,0.315
Bangladesh,2003,0.417
Bangladesh,2004,0.34
Bangladesh,2005,0.349
Bangladesh,2006,0.151
Bangladesh,2007,0.197
Bangladesh,2008,0.403
Bangladesh,2009,0.366
Bangladesh,2010,0.434
Bangladesh,2011,0.24
Bangladesh,2012,0.43
Bangladesh,2013,0.381
Bangladesh,2014,0.276
Bangladesh,2015,0.254
Barbados,2003,7.346
Barbados,2007,10.864
Barbados,2008,3.606
Barbados,2013,10.619
Barbados,2014,3.529
Belarus,1993,80.867
Belarus,1994,66.784
Belarus,1995,61.212
Belarus,1996,68.701
Belarus,1997,74.33
Belarus,1998,90.376
Belarus,1999,99.035
Belarus,2000,99.603
Belarus,2001,93.669
Belarus,2002,90.72
Belarus,2003,110.445
Belarus,2004,109.454
Belarus,2005,120.655
Belarus,2006,123.687
Belarus,2007,146.952
Belarus,2008,158.481
Belarus,2009,184.395
Belarus,2010,185.342
Belarus,2011,182.093
Belarus,2012,177.611
Belarus,2013,157.3
Belarus,2014,68.816
Belarus,2015,57.22
Belgium,1985,78.208
Belgium,1986,80.512
Belgium,1987,55.52
Belgium,1988,64.232
Belgium,1989,68.527
Belgium,1990,64.51
Belgium,1991,62.472
Belgium,1992,67.197
Belgium,1993,80.222
Belgium,1994,73.55
Belgium,1995,72.212
Belgium,1996,76.403
Belgium,1997,77.79
Belgium,1998,67.627
Belgium,1999,57.791
Belgium,2000,56.286
Belgium,2001,55.509
Belgium,2002,58.164
Belgium,2003,50.019
Belgium,2004,49.323
Belgium,2005,49.339
Belgium,2006,46.454
Belgium,2007,42.727
Belgium,2008,53.688
Belgium,2009,61.965
Belgium,2010,56.904
Belgium,2011,57.568
Belgium,2012,67.845
Belgium,2013,63.937
Belgium,2014,79.311
Belgium,2015,84.175
Belize,2006,3.439
Bhutan,2012,3.984
Bhutan,2013,3.922
Bolivia,1985,0.805
Bolivia,1993,3.574
Bolivia,1994,3.774
Bolivia,1995,2.247
Bolivia,2014,0.852
Bosnia and Herzegovina,1999,6.118
Bosnia and Herzegovina,2000,8.23
Bosnia and Herzegovina,2001,13.788
Bosnia and Herzegovina,2003,8.467
Bosnia and Herzegovina,2004,13.223
Bosnia and Herzegovina,2005,17.453
Bosnia and Herzegovina,2006,14.552
Bosnia and Herzegovina,2008,15.676
Bosnia and Herzegovina,2010,15.045
Bosnia and Herzegovina,2011,11.657
Bosnia and Herzegovina,2012,0.548
Bosnia and Herzegovina,2013,1.942
Bosnia and Herzegovina,2014,11.497
Botswana,2011,0.487
Botswana,2012,2.393
Botswana,2013,3.759
Botswana,2014,1.845
Brazil,1985,14.402
Brazil,1986,13.394
Brazil,1987,17.349
Brazil,1988,16.236
Brazil,1989,15.836
Brazil,1990,15.996
Brazil,1991,15.259
Brazil,1992,13.587
Brazil,1993,15.458
Brazil,1994,14.207
Brazil,1995,16.679
Brazil,1996,15.833
Brazil,1997,16.449
Brazil,1998,14.638
Brazil,1999,16.3
Brazil,2000,18.136
Brazil,2001,19.347
Brazil,2002,19.323
Brazil,2003,21.186
Brazil,2004,21.89
Brazil,2005,21.689
Brazil,2006,20.93
Brazil,2007,21.955
Brazil,2008,22.179
Brazil,2009,21.914
Brazil,2010,21.484
Brazil,2011,23.63
Brazil,2012,23.923
Brazil,2013,24.5
Brazil,2014,22.814
Brazil,2015,22.533
Brunei,2012,50.032
Brunei,2013,49.296
Brunei,2014,63.152
Bulgaria,1985,0.223
Bulgaria,1986,0.112
Bulgaria,1987,0.334
Bulgaria,1988,0.668
Bulgaria,1989,7.097
Bulgaria,1990,22.711
Bulgaria,1991,48.886
Bulgaria,1992,38.524
Bulgaria,1993,48.629
Bulgaria,1994,37.78
Bulgaria,1995,43.778
Bulgaria,1996,37.786
Bulgaria,1997,47.401
Bulgaria,1998,33.185
Bulgaria,1999,34.346
Bulgaria,2000,28.274
Bulgaria,2001,35.335
Bulgaria,2002,36.876
Bulgaria,2003,35.754
Bulgaria,2004,34.081
Bulgaria,2005,34.078
Bulgaria,2006,31.969
Bulgaria,2007,27.964
Bulgaria,2008,33.233
Bulgaria,2009,32.507
Bulgaria,2010,32.857
Bulgaria,2011,35.654
Bulgaria,2012,33.535
Bulgaria,2013,38.816
Bulgaria,2014,30.177
Bulgaria,2015,39.008
Burkina Faso,1998,0.182
Burkina Faso,1999,0.355
Burkina Faso,2000,0.172
Burkina Faso,2003,0.079
Burkina Faso,2004,0.153
Burkina Faso,2005,0.075
Burkina Faso,2010,0.128
Burundi,1989,0.189
Burundi,1996,0.166
Cambodia,2013,0.067
Cambodia,2014,0.131
Canada,1985,80.641
Canada,1986,82.468
Canada,1987,95.179
Canada,1988,103.067
Canada,1989,110.705
Canada,1990,91.72
Canada,1991,77.454
Canada,1992,98.424
Canada,1993,125.653
Canada,1994,85.189
Canada,1995,82.817
Canada,1996,87.052
Canada,1997,111.514
Canada,1998,125.926
Canada,1999,133.151
Canada,2000,136.075
Canada,2001,127.502
Canada,2002,126.236
Canada,2003,124.037
Canada,2004,163.494
Canada,2005,160.405
Canada,2006,169.54
Canada,2007,151.971
Canada,2008,152.23
Canada,2009,150.675
Canada,2010,133.803
Canada,2011,138.428
Canada,2012,135.509
Canada,2013,129.909
Canada,2014,118.105
Canada,2015,119.307
Caribbean small states,2014,5.585
Central Europe and the Baltics,1985,111.841
Central Europe and the Baltics,1986,115.87
Central Europe and the Baltics,1987,124.528
Central Europe and the Baltics,1988,136.988
Central Europe and the Baltics,1989,125.287
Central Europe and the Baltics,1990,86.08
Central Europe and the Baltics,1991,73.316
Central Europe and the Baltics,1992,64.069
Central Europe and the Baltics,1993,74.009
Central Europe and the Baltics,1994,69.66
Central Europe and the Baltics,1995,69.837
Central Europe and the Baltics,1996,64.118
Central Europe and the Baltics,1997,62.873
Central Europe and the Baltics,1998,58.705
Central Europe and the Baltics,1999,53.739
Central Europe and the Baltics,2000,55.901
Central Europe and the Baltics,2001,57.625
Central Europe and the Baltics,2002,61.523
Central Europe and the Baltics,2003,55.151
Central Europe and the Baltics,2004,57.286
Central Europe and the Baltics,2005,52.376
Central Europe and the Baltics,2006,52.738
Central Europe and the Baltics,2007,56.813
Central Europe and the Baltics,2008,59.737
Central Europe and the Baltics,2009,66.21
Central Europe and the Baltics,2010,73.156
Central Europe and the Baltics,2011,79.31
Central Europe and the Baltics,2012,76.423
Central Europe and the Baltics,2013,76.354
Central Europe and the Baltics,2014,69.742
Central Europe and the Baltics,2015,77.902
Chile,1985,10.016
Chile,1986,7.752
Chile,1987,8.575
Chile,1988,8.666
Chile,1989,10.364
Chile,1990,12.762
Chile,1991,11.221
Chile,1992,13.02
Chile,1993,11.165
Chile,1994,15.541
Chile,1995,11.961
Chile,1996,12.14
Chile,1997,10.956
Chile,1998,13.904
Chile,1999,13.531
Chile,2000,15.79
Chile,2001,15.928
Chile,2002,25.026
Chile,2003,20.823
Chile,2004,23.914
Chile,2005,22.357
Chile,2006,17.831
Chile,2007,24.437
Chile,2008,31.869
Chile,2009,20.381
Chile,2010,19.302
Chile,2011,19.763
Chile,2012,19.411
Chile,2013,19.47
Chile,2014,25.662
Chile,2015,24.94
China,1985,3.868
China,1986,3.275
China,1987,3.667
China,1988,4.339
China,1989,4.245
China,1990,5.137
China,1991,6.406
China,1992,8.603
China,1993,10.254
China,1994,9.39
China,1995,8.309
China,1996,9.55
China,1997,10.302
China,1998,11.072
China,1999,12.474
China,2000,20.074
China,2001,23.618
China,2002,31.089
China,2003,44.062
China,2004,50.758
China,2005,71.706
China,2006,93.3
China,2007,116.141
China,2008,146.89
China,2009,172.09
China,2010,219.081
China,2011,309.367
China,2012,396.324
China,2013,519.336
China,2014,587.226
China,2015,706.124
Colombia,1985,2.322
Colombia,1986,2.558
Colombia,1987,1.609
Colombia,1988,2.578
Colombia,1989,2.677
Colombia,1991,2.434
Colombia,1992,3.375
Colombia,1993,3.813
Colombia,1994,3.367
Colombia,1995,3.766
Colombia,1996,2.287
Colombia,1997,2.07
Colombia,1998,4.104
Colombia,1999,1.708
Colombia,2000,1.856
Colombia,2001,1.586
Colombia,2002,1.299
Colombia,2003,1.945
Colombia,2004,1.779
Colombia,2005,2.287
Colombia,2006,3.239
Colombia,2007,2.885
Colombia,2008,2.806
Colombia,2009,2.818
Colombia,2010,2.896
Colombia,2011,3.943
Colombia,2012,4.543
Colombia,2013,5.302
Colombia,2014,5.44
Colombia,2015,6.656
Congo,1986,2.285
Congo,1988,8.22
Costa Rica,1986,6.783
Costa Rica,1987,4.178
Costa Rica,1988,3.396
Costa Rica,1989,4.637
Costa Rica,1990,8.075
Costa Rica,1993,8.68
Costa Rica,2010,1.76
Costa Rica,2011,3.043
Costa Rica,2012,2.149
Costa Rica,2013,4.462
Costa Rica,2014,3.363
Costa Rica,2015,3.536
Cote d'Ivoire,2012,1.214
Croatia,1992,107.159
Croatia,1993,108.405
Croatia,1994,59.57
Croatia,1995,56.757
Croatia,1996,57.632
Croatia,1997,59.711
Croatia,1998,59.32
Croatia,1999,54.018
Croatia,2000,76.141
Croatia,2001,81.532
Croatia,2002,73.874
Croatia,2003,87.162
Croatia,2004,86.731
Croatia,2005,81.72
Croatia,2006,71.396
Croatia,2007,77.547
Croatia,2008,74.416
Croatia,2009,56.445
Croatia,2010,58.174
Croatia,2011,53.731
Croatia,2012,50.849
Croatia,2013,54.045
Croatia,2014,40.11
Croatia,2015,40.204
Cuba,1992,0.093
Cuba,1993,0.093
Cuba,1994,11.151
Cuba,1995,9.536
Cuba,1996,7.572
Cuba,1997,9.897
Cuba,1999,9.901
Cuba,2005,9.305
Cuba,2006,8.321
Cuba,2007,6.547
Cuba,2008,6.101
Cuba,2009,5.213
Cuba,2011,5.46
Cuba,2012,3.339
Cuba,2013,2.366
Cuba,2014,2.098
Cyprus,2003,12.078
Cyprus,2004,8.907
Cyprus,2005,19.462
Cyprus,2007,2.82
Cyprus,2008,10.17
Cyprus,2009,5.464
Cyprus,2010,3.595
Cyprus,2012,3.524
Cyprus,2013,1.748
Cyprus,2014,3.471
Cyprus,2015,5.168
Czechia,1993,86.448
Czechia,1994,73.159
Czechia,1995,60.616
Czechia,1996,59.524
Czechia,1997,56.191
Czechia,1998,60.616
Czechia,1999,57.955
Czechia,2000,54.12
Czechia,2001,55.596
Czechia,2002,51.584
Czechia,2003,61.311
Czechia,2004,61.096
Czechia,2005,57.388
Czechia,2006,62.604
Czechia,2007,69.522
Czechia,2008,68.563
Czechia,2009,75.546
Czechia,2010,82.869
Czechia,2011,74.599
Czechia,2012,82.487
Czechia,2013,93.587
Czechia,2014,86.458
Czechia,2015,83.443
Denmark,1985,167.394
Denmark,1986,187.09
Denmark,1987,196.41
Denmark,1988,233.355
Denmark,1989,218.213
Denmark,1990,236.922
Denmark,1991,205.848
Denmark,1992,232.82
Denmark,1993,223.373
Denmark,1994,244.709
Denmark,1995,235.794
Denmark,1996,248.714
Denmark,1997,249.575
Denmark,1998,290.901
Denmark,1999,311.173
Denmark,2000,323.993
Denmark,2001,327.873
Denmark,2002,337.616
Denmark,2003,328.722
Denmark,2004,347.302
Denmark,2005,305.936
Denmark,2006,276.425
Denmark,2007,303.949
Denmark,2008,297.436
Denmark,2009,274.846
Denmark,2010,293.095
Denmark,2011,282.556
Denmark,2012,251.45
Denmark,2013,238.827
Denmark,2014,243.999
Denmark,2015,257.237
Djibouti,2013,1.115
Dominican Republic,1986,2.113
Dominican Republic,2012,1.773
Dominican Republic,2013,1.07
Dominican Republic,2014,1.249
Dominican Republic,2015,1.995
Early-demographic dividend,1985,4.163
Early-demographic dividend,1986,4.365
Early-demographic dividend,1987,4.539
Early-demographic dividend,1988,4.267
Early-demographic dividend,1989,4.536
Early-demographic dividend,1990,3.04
Early-demographic dividend,1991,3.036
Early-demographic dividend,1992,2.859
Early-demographic dividend,1993,3.936
Early-demographic dividend,1994,3.412
Early-demographic dividend,1995,3.283
Early-demographic dividend,1996,3.434
Early-demographic dividend,1997,3.043
Early-demographic dividend,1998,3.386
Early-demographic dividend,1999,3.49
Early-demographic dividend,2000,3.749
Early-demographic dividend,2001,3.613
Early-demographic dividend,2002,3.79
Early-demographic dividend,2003,4.233
Early-demographic dividend,2004,4.776
Early-demographic dividend,2005,5.874
Early-demographic dividend,2006,6.583
Early-demographic dividend,2007,8.897
Early-demographic dividend,2008,10.493
Early-demographic dividend,2009,9.487
Early-demographic dividend,2010,10.056
Early-demographic dividend,2011,10.287
Early-demographic dividend,2012,10.073
Early-demographic dividend,2013,10.834
Early-demographic dividend,2014,12.147
Early-demographic dividend,2015,8.055
East Asia & Pacific,1985,167.936
East Asia & Pacific,1986,174.732
East Asia & Pacific,1987,184.867
East Asia & Pacific,1988,181.527
East Asia & Pacific,1989,184.276
East Asia & Pacific,1990,191.866
East Asia & Pacific,1991,193.821
East Asia & Pacific,1992,195.264
East Asia & Pacific,1993,194.016
East Asia & Pacific,1994,188.453
East Asia & Pacific,1995,209.888
East Asia & Pacific,1996,215.759
East Asia & Pacific,1997,218.654
East Asia & Pacific,1998,212.608
East Asia & Pacific,1999,214.342
East Asia & Pacific,2000,238.42
East Asia & Pacific,2001,238.695
East Asia & Pacific,2002,234.569
East Asia & Pacific,2003,244.14
East Asia & Pacific,2004,258.524
East Asia & Pacific,2005,280.265
East Asia & Pacific,2006,284.057
East Asia & Pacific,2007,291.569
East Asia & Pacific,2008,303.045
East Asia & Pacific,2009,304.824
East Asia & Pacific,2010,331.669
East Asia & Pacific,2011,386.22
East Asia & Pacific,2012,441.447
East Asia & Pacific,2013,509.637
East Asia & Pacific,2014,547.394
East Asia & Pacific,2015,615.004
East Asia & Pacific (IDA & IBRD),1985,2.936
East Asia & Pacific (IDA & IBRD),1986,2.501
East Asia & Pacific (IDA & IBRD),1987,2.826
East Asia & Pacific (IDA & IBRD),1988,3.29
East Asia & Pacific (IDA & IBRD),1989,3.279
East Asia & Pacific (IDA & IBRD),1990,3.92
East Asia & Pacific (IDA & IBRD),1991,4.859
East Asia & Pacific (IDA & IBRD),1992,6.449
East Asia & Pacific (IDA & IBRD),1993,7.695
East Asia & Pacific (IDA & IBRD),1994,7.135
East Asia & Pacific (IDA & IBRD),1995,6.311
East Asia & Pacific (IDA & IBRD),1996,7.242
East Asia & Pacific (IDA & IBRD),1997,7.797
East Asia & Pacific (IDA & IBRD),1998,8.469
East Asia & Pacific (IDA & IBRD),1999,9.542
East Asia & Pacific (IDA & IBRD),2000,14.778
East Asia & Pacific (IDA & IBRD),2001,17.345
East Asia & Pacific (IDA & IBRD),2002,22.657
East Asia & Pacific (IDA & IBRD),2003,31.826
East Asia & Pacific (IDA & IBRD),2004,36.537
East Asia & Pacific (IDA & IBRD),2005,51.145
East Asia & Pacific (IDA & IBRD),2006,66.178
East Asia & Pacific (IDA & IBRD),2007,81.859
East Asia & Pacific (IDA & IBRD),2008,103.067
East Asia & Pacific (IDA & IBRD),2009,120.583
East Asia & Pacific (IDA & IBRD),2010,152.884
East Asia & Pacific (IDA & IBRD),2011,214.359
East Asia & Pacific (IDA & IBRD),2012,273.353
East Asia & Pacific (IDA & IBRD),2013,357.738
East Asia & Pacific (IDA & IBRD),2014,403.21
East Asia & Pacific (IDA & IBRD),2015,483.102
East Asia & Pacific (excluding high income),1985,2.899
East Asia & Pacific (excluding high income),1986,2.469
East Asia & Pacific (excluding high income),1987,2.79
East Asia & Pacific (excluding high income),1988,3.248
East Asia & Pacific (excluding high income),1989,3.238
East Asia & Pacific (excluding high income),1990,3.871
East Asia & Pacific (excluding high income),1991,4.798
East Asia & Pacific (excluding high income),1992,6.367
East Asia & Pacific (excluding high income),1993,7.597
East Asia & Pacific (excluding high income),1994,7.044
East Asia & Pacific (excluding high income),1995,6.23
East Asia & Pacific (excluding high income),1996,7.15
East Asia & Pacific (excluding high income),1997,7.697
East Asia & Pacific (excluding high income),1998,8.362
East Asia & Pacific (excluding high income),1999,9.421
East Asia & Pacific (excluding high income),2000,14.591
East Asia & Pacific (excluding high income),2001,17.125
East Asia & Pacific (excluding high income),2002,22.37
East Asia & Pacific (excluding high income),2003,31.423
East Asia & Pacific (excluding high income),2004,36.075
East Asia & Pacific (excluding high income),2005,53.594
East Asia & Pacific (excluding high income),2006,68.67
East Asia & Pacific (excluding high income),2007,84.388
East Asia & Pacific (excluding high income),2008,101.77
East Asia & Pacific (excluding high income),2009,123.147
East Asia & Pacific (excluding high income),2010,155.049
East Asia & Pacific (excluding high income),2011,215.698
East Asia & Pacific (excluding high income),2012,274.131
East Asia & Pacific (excluding high income),2013,353.279
East Asia & Pacific (excluding high income),2014,398.195
East Asia & Pacific (excluding high income),2015,477.105
Ecuador,1986,2.912
Ecuador,1987,2.21
Ecuador,1988,2.464
Ecuador,1989,2.606
Ecuador,1991,1.243
Ecuador,1992,2.148
Ecuador,1993,1.918
Ecuador,1994,0.357
Ecuador,1995,0.699
Ecuador,1996,0.599
Ecuador,1997,0.671
Ecuador,1999,1.21
Ecuador,2000,0.792
Ecuador,2001,0.545
Ecuador,2002,0.994
Ecuador,2003,0.527
Ecuador,2004,1.036
Ecuador,2005,0.801
Ecuador,2006,0.573
Ecuador,2007,0.282
Ecuador,2008,0.138
Ecuador,2009,0.408
Ecuador,2010,0.268
Egypt,1985,3.346
Egypt,1986,2.752
Egypt,1987,3.204
Egypt,1988,3.483
Egypt,1989,3.321
Egypt,1990,4.842
Egypt,1991,5.242
Egypt,1992,5.014
Egypt,1993,5.353
Egypt,1994,4.928
Egypt,1995,6.404
Egypt,1996,7.762
Egypt,1998,7.332
Egypt,1999,7.81
Egypt,2000,7.639
Egypt,2001,6.514
Egypt,2002,8.638
Egypt,2003,6.664
Egypt,2004,5.068
Egypt,2005,5.575
Egypt,2007,6.488
Egypt,2008,5.942
Egypt,2009,5.942
Egypt,2010,7.193
Egypt,2011,7.195
Egypt,2012,7.778
Egypt,2013,7.137
Egypt,2014,8.191
El Salvador,1985,3.249
El Salvador,1989,3.664
El Salvador,1990,1.903
El Salvador,1991,1.877
El Salvador,1992,2.037
El Salvador,1993,1.827
El Salvador,1994,1.803
El Salvador,1995,0.535
El Salvador,2015,1.109
Estonia,1994,10.94
Estonia,1995,11.137
Estonia,1996,8.477
Estonia,1997,10.718
Estonia,1998,14.428
Estonia,1999,9.351
Estonia,2000,9.306
Estonia,2001,12.967
Estonia,2002,13.775
Estonia,2003,13.132
Estonia,2004,19.816
Estonia,2005,16.977
Estonia,2006,26.73
Estonia,2007,32.819
Estonia,2008,46.369
Estonia,2009,56.95
Estonia,2010,63.088
Estonia,2011,46.706
Estonia,2012,15.121
Estonia,2013,18.968
Estonia,2014,33.472
Estonia,2015,22.807
Ethiopia,1996,0.051
Ethiopia,2000,0.045
Ethiopia,2002,0.014
Ethiopia,2003,0.041
Ethiopia,2004,0.013
Ethiopia,2005,0.013
Ethiopia,2006,0.063
Ethiopia,2007,0.148
Euro area,1985,186.652
Euro area,1986,178.46
Euro area,1987,178.865
Euro area,1988,183.004
Euro area,1989,173.784
Euro area,1990,171.127
Euro area,1991,174.674
Euro area,1992,204.162
Euro area,1993,210.021
Euro area,1994,215.326
Euro area,1995,193.448
Euro area,1996,231.809
Euro area,1997,217.708
Euro area,1998,225.001
Euro area,1999,256.299
Euro area,2000,267.389
Euro area,2001,233.268
Euro area,2002,225.2
Euro area,2003,224.44
Euro area,2004,227.635
Euro area,2005,226.859
Euro area,2006,225.648
Euro area,2007,253.525
Euro area,2008,257.414
Euro area,2009,253.127
Euro area,2010,251.794
Euro area,2011,249.808
Euro area,2012,244.836
Euro area,2013,244.654
Euro area,2014,245.711
Euro area,2015,216.488
Europe & Central Asia,1992,163.559
Europe & Central Asia,1993,170.464
Europe & Central Asia,1994,156.272
Europe & Central Asia,1995,142.933
Europe & Central Asia,1996,155.105
Europe & Central Asia,1997,146.903
Europe & Central Asia,1998,152.855
Europe & Central Asia,1999,170.947
Europe & Central Asia,2000,180.826
Europe & Central Asia,2001,171.217
Europe & Central Asia,2002,159.074
Europe & Central Asia,2003,159.671
Europe & Central Asia,2004,159.736
Europe & Central Asia,2005,157.109
Europe & Central Asia,2006,160.879
Europe & Central Asia,2007,172.834
Europe & Central Asia,2008,172.993
Europe & Central Asia,2009,168.175
Europe & Central Asia,2010,171.956
Europe & Central Asia,2011,168.478
Europe & Central Asia,2012,167.451
Europe & Central Asia,2013,168.724
Europe & Central Asia,2014,161.651
Europe & Central Asia,2015,156.349
Europe & Central Asia (IDA & IBRD),1992,106.395
Europe & Central Asia (IDA & IBRD),1993,113.922
Europe & Central Asia (IDA & IBRD),1994,82.442
Europe & Central Asia (IDA & IBRD),1995,72.419
Europe & Central Asia (IDA & IBRD),1996,70.056
Europe & Central Asia (IDA & IBRD),1997,65.275
Europe & Central Asia (IDA & IBRD),1998,68.824
Europe & Central Asia (IDA & IBRD),1999,76.703
Europe & Central Asia (IDA & IBRD),2000,85.484
Europe & Central Asia (IDA & IBRD),2001,94.123
Europe & Central Asia (IDA & IBRD),2002,79.139
Europe & Central Asia (IDA & IBRD),2003,82.29
Europe & Central Asia (IDA & IBRD),2004,83.245
Europe & Central Asia (IDA & IBRD),2005,83.191
Europe & Central Asia (IDA & IBRD),2006,92.743
Europe & Central Asia (IDA & IBRD),2007,95.118
Europe & Central Asia (IDA & IBRD),2008,95.096
Europe & Central Asia (IDA & IBRD),2009,90.58
Europe & Central Asia (IDA & IBRD),2010,101.043
Europe & Central Asia (IDA & IBRD),2011,97.402
Europe & Central Asia (IDA & IBRD),2012,99.524
Europe & Central Asia (IDA & IBRD),2013,103.12
Europe & Central Asia (IDA & IBRD),2014,89.183
Europe & Central Asia (IDA & IBRD),2015,101.313
Europe & Central Asia (excluding high income),1992,109.421
Europe & Central Asia (excluding high income),1993,118.284
Europe & Central Asia (excluding high income),1994,83.71
Europe & Central Asia (excluding high income),1995,72.924
Europe & Central Asia (excluding high income),1996,70.8
Europe & Central Asia (excluding high income),1997,65.587
Europe & Central Asia (excluding high income),1998,69.464
Europe & Central Asia (excluding high income),1999,78.417
Europe & Central Asia (excluding high income),2000,87.667
Europe & Central Asia (excluding high income),2001,97.645
Europe & Central Asia (excluding high income),2002,80.936
Europe & Central Asia (excluding high income),2003,84.498
Europe & Central Asia (excluding high income),2004,85.253
Europe & Central Asia (excluding high income),2005,86.077
Europe & Central Asia (excluding high income),2006,96.211
Europe & Central Asia (excluding high income),2007,98.213
Europe & Central Asia (excluding high income),2008,97.941
Europe & Central Asia (excluding high income),2009,91.966
Europe & Central Asia (excluding high income),2010,102.632
Europe & Central Asia (excluding high income),2011,96.979
Europe & Central Asia (excluding high income),2012,97.999
Europe & Central Asia (excluding high income),2013,102.354
Europe & Central Asia (excluding high income),2014,87.847
Europe & Central Asia (excluding high income),2015,99.319
European Union,1985,199.13
European Union,1986,195.284
European Union,1987,197.004
European Union,1988,203.571
European Union,1989,192.631
European Union,1990,180.923
European Union,1991,179.765
European Union,1992,195.938
European Union,1993,201.031
European Union,1994,203.939
European Union,1995,189.819
European Union,1996,213.513
European Union,1997,203.49
European Union,1998,210.617
European Union,1999,234.672
European Union,2000,244.294
European Union,2001,220.396
European Union,2002,213.23
European Union,2003,210.402
European Union,2004,209.955
European Union,2005,204.781
European Union,2006,202.812
European Union,2007,222.187
European Union,2008,223.611
European Union,2009,219.68
European Union,2010,219.172
European Union,2011,218.155
European Union,2012,215.447
European Union,2013,214.243
European Union,2014,213.418
European Union,2015,195.051
Finland,1985,352.29
Finland,1986,356.638
Finland,1987,376.917
Finland,1988,400.487
Finland,1989,392.396
Finland,1990,412.921
Finland,1991,423.436
Finland,1992,406.982
Finland,1993,427.519
Finland,1994,453.194
Finland,1995,402.914
Finland,1996,425.206
Finland,1997,458.186
Finland,1998,479.48
Finland,1999,486.112
Finland,2000,498.241
Finland,2001,460.678
Finland,2002,415.721
Finland,2003,378.284
Finland,2004,384.647
Finland,2005,348.831
Finland,2006,344.836
Finland,2007,341.103
Finland,2008,338.578
Finland,2009,338.274
Finland,2010,322.746
Finland,2011,306.221
Finland,2012,313.633
Finland,2013,293.438
Finland,2014,259.818
Finland,2015,235.239
France,1985,212.164
France,1986,212.75
France,1987,220.849
France,1988,215.037
France,1989,216.422
France,1990,211.543
France,1991,215.115
France,1992,213.063
France,1993,213.816
France,1994,211.016
France,1995,208.576
France,1996,216.156
France,1997,220.996
France,1998,220.166
France,1999,224.673
France,2000,227.704
France,2001,220.006
France,2002,218.735
France,2003,217.062
France,2004,226.936
France,2005,226.767
France,2006,228.367
France,2007,229.973
France,2008,227.697
France,2009,217.905
France,2010,226.796
France,2011,224.279
France,2012,221.445
France,2013,222.581
France,2014,218.598
France,2015,214.727
Georgia,1992,74.895
Georgia,1993,102.217
Georgia,1994,79.398
Georgia,1995,60.625
Georgia,1996,62.39
Georgia,1997,58.037
Georgia,1998,61.73
Georgia,1999,59.517
Georgia,2000,52.509
Georgia,2001,57.906
Georgia,2002,44.526
Georgia,2003,45.338
Georgia,2004,58.657
Georgia,2005,53.699
Georgia,2006,57.06
Georgia,2007,60.755
Georgia,2008,55.087
Georgia,2009,64.354
Georgia,2010,46.612
Georgia,2011,35.613
Georgia,2012,36.34
Georgia,2013,30.191
Georgia,2014,29.514
Georgia,2015,26.634
Germany,1985,414.521
Germany,1986,413.907
Germany,1987,405.923
Germany,1988,408.371
Germany,1989,395.816
Germany,1990,386.791
Germany,1991,403.13
Germany,1992,420.703
Germany,1993,428.21
Germany,1994,450.832
Germany,1995,466.502
Germany,1996,516.659
Germany,1997,541.697
Germany,1998,567.027
Germany,1999,609.365
Germany,2000,629.304
Germany,2001,607.032
Germany,2002,577.026
Germany,2003,579.372
Germany,2004,587.133
Germany,2005,586.484
Germany,2006,582.836
Germany,2007,581.684
Germany,2008,599.683
Germany,2009,584.343
Germany,2010,575.309
Germany,2011,585.313
Germany,2012,579.665
Germany,2013,587.174
Germany,2014,594.622
Germany,2015,580.071
Greece,1985,112.841
Greece,1986,125.311
Greece,1987,153.891
Greece,1988,20.424
Greece,1989,21.408
Greece,1990,23.635
Greece,1991,18.217
Greece,1992,21.348
Greece,1993,21.127
Greece,1994,25.397
Greece,1995,25.184
Greece,1996,25.168
Greece,1997,27.483
Greece,1998,25.745
Greece,1999,26.947
Greece,2000,28.318
Greece,2001,35.444
Greece,2002,34.489
Greece,2003,35.962
Greece,2004,34.596
Greece,2005,42.048
Greece,2006,48.274
Greece,2007,52.043
Greece,2008,56.69
Greece,2009,62.843
Greece,2010,65.46
Greece,2011,64.926
Greece,2012,56.858
Greece,2013,63.656
Greece,2014,59.766
Greece,2015,50.828
Guatemala,1985,8.738
Guatemala,1986,2.963
Guatemala,1987,0.926
Guatemala,1988,1.809
Guatemala,1989,0.552
Guatemala,1990,2.915
Guatemala,1991,3.269
Guatemala,1992,2.781
Guatemala,1993,4.025
Guatemala,1994,2.064
Guatemala,1995,3.074
Guatemala,1996,2.066
Guatemala,1997,3.307
Guatemala,1998,2.335
Guatemala,1999,2.459
Guatemala,2000,4.635
Guatemala,2001,2.516
Guatemala,2002,0.655
Guatemala,2003,0.48
Guatemala,2004,0.703
Guatemala,2005,1.298
Guatemala,2006,2.09
Guatemala,2007,0.657
Guatemala,2008,0.357
Guatemala,2009,0.489
Guatemala,2010,0.478
Guatemala,2011,0.268
Guatemala,2012,0.458
Guatemala,2013,0.256
Guatemala,2014,0.628
Guatemala,2015,0.431
Guyana,1985,1.298
Guyana,1986,11.773
Haiti,1985,0.94
Haiti,1986,0.613
Haiti,1987,1.349
Haiti,1988,0.147
Haiti,1991,0.414
Haiti,1996,0.377
Haiti,1999,0.119
Haiti,2011,0.099
Haiti,2012,0.194
Haiti,2014,0.189
High income,1985,455.818
High income,1986,469.654
High income,1987,493.276
High income,1988,498.419
High income,1989,507.212
High income,1990,526.136
High income,1991,525.907
High income,1992,540.827
High income,1993,547.385
High income,1994,545.944
High income,1995,596.128
High income,1996,600.647
High income,1997,613.787
High income,1998,620.702
High income,1999,647.648
High income,2000,703.478
High income,2001,699.019
High income,2002,684.14
High income,2003,689.664
High income,2004,709.901
High income,2005,734.654
High income,2006,726.068
High income,2007,737.24
High income,2008,718.442
High income,2009,675.437
High income,2010,684.641
High income,2011,689.306
High income,2012,710.514
High income,2013,720.315
High income,2014,711.363
High income,2015,699.176
Honduras,1985,2.803
Honduras,1987,2.642
Honduras,1990,1.211
Honduras,1995,1.226
Honduras,1996,1.704
Honduras,1998,1.776
Honduras,1999,1.258
Honduras,2000,0.613
Honduras,2001,1.046
Honduras,2002,1.02
Honduras,2011,0.239
Honduras,2012,0.941
Honduras,2013,0.693
Honduras,2015,0.446
Hong Kong,1985,2.932
Hong Kong,1986,1.81
Hong Kong,1987,2.33
Hong Kong,1988,2.132
Hong Kong,1989,2.638
Hong Kong,1990,3.681
Hong Kong,1991,2.782
Hong Kong,1992,1.896
Hong Kong,1993,1.525
Hong Kong,1994,3.479
Hong Kong,1995,3.736
Hong Kong,1996,6.371
Hong Kong,1997,4.007
Hong Kong,1998,19.561
Hong Kong,1999,6.357
Hong Kong,2000,7.652
Hong Kong,2001,11.021
Hong Kong,2002,16.607
Hong Kong,2003,15.897
Hong Kong,2004,18.722
Hong Kong,2005,22.897
Hong Kong,2006,25.083
Hong Kong,2007,23.134
Hong Kong,2008,24.864
Hong Kong,2009,21.369
Hong Kong,2010,18.935
Hong Kong,2011,25.595
Hong Kong,2012,23.901
Hong Kong,2013,31.443
Hong Kong,2014,26.513
Hong Kong,2015,32.714
Hungary,1985,272.709
Hungary,1986,267.813
Hungary,1987,304.257
Hungary,1988,307.838
Hungary,1989,253.489
Hungary,1990,238.77
Hungary,1991,213.045
Hungary,1992,144.368
Hungary,1993,109.968
Hungary,1994,112.343
Hungary,1995,106.109
Hungary,1996,77.876
Hungary,1997,71.62
Hungary,1998,67.208
Hungary,1999,71.209
Hungary,2000,79.326
Hungary,2001,90.208
Hungary,2002,82.885
Hungary,2003,74.633
Hungary,2004,74.007
Hungary,2005,69.891
Hungary,2006,71.291
Hungary,2007,68.518
Hungary,2008,68.04
Hungary,2009,75.529
Hungary,2010,64.9
Hungary,2011,66.388
Hungary,2012,69.756
Hungary,2013,64.894
Hungary,2014,55.339
Hungary,2015,57.807
IBRD only,1985,7.148
IBRD only,1986,7.13
IBRD only,1987,7.714
IBRD only,1988,8.071
IBRD only,1989,7.907
IBRD only,1990,6
IBRD only,1991,6.015
IBRD only,1992,17.649
IBRD only,1993,18.557
IBRD only,1994,14.589
IBRD only,1995,12.921
IBRD only,1996,13.107
IBRD only,1997,12.455
IBRD only,1998,13.2
IBRD only,1999,14.545
IBRD only,2000,18.116
IBRD only,2001,20.021
IBRD only,2002,20.919
IBRD only,2003,25.42
IBRD only,2004,28.197
IBRD only,2005,35.182
IBRD only,2006,43.184
IBRD only,2007,51.558
IBRD only,2008,61.827
IBRD only,2009,68.225
IBRD only,2010,83.283
IBRD only,2011,109.776
IBRD only,2012,135.342
IBRD only,2013,172.396
IBRD only,2014,190.978
IBRD only,2015,223.34
IDA & IBRD total,1985,5.832
IDA & IBRD total,1986,5.8
IDA & IBRD total,1987,6.263
IDA & IBRD total,1988,6.542
IDA & IBRD total,1989,6.393
IDA & IBRD total,1990,4.857
IDA & IBRD total,1991,4.867
IDA & IBRD total,1992,14.187
IDA & IBRD total,1993,15.377
IDA & IBRD total,1994,12.005
IDA & IBRD total,1995,10.684
IDA & IBRD total,1996,10.754
IDA & IBRD total,1997,10.208
IDA & IBRD total,1998,10.723
IDA & IBRD total,1999,11.733
IDA & IBRD total,2000,14.534
IDA & IBRD total,2001,16.045
IDA & IBRD total,2002,16.647
IDA & IBRD total,2003,20.183
IDA & IBRD total,2004,22.123
IDA & IBRD total,2005,27.468
IDA & IBRD total,2006,33.554
IDA & IBRD total,2007,39.902
IDA & IBRD total,2008,47.716
IDA & IBRD total,2009,52.418
IDA & IBRD total,2010,63.792
IDA & IBRD total,2011,83.714
IDA & IBRD total,2012,102.819
IDA & IBRD total,2013,130.594
IDA & IBRD total,2014,144.137
IDA & IBRD total,2015,168.061
IDA blend,1990,0.279
IDA blend,2011,1.444
IDA blend,2012,1.286
IDA blend,2013,1.701
Iceland,1985,86.991
Iceland,1986,119.253
Iceland,1987,113.886
Iceland,1988,64.067
Iceland,1989,71.188
Iceland,1990,66.712
Iceland,1991,131.887
Iceland,1992,107.256
Iceland,1993,128.922
Iceland,1994,82.7
Iceland,1995,71.037
Iceland,1996,59.498
Iceland,1997,81.142
Iceland,1998,149.609
Iceland,1999,126.18
Iceland,2000,181.362
Iceland,2001,171.949
Iceland,2002,246.937
Iceland,2003,196.877
Iceland,2004,225.97
Iceland,2005,158.391
Iceland,2006,148.133
Iceland,2007,195.785
Iceland,2008,157.523
Iceland,2009,200.943
Iceland,2010,179.222
Iceland,2011,156.733
Iceland,2012,115.367
Iceland,2013,101.926
Iceland,2014,155.779
Iceland,2015,120.914
India,1985,1.256
India,1986,1.25
India,1987,1.21
India,1988,1.238
India,1989,1.23
India,1990,1.318
India,1991,1.427
India,1992,1.377
India,1993,1.308
India,1994,1.685
India,1995,1.609
India,1996,1.697
India,1997,1.931
India,1998,2.212
India,1999,2.132
India,2000,2.095
India,2001,2.22
India,2002,2.471
India,2003,3.091
India,2004,3.564
India,2005,4.126
India,2006,4.893
India,2007,5.337
India,2008,5.367
India,2009,5.981
India,2010,7.192
India,2011,7.088
India,2012,7.563
India,2013,8.345
India,2014,9.305
India,2015,9.609
Indonesia,1985,0.297
Indonesia,1986,0.19
Indonesia,1987,0.361
Indonesia,1989,0.634
Indonesia,1991,0.184
Indonesia,1992,0.357
Indonesia,1993,0.199
Indonesia,1994,0.15
Indonesia,1995,0.31
Indonesia,1996,0.2
Indonesia,1997,0.389
Indonesia,1998,0.452
Indonesia,1999,0.729
Indonesia,2000,0.742
Indonesia,2001,0.988
Indonesia,2002,1.076
Indonesia,2003,0.911
Indonesia,2004,1.015
Indonesia,2005,1.037
Indonesia,2006,1.253
Indonesia,2007,1.219
Indonesia,2008,1.634
Indonesia,2009,1.734
Indonesia,2010,2.095
Indonesia,2011,2.169
Indonesia,2013,2.631
Indonesia,2014,2.752
Indonesia,2015,4.098
Iran,1985,3.865
Iran,1987,4.043
Iran,1988,3.146
Iran,1989,2.574
Iran,1990,3.237
Iran,1991,4.566
Iran,1992,3.862
Iran,1993,4.713
Iran,1994,4.454
Iran,1995,4.589
Iran,1996,4.677
Iran,1997,4.529
Iran,1998,5.274
Iran,1999,5.625
Iran,2000,6.2
Iran,2001,10.299
Iran,2002,13.386
Iran,2003,18.703
Iran,2004,34.848
Iran,2005,57.525
Iran,2006,83.815
Iran,2007,147.825
Iran,2008,211.447
Iran,2009,165.347
Iran,2010,148.966
Iran,2011,152.719
Iran,2012,138.934
Iran,2013,145.993
Iran,2014,174.503
Iraq,1985,19.003
Iraq,1986,12.487
Iraq,1987,16.697
Iraq,1988,16.335
Iraq,1989,14.495
Iraq,1992,8.072
Iraq,1993,8.626
Iraq,1994,5.715
Iraq,1995,3.761
Iraq,1996,3.262
Iraq,2015,9.276
Ireland,1985,205.196
Ireland,1986,209.905
Ireland,1987,203.104
Ireland,1988,206.244
Ireland,1989,209.626
Ireland,1990,208.88
Ireland,1991,222.396
Ireland,1992,211.329
Ireland,1993,220.342
Ireland,1994,225.881
Ireland,1995,232.762
Ireland,1996,218.006
Ireland,1997,216.648
Ireland,1998,265.306
Ireland,1999,265.261
Ireland,2000,243.09
Ireland,2001,263.563
Ireland,2002,232.455
Ireland,2003,215.688
Ireland,2004,193.354
Ireland,2005,189.667
Ireland,2006,196.088
Ireland,2007,192.546
Ireland,2008,207.371
Ireland,2009,200.204
Ireland,2010,160.74
Ireland,2011,107.936
Ireland,2012,107.262
Ireland,2013,72.418
Ireland,2014,56.961
Ireland,2015,53.455
Israel,1985,186.629
Israel,1986,190.509
Israel,1987,188.373
Israel,1988,223.998
Israel,1989,230.633
Israel,1990,225.751
Israel,1991,219.64
Israel,1992,273.277
Israel,1993,250.523
Israel,1994,233.562
Israel,1995,228.314
Israel,1996,213.985
Israel,1997,246.916
Israel,1998,326.578
Israel,1999,335.184
Israel,2000,254.253
Israel,2001,193.819
Israel,2002,184.627
Israel,2003,198.664
Israel,2004,226.759
Israel,2005,240.833
Israel,2006,190.255
Israel,2007,224.927
Israel,2008,209.063
Israel,2009,185.289
Israel,2010,190.199
Israel,2011,175.127
Israel,2012,166.74
Israel,2013,149.017
Israel,2014,136.933
Israel,2015,153.339
Italy,1985,35.34
Italy,1988,40.421
Italy,1992,133.246
Italy,1993,131.845
Italy,1994,138.486
Italy,1996,123.056
Italy,1999,110.355
Italy,2000,138.333
Italy,2007,158.372
Italy,2008,145.988
Italy,2009,149.149
Italy,2010,149.753
Italy,2011,148.098
Italy,2012,141.737
Italy,2013,137.912
Italy,2014,141.489
Jamaica,1987,1.261
Jamaica,1990,1.65
Jamaica,1991,1.637
Jamaica,1992,2.434
Jamaica,1993,3.616
Jamaica,1994,2.388
Jamaica,1995,2.759
Jamaica,1996,0.781
Jamaica,1997,3.479
Jamaica,2000,4.14
Jamaica,2001,1.494
Jamaica,2002,5.565
Jamaica,2003,3.318
Jamaica,2004,4.031
Jamaica,2005,3.643
Jamaica,2006,7.608
Jamaica,2007,2.162
Jamaica,2008,5.376
Jamaica,2009,6.063
Jamaica,2010,4.969
Jamaica,2011,7.068
Jamaica,2012,8.8
Jamaica,2013,7.714
Jamaica,2014,11.53
Jamaica,2015,2.437
Japan,1985,2271.958
Japan,1986,2388.075
Japan,1987,2546.527
Japan,1988,2518.289
Japan,1989,2577.675
Japan,1990,2695.16
Japan,1991,2707.886
Japan,1992,2716.741
Japan,1993,2664.081
Japan,1994,2554.885
Japan,1995,2660.815
Japan,1996,2696.033
Japan,1997,2770.263
Japan,1998,2827.366
Japan,1999,2823.408
Japan,2000,3028.949
Japan,2001,3010.759
Japan,2002,2865.581
Japan,2003,2804.491
Japan,2004,2883.634
Japan,2005,2879.795
Japan,2006,2714.502
Japan,2007,2605.433
Japan,2008,2577.716
Japan,2009,2306.302
Japan,2010,2265.019
Japan,2011,2249.654
Japan,2012,2248.807
Japan,2013,2132.143
Japan,2014,2089.624
Japan,2015,2035.842
Jordan,1989,3.24
Jordan,2000,13.913
Jordan,2001,10.013
Jordan,2002,3.972
Jordan,2003,4.632
Jordan,2004,7.587
Jordan,2005,8.575
Jordan,2006,12.639
Jordan,2007,9.527
Jordan,2008,7.704
Jordan,2009,8.796
Jordan,2010,6.265
Jordan,2011,5.281
Jordan,2012,6.006
Jordan,2013,4.16
Jordan,2014,4.541
Jordan,2015,4.476
Kazakhstan,1992,26.34
Kazakhstan,1993,197.362
Kazakhstan,1994,86.548
Kazakhstan,1995,65.189
Kazakhstan,1996,65.606
Kazakhstan,1997,76.368
Kazakhstan,1998,82.541
Kazakhstan,1999,90.565
Kazakhstan,2000,93.996
Kazakhstan,2001,108.155
Kazakhstan,2002,107.275
Kazakhstan,2003,113.757
Kazakhstan,2004,116.965
Kazakhstan,2005,100.548
Kazakhstan,2006,93.611
Kazakhstan,2007,105.462
Kazakhstan,2008,94.615
Kazakhstan,2009,94.018
Kazakhstan,2010,103.605
Kazakhstan,2011,85.464
Kazakhstan,2013,107.072
Kazakhstan,2014,100.756
Kazakhstan,2015,72.446
Kenya,1988,0.046
Kenya,1991,0.331
Kenya,1993,0.544
Kenya,1996,0.533
Kenya,1997,0.76
Kenya,1998,0.907
Kenya,1999,0.817
Kenya,2002,0.692
Kenya,2003,0.645
Kenya,2004,0.884
Kenya,2005,0.943
Kenya,2006,1.107
Kenya,2007,1.077
Kenya,2008,1.609
Kenya,2009,1.193
Kenya,2010,1.862
Kenya,2011,3.177
Kenya,2012,2.818
Kenya,2013,2.833
Kenya,2014,2.868
Kenya,2015,2.9
Kiribati,2013,165.845
Kyrgyzstan,1994,29.235
Kyrgyzstan,1995,26.094
Kyrgyzstan,1996,27.223
Kyrgyzstan,1997,32.365
Kyrgyzstan,1998,23.275
Kyrgyzstan,1999,12.396
Kyrgyzstan,2000,16.332
Kyrgyzstan,2001,16.987
Kyrgyzstan,2002,24.646
Kyrgyzstan,2003,35.493
Kyrgyzstan,2007,29.421
Kyrgyzstan,2008,25.382
Kyrgyzstan,2009,27.121
Kyrgyzstan,2010,24.597
Kyrgyzstan,2011,22.486
Kyrgyzstan,2012,19.618
Kyrgyzstan,2013,19.407
Kyrgyzstan,2014,22.62
Kyrgyzstan,2015,20.48
Late-demographic dividend,1985,9.617
Late-demographic dividend,1986,9.432
Late-demographic dividend,1987,10.268
Late-demographic dividend,1988,11.298
Late-demographic dividend,1989,10.714
Late-demographic dividend,1990,8.852
Late-demographic dividend,1991,8.842
Late-demographic dividend,1992,30.816
Late-demographic dividend,1993,27.876
Late-demographic dividend,1994,22.63
Late-demographic dividend,1995,20.088
Late-demographic dividend,1996,20.709
Late-demographic dividend,1997,19.537
Late-demographic dividend,1998,20.551
Late-demographic dividend,1999,22.979
Late-demographic dividend,2000,29.43
Late-demographic dividend,2001,32.678
Late-demographic dividend,2002,36.953
Late-demographic dividend,2003,45.437
Late-demographic dividend,2004,48.937
Late-demographic dividend,2005,64.654
Late-demographic dividend,2006,80.062
Late-demographic dividend,2007,94.453
Late-demographic dividend,2008,110.263
Late-demographic dividend,2009,128.537
Late-demographic dividend,2010,158.919
Late-demographic dividend,2011,212.811
Late-demographic dividend,2012,266.269
Late-demographic dividend,2013,338.592
Late-demographic dividend,2014,376.861
Late-demographic dividend,2015,450.926
Latin America & Caribbean,1985,7.933
Latin America & Caribbean,1986,7.614
Latin America & Caribbean,1987,9.059
Latin America & Caribbean,1988,7.77
Latin America & Caribbean,1989,8.211
Latin America & Caribbean,1990,10.314
Latin America & Caribbean,1991,9.798
Latin America & Caribbean,1992,8.347
Latin America & Caribbean,1993,9.641
Latin America & Caribbean,1994,8.976
Latin America & Caribbean,1995,9.014
Latin America & Caribbean,1996,9.684
Latin America & Caribbean,1997,9.374
Latin America & Caribbean,1998,8.337
Latin America & Caribbean,1999,9.062
Latin America & Caribbean,2000,9.982
Latin America & Caribbean,2001,9.627
Latin America & Caribbean,2002,9.8
Latin America & Caribbean,2003,10.339
Latin America & Caribbean,2004,10.808
Latin America & Caribbean,2005,11.363
Latin America & Caribbean,2006,10.965
Latin America & Caribbean,2007,11.285
Latin America & Caribbean,2008,11.325
Latin America & Caribbean,2009,10.817
Latin America & Caribbean,2010,10.57
Latin America & Caribbean,2011,11.91
Latin America & Caribbean,2012,12.397
Latin America & Caribbean,2013,12.28
Latin America & Caribbean,2014,11.811
Latin America & Caribbean,2015,11.866
Latin America & Caribbean (IDA & IBRD),1985,8.217
Latin America & Caribbean (IDA & IBRD),1986,7.888
Latin America & Caribbean (IDA & IBRD),1987,9.385
Latin America & Caribbean (IDA & IBRD),1988,8.037
Latin America & Caribbean (IDA & IBRD),1989,8.501
Latin America & Caribbean (IDA & IBRD),1990,10.669
Latin America & Caribbean (IDA & IBRD),1991,10.135
Latin America & Caribbean (IDA & IBRD),1992,8.626
Latin America & Caribbean (IDA & IBRD),1993,9.964
Latin America & Caribbean (IDA & IBRD),1994,9.014
Latin America & Caribbean (IDA & IBRD),1995,9.091
Latin America & Caribbean (IDA & IBRD),1996,9.828
Latin America & Caribbean (IDA & IBRD),1997,9.453
Latin America & Caribbean (IDA & IBRD),1998,8.605
Latin America & Caribbean (IDA & IBRD),1999,9.131
Latin America & Caribbean (IDA & IBRD),2000,10.296
Latin America & Caribbean (IDA & IBRD),2001,9.926
Latin America & Caribbean (IDA & IBRD),2002,10.1
Latin America & Caribbean (IDA & IBRD),2003,10.65
Latin America & Caribbean (IDA & IBRD),2004,11.134
Latin America & Caribbean (IDA & IBRD),2005,11.509
Latin America & Caribbean (IDA & IBRD),2006,11.117
Latin America & Caribbean (IDA & IBRD),2007,11.475
Latin America & Caribbean (IDA & IBRD),2008,11.526
Latin America & Caribbean (IDA & IBRD),2009,11.02
Latin America & Caribbean (IDA & IBRD),2010,10.866
Latin America & Caribbean (IDA & IBRD),2011,12.133
Latin America & Caribbean (IDA & IBRD),2012,12.666
Latin America & Caribbean (IDA & IBRD),2013,12.56
Latin America & Caribbean (IDA & IBRD),2014,12.081
Latin America & Caribbean (IDA & IBRD),2015,12.178
Latin America & Caribbean (excluding high income),1985,7.872
Latin America & Caribbean (excluding high income),1986,7.675
Latin America & Caribbean (excluding high income),1987,9.186
Latin America & Caribbean (excluding high income),1988,7.83
Latin America & Caribbean (excluding high income),1989,8.262
Latin America & Caribbean (excluding high income),1990,10.449
Latin America & Caribbean (excluding high income),1991,9.876
Latin America & Caribbean (excluding high income),1992,8.25
Latin America & Caribbean (excluding high income),1993,9.66
Latin America & Caribbean (excluding high income),1994,8.885
Latin America & Caribbean (excluding high income),1995,8.976
Latin America & Caribbean (excluding high income),1996,9.728
Latin America & Caribbean (excluding high income),1997,9.407
Latin America & Caribbean (excluding high income),1998,8.274
Latin America & Caribbean (excluding high income),1999,9.046
Latin America & Caribbean (excluding high income),2000,9.908
Latin America & Caribbean (excluding high income),2001,9.514
Latin America & Caribbean (excluding high income),2002,9.457
Latin America & Caribbean (excluding high income),2003,10.122
Latin America & Caribbean (excluding high income),2004,10.534
Latin America & Caribbean (excluding high income),2005,11.19
Latin America & Caribbean (excluding high income),2006,10.897
Latin America & Caribbean (excluding high income),2007,11.017
Latin America & Caribbean (excluding high income),2008,10.844
Latin America & Caribbean (excluding high income),2009,10.665
Latin America & Caribbean (excluding high income),2010,10.45
Latin America & Caribbean (excluding high income),2011,11.843
Latin America & Caribbean (excluding high income),2012,12.349
Latin America & Caribbean (excluding high income),2013,12.263
Latin America & Caribbean (excluding high income),2014,11.52
Latin America & Caribbean (excluding high income),2015,11.623
Latvia,1992,27.923
Latvia,1993,60.469
Latvia,1994,71.011
Latvia,1995,84.505
Latvia,1996,79.765
Latvia,1997,66.589
Latvia,1998,80.912
Latvia,1999,38.068
Latvia,2000,41.393
Latvia,2001,50.061
Latvia,2002,64.93
Latvia,2003,39.774
Latvia,2004,47.722
Latvia,2005,50.027
Latvia,2006,51.389
Latvia,2007,63.172
Latvia,2008,94.612
Latvia,2009,112.062
Latvia,2010,84.861
Latvia,2011,83.992
Latvia,2012,94.872
Latvia,2013,111.793
Latvia,2014,51.661
Latvia,2015,68.773
Lebanon,2013,19.901
Lebanon,2014,14.277
Lebanon,2015,18.799
Lesotho,1995,4.542
Lesotho,1996,0.56
Liberia,1991,2.912
Liberia,1993,6.999
Libya,1989,0.693
Libya,1990,2.254
Libya,1991,5.501
Libya,1993,3.154
Libya,1994,2.06
Libya,1995,1.212
Libya,1996,2.383
Lithuania,1991,7.829
Lithuania,1992,36.215
Lithuania,1993,112.149
Lithuania,1994,30.625
Lithuania,1995,29.208
Lithuania,1996,27.765
Lithuania,1997,34.964
Lithuania,1998,37.754
Lithuania,1999,24.402
Lithuania,2000,18.86
Lithuania,2001,19.592
Lithuania,2002,24.687
Lithuania,2003,18.74
Lithuania,2004,20.728
Lithuania,2005,20.466
Lithuania,2006,19.878
Lithuania,2007,19.187
Lithuania,2008,27.203
Lithuania,2009,28.771
Lithuania,2010,34.869
Lithuania,2011,30.712
Lithuania,2012,36.482
Lithuania,2013,39.558
Lithuania,2014,41.946
Lithuania,2015,34.769
Low & middle income,1985,4.507
Low & middle income,1986,4.422
Low & middle income,1987,4.866
Low & middle income,1988,5.03
Low & middle income,1989,5.141
Low & middle income,1990,3.89
Low & middle income,1991,4.078
Low & middle income,1992,13.463
Low & middle income,1993,14.722
Low & middle income,1994,11.405
Low & middle income,1995,10.106
Low & middle income,1996,10.224
Low & middle income,1997,9.689
Low & middle income,1998,10.187
Low & middle income,1999,11.262
Low & middle income,2000,14.009
Low & middle income,2001,15.566
Low & middle income,2002,16.138
Low & middle income,2003,19.705
Low & middle income,2004,21.629
Low & middle income,2005,28.185
Low & middle income,2006,34.373
Low & middle income,2007,40.755
Low & middle income,2008,47.337
Low & middle income,2009,53.434
Low & middle income,2010,64.792
Low & middle income,2011,84.67
Low & middle income,2012,103.814
Low & middle income,2013,130.324
Low & middle income,2014,143.953
Low & middle income,2015,167.849
Lower middle income,1985,0.888
Lower middle income,1986,0.787
Lower middle income,1987,0.822
Lower middle income,1989,0.876
Lower middle income,1990,0.965
Lower middle income,1991,1.039
Lower middle income,1992,1.362
Lower middle income,1993,6.725
Lower middle income,1994,4.774
Lower middle income,1995,4.485
Lower middle income,1996,3.84
Lower middle income,1997,4.071
Lower middle income,1998,4.597
Lower middle income,1999,4.538
Lower middle income,2000,4.67
Lower middle income,2001,5.425
Lower middle income,2002,3.109
Lower middle income,2003,3.434
Lower middle income,2004,4.258
Lower middle income,2005,4.435
Lower middle income,2006,4.584
Lower middle income,2007,4.88
Lower middle income,2008,4.8
Lower middle income,2009,4.776
Lower middle income,2010,5.497
Lower middle income,2011,5.368
Lower middle income,2012,5.216
Lower middle income,2013,6.2
Lower middle income,2014,6.358
Lower middle income,2015,6.464
Luxembourg,1985,220.885
Luxembourg,1986,217.182
Luxembourg,1987,186.109
Luxembourg,1988,182.086
Luxembourg,1989,153.805
Luxembourg,1990,107.372
Luxembourg,1991,134.367
Luxembourg,1993,183.659
Luxembourg,1994,124.093
Luxembourg,1995,85.653
Luxembourg,1996,125.536
Luxembourg,1997,114.436
Luxembourg,1998,103.603
Luxembourg,1999,55.752
Luxembourg,2000,194.82
Luxembourg,2001,115.509
Luxembourg,2002,91.892
Luxembourg,2003,35.427
Luxembourg,2004,50.208
Luxembourg,2005,51.595
Luxembourg,2006,55.011
Luxembourg,2007,31.25
Luxembourg,2008,98.23
Luxembourg,2009,120.534
Luxembourg,2010,155.833
Luxembourg,2011,163.983
Luxembourg,2012,205.294
Luxembourg,2013,207.965
Luxembourg,2014,230.084
Luxembourg,2015,224.718
Macao,2005,6.217
Macao,2007,1.985
Macao,2008,5.833
Macao,2009,1.904
Macao,2010,7.449
Macao,2011,7.28
Macao,2012,8.888
Macao,2013,10.42
Macao,2014,3.397
Macao,2015,4.992
Madagascar,1994,0.689
Madagascar,1995,1.633
Madagascar,1996,0.503
Madagascar,1997,0.627
Madagascar,1998,0.945
Madagascar,1999,0.654
Madagascar,2000,0.444
Madagascar,2002,0.239
Madagascar,2003,0.174
Madagascar,2004,0.899
Madagascar,2005,0.382
Madagascar,2006,0.212
Madagascar,2007,0.463
Madagascar,2008,0.7
Madagascar,2009,0.049
Madagascar,2010,0.425
Madagascar,2011,0.138
Madagascar,2012,0.179
Madagascar,2013,0.174
Madagascar,2014,0.212
Madagascar,2015,0.124
Malawi,1988,0.116
Malawi,1989,0.11
Malawi,1991,0.104
Malawi,1992,0.206
Malawi,1993,0.308
Malawi,1994,0.102
Malawi,1995,0.101
Malawi,1996,0.198
Malawi,1997,0.193
Malawi,1998,0.187
Malawi,1999,0.091
Malawi,2000,0.264
Malawi,2012,0.248
Malawi,2013,0.241
Malawi,2014,0.293
Malawi,2015,0.341
Malaysia,1985,0.513
Malaysia,1986,1.807
Malaysia,1987,4.296
Malaysia,1988,4.287
Malaysia,1989,4.79
Malaysia,1990,5.1
Malaysia,1991,5.721
Malaysia,1992,7.942
Malaysia,1993,10.156
Malaysia,1994,11.157
Malaysia,1995,6.88
Malaysia,1996,10.512
Malaysia,1997,8.3
Malaysia,1998,8.728
Malaysia,1999,9.622
Malaysia,2000,8.885
Malaysia,2001,11.435
Malaysia,2002,13.306
Malaysia,2003,15.23
Malaysia,2004,20.736
Malaysia,2005,20.343
Malaysia,2006,20.311
Malaysia,2007,25.164
Malaysia,2008,30.172
Malaysia,2009,44.701
Malaysia,2010,43.789
Malaysia,2011,37.576
Malaysia,2012,38.189
Malaysia,2013,40.361
Malaysia,2014,44.76
Malaysia,2015,41.402
Malta,1986,14.615
Malta,1987,14.514
Malta,1988,8.637
Malta,1989,5.703
Malta,1990,5.647
Malta,1991,16.491
Malta,1992,8.161
Malta,1993,21.545
Malta,1994,56.03
Malta,1995,29.145
Malta,1996,15.793
Malta,1997,57.473
Malta,1998,20.764
Malta,1999,28.381
Malta,2000,58.961
Malta,2001,66.153
Malta,2002,55.56
Malta,2007,24.587
Malta,2008,34.198
Malta,2009,19.395
Malta,2010,28.95
Malta,2011,21.621
Malta,2012,26.225
Malta,2013,30.706
Malta,2014,11.7
Malta,2015,20.839
Mauritius,1985,3.92
Mauritius,1988,2.876
Mauritius,1990,0.944
Mauritius,1991,1.869
Mauritius,1993,1.823
Mauritius,1994,4.493
Mauritius,1995,2.673
Mauritius,1996,2.646
Mauritius,1997,2.613
Mauritius,1998,2.585
Mauritius,2008,1.608
Mauritius,2011,0.798
Mauritius,2012,3.185
Mauritius,2013,1.589
Mauritius,2014,2.379
Mauritius,2015,0.792
Mexico,1985,7.627
Mexico,1986,7.969
Mexico,1987,9.217
Mexico,1988,7.943
Mexico,1989,9.044
Mexico,1990,7.744
Mexico,1991,6.477
Mexico,1992,6.361
Mexico,1993,6.104
Mexico,1994,5.393
Mexico,1995,4.594
Mexico,1996,4.034
Mexico,1997,4.317
Mexico,1998,4.584
Mexico,1999,4.536
Mexico,2000,4.237
Mexico,2001,5.181
Mexico,2002,5.04
Mexico,2003,4.43
Mexico,2004,5.281
Mexico,2005,5.384
Mexico,2006,5.214
Mexico,2007,5.624
Mexico,2008,6.027
Mexico,2009,7.117
Mexico,2010,8.106
Mexico,2011,8.943
Mexico,2012,10.709
Mexico,2013,9.875
Mexico,2014,10.03
Mexico,2015,10.835
Middle East & North Africa,1985,6.782
Middle East & North Africa,1987,6.751
Middle East & North Africa,1988,7.218
Middle East & North Africa,1989,7.012
Middle East & North Africa,1990,6.383
Middle East & North Africa,1991,6.861
Middle East & North Africa,1992,8.179
Middle East & North Africa,1993,8.441
Middle East & North Africa,1994,8.06
Middle East & North Africa,1995,8.191
Middle East & North Africa,1996,8.241
Middle East & North Africa,1998,10.072
Middle East & North Africa,1999,10.407
Middle East & North Africa,2000,9.933
Middle East & North Africa,2001,8.648
Middle East & North Africa,2002,9.517
Middle East & North Africa,2003,10.384
Middle East & North Africa,2004,14.32
Middle East & North Africa,2005,19.189
Middle East & North Africa,2007,36.531
Middle East & North Africa,2010,35.71
Middle East & North Africa,2011,36.152
Middle East & North Africa,2012,32.637
Middle East & North Africa,2013,34.898
Middle East & North Africa,2014,40.371
Middle East & North Africa (IDA & IBRD),1985,3.553
Middle East & North Africa (IDA & IBRD),1987,3.59
Middle East & North Africa (IDA & IBRD),1988,3.442
Middle East & North Africa (IDA & IBRD),1989,3.08
Middle East & North Africa (IDA & IBRD),1990,2.496
Middle East & North Africa (IDA & IBRD),1991,2.946
Middle East & North Africa (IDA & IBRD),1992,3.208
Middle East & North Africa (IDA & IBRD),1993,3.961
Middle East & North Africa (IDA & IBRD),1994,3.785
Middle East & North Africa (IDA & IBRD),1995,4.14
Middle East & North Africa (IDA & IBRD),1996,4.515
Middle East & North Africa (IDA & IBRD),1998,3.99
Middle East & North Africa (IDA & IBRD),1999,4.033
Middle East & North Africa (IDA & IBRD),2000,5.222
Middle East & North Africa (IDA & IBRD),2001,5.212
Middle East & North Africa (IDA & IBRD),2002,6.382
Middle East & North Africa (IDA & IBRD),2003,7.165
Middle East & North Africa (IDA & IBRD),2004,10.982
Middle East & North Africa (IDA & IBRD),2005,16.183
Middle East & North Africa (IDA & IBRD),2007,36.738
Middle East & North Africa (IDA & IBRD),2010,36.528
Middle East & North Africa (IDA & IBRD),2011,37.272
Middle East & North Africa (IDA & IBRD),2012,34.447
Middle East & North Africa (IDA & IBRD),2013,36.168
Middle East & North Africa (IDA & IBRD),2014,42.533
Middle East & North Africa (excluding high income),1985,3.553
Middle East & North Africa (excluding high income),1987,3.59
Middle East & North Africa (excluding high income),1988,3.442
Middle East & North Africa (excluding high income),1989,3.08
Middle East & North Africa (excluding high income),1990,2.475
Middle East & North Africa (excluding high income),1991,2.92
Middle East & North Africa (excluding high income),1992,3.179
Middle East & North Africa (excluding high income),1993,3.924
Middle East & North Africa (excluding high income),1994,3.749
Middle East & North Africa (excluding high income),1995,4.099
Middle East & North Africa (excluding high income),1996,4.47
Middle East & North Africa (excluding high income),1998,3.949
Middle East & North Africa (excluding high income),1999,3.991
Middle East & North Africa (excluding high income),2000,5.168
Middle East & North Africa (excluding high income),2001,5.157
Middle East & North Africa (excluding high income),2002,6.315
Middle East & North Africa (excluding high income),2003,7.088
Middle East & North Africa (excluding high income),2004,10.864
Middle East & North Africa (excluding high income),2005,16.008
Middle East & North Africa (excluding high income),2007,36.334
Middle East & North Africa (excluding high income),2010,36.113
Middle East & North Africa (excluding high income),2011,36.844
Middle East & North Africa (excluding high income),2012,34.047
Middle East & North Africa (excluding high income),2013,35.743
Middle East & North Africa (excluding high income),2014,42.027
Middle income,1985,4.843
Middle income,1986,4.752
Middle income,1987,5.234
Middle income,1988,5.416
Middle income,1989,5.538
Middle income,1990,4.191
Middle income,1991,4.391
Middle income,1992,14.675
Middle income,1993,16.051
Middle income,1994,12.428
Middle income,1995,11.01
Middle income,1996,11.157
Middle income,1997,10.596
Middle income,1998,11.145
Middle income,1999,12.322
Middle income,2000,15.353
Middle income,2001,17.081
Middle income,2002,17.719
Middle income,2003,21.66
Middle income,2004,23.796
Middle income,2005,29.837
Middle income,2006,36.592
Middle income,2007,43.593
Middle income,2008,52.279
Middle income,2009,57.536
Middle income,2010,70.195
Middle income,2011,92.36
Middle income,2012,113.688
Middle income,2013,144.912
Middle income,2014,160.313
Middle income,2015,187.219
Moldova,1993,18.103
Moldova,1994,64.21
Moldova,1995,73.467
Moldova,1996,78.795
Moldova,1997,80.729
Moldova,1998,70.358
Moldova,1999,70.195
Moldova,2000,65.941
Moldova,2001,120.337
Moldova,2002,65.966
Moldova,2003,81.099
Moldova,2004,82.41
Moldova,2005,104.862
Moldova,2006,84.514
Moldova,2007,93.097
Moldova,2008,76.468
Moldova,2009,37.581
Moldova,2010,39.023
Moldova,2011,27.247
Moldova,2012,26.127
Moldova,2013,18.828
Moldova,2014,18.839
Moldova,2015,18.007
Monaco,1985,520.201
Monaco,1986,344.341
Monaco,1987,651.309
Monaco,1988,547.289
Monaco,1989,307.041
Monaco,1990,713.339
Monaco,1991,405.077
Monaco,1992,301.376
Monaco,1993,331.807
Monaco,1994,690.176
Monaco,1995,423.577
Monaco,1996,516.679
Monaco,1997,639.98
Monaco,1998,126.891
Monaco,1999,471.698
Monaco,2000,187.021
Monaco,2001,185.414
Monaco,2002,245.181
Monaco,2003,151.823
Monaco,2004,210.122
Monaco,2005,59.184
Monaco,2006,174.378
Monaco,2007,313.292
Monaco,2008,195.242
Monaco,2009,82.115
Monaco,2010,161.751
Monaco,2011,160.013
Monaco,2012,105.868
Monaco,2013,131.679
Monaco,2014,157.348
Monaco,2015,130.524
Mongolia,1991,12.624
Mongolia,1992,11.589
Mongolia,1993,24.302
Mongolia,1994,56.128
Mongolia,1995,56.57
Mongolia,1996,49.211
Mongolia,1997,79.634
Mongolia,1998,62.829
Mongolia,2001,43.806
Mongolia,2002,49.516
Mongolia,2003,67.631
Mongolia,2004,57.273
Mongolia,2005,39.581
Mongolia,2006,40.266
Mongolia,2009,28.483
Mongolia,2010,40.551
Mongolia,2013,46.356
Mongolia,2014,47.539
Mongolia,2015,36.616
Montenegro,2008,4.862
Montenegro,2010,37.131
Montenegro,2011,32.254
Montenegro,2012,59.62
Montenegro,2013,37.025
Montenegro,2014,20.907
Montenegro,2015,36.968
Morocco,1985,1.553
Morocco,1986,1.26
Morocco,1987,3.064
Morocco,1988,3.464
Morocco,1989,2.457
Morocco,1990,2.452
Morocco,1991,2.171
Morocco,1993,1.601
Morocco,1994,4.012
Morocco,1995,3.287
Morocco,1996,3.277
Morocco,1998,3.443
Morocco,2000,3.605
Morocco,2004,3.446
Morocco,2005,4.587
Morocco,2006,5.766
Morocco,2007,4.804
Morocco,2008,5.602
Morocco,2009,4.22
Morocco,2010,4.69
Morocco,2011,5.143
Morocco,2012,5.91
Morocco,2013,9.342
Morocco,2014,10.344
Morocco,2015,6.436
Mozambique,1999,0.114
Mozambique,2006,0.046
Mozambique,2007,0.811
Mozambique,2008,0.088
Mozambique,2009,0.298
Mozambique,2010,0.619
Mozambique,2011,0.321
Mozambique,2012,0.545
Mozambique,2013,0.492
Mozambique,2014,0.514
Mozambique,2015,0.857
Namibia,1990,3.534
Namibia,1991,2.047
Namibia,1993,8.333
Nepal,1992,0.051
Nepal,1993,0.295
Nepal,1994,0.192
Nepal,1995,0.14
Nepal,2011,0.293
Nepal,2012,0.145
Nepal,2013,0.643
Nepal,2015,0.384
Netherlands,1985,133.732
Netherlands,1986,128.051
Netherlands,1987,134.333
Netherlands,1988,146.205
Netherlands,1989,148.496
Netherlands,1990,143.598
Netherlands,1991,106.504
Netherlands,1992,115.449
Netherlands,1993,113.339
Netherlands,1994,113.633
Netherlands,1995,137.331
Netherlands,1996,151.186
Netherlands,1997,153.165
Netherlands,1998,156.043
Netherlands,1999,160.953
Netherlands,2000,154.783
Netherlands,2001,131.495
Netherlands,2002,131.402
Netherlands,2003,141.014
Netherlands,2004,134.322
Netherlands,2005,135.847
Netherlands,2006,132.631
Netherlands,2007,126.91
Netherlands,2008,147.213
Netherlands,2009,155.774
Netherlands,2010,152.088
Netherlands,2011,154.855
Netherlands,2012,141.749
Netherlands,2013,137.761
Netherlands,2014,136.021
Netherlands,2015,130.284
New Zealand,1985,310.431
New Zealand,1986,294.797
New Zealand,1987,278.524
New Zealand,1988,244.564
New Zealand,1989,244.605
New Zealand,1990,240.855
New Zealand,1991,281.251
New Zealand,1992,291.927
New Zealand,1993,346.005
New Zealand,1994,346.409
New Zealand,1995,349.54
New Zealand,1996,341.64
New Zealand,1997,415.73
New Zealand,1998,309.567
New Zealand,1999,370.264
New Zealand,2000,379.242
New Zealand,2001,455.611
New Zealand,2002,465.746
New Zealand,2003,458.135
New Zealand,2004,399.021
New Zealand,2005,457.921
New Zealand,2006,514.506
New Zealand,2007,447.938
New Zealand,2008,294.85
New Zealand,2009,361.409
New Zealand,2010,364.309
New Zealand,2011,342.381
New Zealand,2012,323.269
New Zealand,2013,363.342
New Zealand,2014,362.774
New Zealand,2015,257.632
Nicaragua,1985,0.539
Nicaragua,1992,0.693
Nicaragua,1993,0.452
Nicaragua,1997,0.627
Nicaragua,1998,2.464
Nicaragua,1999,1.818
Nicaragua,2000,2.785
Nicaragua,2011,0.344
Nicaragua,2012,0.681
Nicaragua,2013,0.505
Nicaragua,2014,0.166
Nigeria,1985,0.12
Nigeria,1990,0.126
Nigeria,2011,0.393
Nigeria,2012,0.251
Nigeria,2013,0.291
North America,1985,249.183
North America,1986,252.843
North America,1987,263.454
North America,1988,287.211
North America,1989,311.391
North America,1990,335.859
North America,1991,320.531
North America,1992,334.039
North America,1993,358.636
North America,1994,375.347
North America,1995,427.449
North America,1996,365.983
North America,1997,404.876
North America,1998,452.511
North America,1999,495.193
North America,2000,539.889
North America,2001,574.085
North America,2002,589.889
North America,2003,599.259
North America,2004,599.534
North America,2005,649.755
North America,2006,686.694
North America,2007,737.154
North America,2008,701.38
North America,2009,675.484
North America,2010,717.862
North America,2011,729.631
North America,2012,784.06
North America,2013,832.034
North America,2014,816.815
North America,2015,820.077
North Korea,2005,245.187
North Korea,2006,263.911
North Korea,2007,282.854
North Korea,2009,325.226
North Korea,2010,326.046
North Korea,2011,321.815
North Korea,2012,336.122
North Macedonia,1993,39.314
North Macedonia,1994,29.268
North Macedonia,1995,50.422
North Macedonia,1996,26.138
North Macedonia,1997,33.007
North Macedonia,1998,41.748
North Macedonia,1999,31.614
North Macedonia,2000,34.893
North Macedonia,2001,32.308
North Macedonia,2002,20.499
North Macedonia,2003,23.376
North Macedonia,2004,21.39
North Macedonia,2005,25.725
North Macedonia,2006,26.658
North Macedonia,2007,50.836
North Macedonia,2008,16.446
North Macedonia,2009,18.849
North Macedonia,2010,13.039
North Macedonia,2011,17.854
North Macedonia,2012,24.108
North Macedonia,2013,20.234
Norway,1985,222.275
Norway,1986,216.684
Norway,1987,211.134
Norway,1988,214.753
Norway,1989,240.129
Norway,1990,211.955
Norway,1991,216.813
Norway,1992,219.531
Norway,1993,239.101
Norway,1994,247.659
Norway,1995,258.764
Norway,1996,294.659
Norway,1997,285.12
Norway,1998,273.724
Norway,1999,299.199
Norway,2000,291.919
Norway,2001,263.417
Norway,2002,259.577
Norway,2003,236.371
Norway,2004,248.698
Norway,2005,247.226
Norway,2006,240.094
Norway,2007,260.132
Norway,2008,241.181
Norway,2009,258.039
Norway,2010,228.46
Norway,2011,226.525
Norway,2012,201.053
Norway,2013,216.748
Norway,2014,215.291
Norway,2015,222.218
OECD members,1985,427.213
OECD members,1986,439.975
OECD members,1987,461.84
OECD members,1988,466.296
OECD members,1989,474.315
OECD members,1990,491.519
OECD members,1991,490.768
OECD members,1992,503.23
OECD members,1993,508.625
OECD members,1994,507.039
OECD members,1995,553.87
OECD members,1996,557.627
OECD members,1997,569.288
OECD members,1998,575.271
OECD members,1999,599.895
OECD members,2000,651.061
OECD members,2001,646.783
OECD members,2002,632.682
OECD members,2003,637.545
OECD members,2004,656.337
OECD members,2005,679.419
OECD members,2006,671.658
OECD members,2007,682.802
OECD members,2008,666.081
OECD members,2009,626.864
OECD members,2010,635.598
OECD members,2011,640.114
OECD members,2012,660.366
OECD members,2013,668.525
OECD members,2014,659.923
OECD members,2015,648.659
Pakistan,1990,0.214
Pakistan,1991,0.199
Pakistan,1992,0.149
Pakistan,1993,0.163
Pakistan,1994,0.259
Pakistan,1995,0.171
Pakistan,1996,0.127
Pakistan,1997,0.209
Pakistan,1998,0.34
Pakistan,1999,0.325
Pakistan,2000,0.332
Pakistan,2001,0.41
Pakistan,2002,0.38
Pakistan,2003,0.386
Pakistan,2004,0.484
Pakistan,2005,0.929
Pakistan,2006,0.579
Pakistan,2007,0.68
Pakistan,2008,1.039
Pakistan,2010,0.668
Pakistan,2011,0.528
Pakistan,2012,0.54
Pakistan,2013,0.831
Pakistan,2014,0.787
Pakistan,2015,1.104
Panama,1985,6.308
Panama,1986,4.849
Panama,1987,1.294
Panama,1988,3.8
Panama,1989,2.48
Panama,1990,6.07
Panama,1991,7.53
Panama,1992,6.988
Panama,1993,7.606
Panama,1994,4.098
Panama,1995,5.84
Panama,1996,11.086
Panama,2000,2.31
Panama,2011,5.664
Panama,2013,2.345
Panama,2014,3.33
Panama,2015,3.527
Papua New Guinea,2008,0.147
Papua New Guinea,2015,0.126
Paraguay,1985,1.906
Paraguay,1989,1.462
Paraguay,1990,3.797
Paraguay,1992,4.512
Paraguay,1993,6.605
Paraguay,2000,2.074
Paraguay,2001,2.219
Paraguay,2002,1.997
Paraguay,2003,2.14
Paraguay,2004,3.156
Paraguay,2005,4.141
Paraguay,2006,3.57
Paraguay,2007,6.202
Paraguay,2008,2.15
Paraguay,2009,2.448
Paraguay,2010,2.899
Peru,1985,2.098
Peru,1986,2.4
Peru,1987,2.103
Peru,1988,2.535
Peru,1990,2.245
Peru,1991,1.391
Peru,1992,0.924
Peru,1993,1.467
Peru,1994,1.228
Peru,1996,2.128
Peru,1997,1.933
Peru,1999,1.878
Peru,2000,1.544
Peru,2001,1.371
Peru,2002,1.09
Peru,2003,1.188
Peru,2004,1.393
Peru,2005,0.978
Peru,2006,1.395
Peru,2007,0.99
Peru,2008,1.082
Peru,2009,1.276
Peru,2010,1.328
Peru,2011,1.31
Peru,2012,1.791
Peru,2013,2.388
Peru,2014,2.68
Peru,2015,2.135
Philippines,1985,1.675
Philippines,1986,1.344
Philippines,1987,1.326
Philippines,1988,1.461
Philippines,1989,1.176
Philippines,1990,2.373
Philippines,1991,2.315
Philippines,1992,2.044
Philippines,1993,2.671
Philippines,1994,2.653
Philippines,1995,2.42
Philippines,1996,2.281
Philippines,1997,1.711
Philippines,1998,2.182
Philippines,1999,1.886
Philippines,2000,1.975
Philippines,2001,1.695
Philippines,2002,1.832
Philippines,2003,1.698
Philippines,2004,1.866
Philippines,2005,2.434
Philippines,2006,2.54
Philippines,2007,2.52
Philippines,2008,2.38
Philippines,2009,1.865
Philippines,2010,1.814
Philippines,2011,1.952
Philippines,2012,1.672
Philippines,2013,2.234
Philippines,2014,3.337
Philippines,2015,3.687
Poland,1985,137.735
Poland,1986,146.465
Poland,1987,150.844
Poland,1988,166.03
Poland,1989,139.457
Poland,1990,107.739
Poland,1991,88.61
Poland,1992,75.358
Poland,1993,69.134
Poland,1994,69.43
Poland,1995,67.237
Poland,1996,62.422
Poland,1997,62.07
Poland,1998,62.255
Poland,1999,59.105
Poland,2000,62.835
Poland,2001,57.572
Poland,2002,60.502
Poland,2003,59.365
Poland,2004,62.359
Poland,2005,53.137
Poland,2006,56.553
Poland,2007,62.748
Poland,2008,65.258
Poland,2009,75.986
Poland,2010,84.195
Poland,2011,101.909
Poland,2012,115.86
Poland,2013,111.382
Poland,2014,103.679
Poland,2015,123.097
Portugal,1985,8.48
Portugal,1986,7.675
Portugal,1987,6.082
Portugal,1988,5.389
Portugal,1989,8.596
Portugal,1990,10.117
Portugal,1991,10.241
Portugal,1992,6.933
Portugal,1993,8.831
Portugal,1994,10.309
Portugal,1995,8.079
Portugal,1996,8.545
Portugal,1997,7.023
Portugal,1998,9.449
Portugal,1999,7.927
Portugal,2000,7.872
Portugal,2001,10.325
Portugal,2002,12.476
Portugal,2003,11.952
Portugal,2004,11.732
Portugal,2005,15.043
Portugal,2006,17.487
Portugal,2007,23.712
Portugal,2008,36.086
Portugal,2009,54.03
Portugal,2010,47.195
Portugal,2011,54.084
Portugal,2012,59.059
Portugal,2013,61.871
Portugal,2014,69.416
Portugal,2015,89.302
Post-demographic dividend,1985,460.944
Post-demographic dividend,1986,475.487
Post-demographic dividend,1987,500.277
Post-demographic dividend,1988,505.425
Post-demographic dividend,1989,516.17
Post-demographic dividend,1990,537.864
Post-demographic dividend,1991,539.433
Post-demographic dividend,1992,555.373
Post-demographic dividend,1993,572.202
Post-demographic dividend,1994,567.743
Post-demographic dividend,1995,621.209
Post-demographic dividend,1996,626.187
Post-demographic dividend,1997,641.794
Post-demographic dividend,1998,649.873
Post-demographic dividend,1999,679.434
Post-demographic dividend,2000,739.366
Post-demographic dividend,2001,737.931
Post-demographic dividend,2002,717.785
Post-demographic dividend,2003,725.194
Post-demographic dividend,2004,749.799
Post-demographic dividend,2005,777.354
Post-demographic dividend,2006,769.925
Post-demographic dividend,2007,782.89
Post-demographic dividend,2008,764.113
Post-demographic dividend,2009,719.502
Post-demographic dividend,2010,730.403
Post-demographic dividend,2011,736.62
Post-demographic dividend,2012,760.273
Post-demographic dividend,2013,772.095
Post-demographic dividend,2014,762.529
Post-demographic dividend,2015,749.358
Qatar,2012,1.422
Qatar,2013,3.999
Qatar,2014,2.106
Romania,1985,184.615
Romania,1986,192.22
Romania,1987,210.071
Romania,1988,243.52
Romania,1989,253.352
Romania,1990,118.611
Romania,1991,87.604
Romania,1992,63.92
Romania,1993,62.118
Romania,1994,71.843
Romania,1995,79.835
Romania,1996,80.95
Romania,1997,75.729
Romania,1998,57.714
Romania,1999,47.214
Romania,2000,44.691
Romania,2001,50.967
Romania,2002,68.015
Romania,2003,40.836
Romania,2004,43.679
Romania,2005,42.965
Romania,2006,38.408
Romania,2007,39.602
Romania,2008,48.447
Romania,2009,51.749
Romania,2010,68.257
Romania,2011,70.679
Romania,2012,50.952
Romania,2013,49.691
Romania,2014,47.818
Romania,2015,49.204
Russia,1992,265.615
Russia,1993,191.914
Russia,1994,143.256
Russia,1995,118.288
Russia,1996,121.585
Russia,1997,102.126
Russia,1998,111.424
Russia,1999,135.177
Russia,2000,159.465
Russia,2001,169.733
Russia,2002,163.187
Russia,2003,172.619
Russia,2004,159.544
Russia,2005,164.745
Russia,2006,194.925
Russia,2007,192.605
Russia,2008,194.14
Russia,2009,179.276
Russia,2010,201.065
Russia,2011,185.33
Russia,2012,200.424
Russia,2013,200.443
Russia,2014,167.376
Russia,2015,203.12
Rwanda,1988,0.142
Rwanda,2012,3.708
Rwanda,2014,0.441
Rwanda,2015,0.43
Samoa,2014,5.2
Samoa,2015,5.161
Saudi Arabia,1989,0.762
Saudi Arabia,1990,0.98
Saudi Arabia,1991,1.601
Saudi Arabia,1992,1.208
Saudi Arabia,1993,1.176
Saudi Arabia,1994,1.802
Saudi Arabia,1995,1.494
Saudi Arabia,1996,1.411
Saudi Arabia,1997,2.922
Saudi Arabia,1998,2.263
Saudi Arabia,1999,3.548
Saudi Arabia,2000,3.66
Saudi Arabia,2001,2.159
Saudi Arabia,2002,2.785
Saudi Arabia,2003,2.483
Saudi Arabia,2004,3.487
Saudi Arabia,2005,4.978
Saudi Arabia,2006,4.842
Saudi Arabia,2007,5.069
Saudi Arabia,2010,10.501
Saudi Arabia,2011,12.288
Saudi Arabia,2013,16.397
Saudi Arabia,2014,21.185
Saudi Arabia,2015,22.657
Serbia,2004,63.378
Serbia,2005,49.995
Serbia,2006,58.287
Serbia,2007,53.512
Serbia,2008,52.515
Serbia,2009,43.574
Serbia,2010,39.773
Serbia,2011,24.882
Serbia,2012,26.67
Serbia,2013,28.056
Serbia,2014,28.329
Serbia,2015,25.087
Singapore,1985,1.462
Singapore,1995,41.141
Singapore,1996,61.024
Singapore,1997,75.869
Singapore,1998,79.191
Singapore,1999,94.475
Singapore,2000,128.107
Singapore,2001,126.389
Singapore,2002,149.427
Singapore,2003,152.133
Singapore,2004,153.84
Singapore,2005,133.388
Singapore,2006,142.229
Singapore,2007,151.68
Singapore,2008,163.863
Singapore,2009,150.374
Singapore,2010,176.295
Singapore,2011,203.716
Singapore,2012,203.485
Singapore,2013,211.7
Singapore,2014,238.22
Singapore,2015,265.402
Slovakia,1993,52.955
Slovakia,1994,46.387
Slovakia,1995,50.168
Slovakia,1996,36.29
Slovakia,1997,41.61
Slovakia,1998,39.514
Slovakia,1999,39.474
Slovakia,2000,43.795
Slovakia,2001,45.735
Slovakia,2002,48.169
Slovakia,2003,39.082
Slovakia,2004,40.02
Slovakia,2005,28.849
Slovakia,2006,35.92
Slovakia,2007,44.468
Slovakia,2008,31.045
Slovakia,2009,32.675
Slovakia,2010,43.402
Slovakia,2011,41.494
Slovakia,2012,31.068
Slovakia,2013,33.99
Slovakia,2014,38.94
Slovakia,2015,42.037
Slovenia,1991,10.503
Slovenia,1992,94.165
Slovenia,1993,139.074
Slovenia,1994,143.759
Slovenia,1995,157.799
Slovenia,1996,144.823
Slovenia,1997,133.941
Slovenia,1998,145.335
Slovenia,1999,131.616
Slovenia,2000,154.355
Slovenia,2001,151.1
Slovenia,2002,150.411
Slovenia,2003,155.331
Slovenia,2004,171.256
Slovenia,2005,171.959
Slovenia,2006,143.009
Slovenia,2007,164.014
Slovenia,2008,148.913
Slovenia,2009,182.873
Slovenia,2010,215.759
Slovenia,2011,228.951
South Africa,1985,122.821
South Africa,1986,140.217
South Africa,1987,142.82
South Africa,1988,137.205
South Africa,1989,142.749
South Africa,1990,29.706
South Africa,1991,27.141
South Africa,1992,22.977
South Africa,1993,22.817
South Africa,1994,23.053
South Africa,1995,21.315
South Africa,1996,17.934
South Africa,1997,8.271
South Africa,1998,4.589
South Africa,1999,3.12
South Africa,2000,19.935
South Africa,2001,21.318
South Africa,2002,21.437
South Africa,2003,19.863
South Africa,2004,20.34
South Africa,2005,21.068
South Africa,2006,17.954
South Africa,2007,18.718
South Africa,2008,17.354
South Africa,2009,16.356
South Africa,2010,16.105
South Africa,2011,12.681
South Africa,2012,11.58
South Africa,2013,11.967
South Africa,2014,14.812
South Africa,2015,16.16
South Asia,1985,1.037
South Asia,1986,1.005
South Asia,1987,0.993
South Asia,1988,0.999
South Asia,1989,1
South Asia,1990,1.081
South Asia,1991,1.173
South Asia,1992,1.161
South Asia,1993,1.092
South Asia,1994,1.376
South Asia,1995,1.362
South Asia,1996,1.361
South Asia,1997,1.588
South Asia,1998,1.78
South Asia,1999,1.777
South Asia,2000,1.726
South Asia,2001,1.853
South Asia,2002,2.027
South Asia,2003,2.485
South Asia,2004,2.86
South Asia,2005,3.347
South Asia,2006,3.873
South Asia,2007,4.219
South Asia,2008,4.328
South Asia,2009,4.677
South Asia,2010,5.677
South Asia,2011,5.546
South Asia,2012,5.799
South Asia,2013,6.608
South Asia,2014,7.103
South Asia,2015,7.487
South Asia (IDA & IBRD),1985,1.037
South Asia (IDA & IBRD),1986,1.005
South Asia (IDA & IBRD),1987,0.993
South Asia (IDA & IBRD),1988,0.999
South Asia (IDA & IBRD),1989,1
South Asia (IDA & IBRD),1990,1.081
South Asia (IDA & IBRD),1991,1.173
South Asia (IDA & IBRD),1992,1.161
South Asia (IDA & IBRD),1993,1.092
South Asia (IDA & IBRD),1994,1.376
South Asia (IDA & IBRD),1995,1.362
South Asia (IDA & IBRD),1996,1.361
South Asia (IDA & IBRD),1997,1.588
South Asia (IDA & IBRD),1998,1.78
South Asia (IDA & IBRD),1999,1.777
South Asia (IDA & IBRD),2000,1.726
South Asia (IDA & IBRD),2001,1.853
South Asia (IDA & IBRD),2002,2.027
South Asia (IDA & IBRD),2003,2.485
South Asia (IDA & IBRD),2004,2.86
South Asia (IDA & IBRD),2005,3.347
South Asia (IDA & IBRD),2006,3.873
South Asia (IDA & IBRD),2007,4.219
South Asia (IDA & IBRD),2008,4.328
South Asia (IDA & IBRD),2009,4.677
South Asia (IDA & IBRD),2010,5.677
South Asia (IDA & IBRD),2011,5.546
South Asia (IDA & IBRD),2012,5.799
South Asia (IDA & IBRD),2013,6.608
South Asia (IDA & IBRD),2014,7.103
South Asia (IDA & IBRD),2015,7.487
South Korea,1985,66.216
South Korea,1986,88.32
South Korea,1987,117.03
South Korea,1988,135.518
South Korea,1989,165.375
South Korea,1990,211.853
South Korea,1991,306.104
South Korea,1992,364.611
South Korea,1993,485.33
South Korea,1994,639.628
South Korea,1995,1313.464
South Korea,1996,1502.592
South Korea,1997,1465.805
South Korea,1998,1093.105
South Korea,1999,1200.643
South Korea,2000,1549.328
South Korea,2001,1556.127
South Korea,2002,1607.103
South Korea,2003,1885.751
South Korea,2004,2188.945
South Korea,2005,2535.833
South Korea,2006,2590.43
South Korea,2007,2643.619
South Korea,2008,2591.27
South Korea,2009,2582.064
South Korea,2010,2659.82
South Korea,2011,2764.183
South Korea,2012,2950.925
South Korea,2013,3172.348
South Korea,2014,3233.178
South Korea,2015,3278.941
Spain,1985,55.862
Spain,1986,42.737
Spain,1987,44.462
Spain,1988,46.844
Spain,1989,53.75
Spain,1990,57.066
Spain,1991,55.33
Spain,1992,53.016
Spain,1993,55.003
Spain,1994,54.009
Spain,1995,51.53
Spain,1996,57.007
Spain,1997,55.845
Spain,1998,56.46
Spain,1999,60.391
Spain,2000,66.802
Spain,2001,61.884
Spain,2002,66.688
Spain,2003,66.678
Spain,2004,66.889
Spain,2005,69.64
Spain,2006,70.072
Spain,2007,72.236
Spain,2008,79.035
Spain,2009,77.562
Spain,2010,76.562
Spain,2011,73.38
Spain,2012,69.827
Spain,2013,64.908
Spain,2014,63.531
Spain,2015,60.261
Sri Lanka,1985,1.769
Sri Lanka,1986,1.617
Sri Lanka,1987,2.509
Sri Lanka,1988,1.567
Sri Lanka,1989,1.663
Sri Lanka,1990,1.347
Sri Lanka,1991,1.907
Sri Lanka,1992,2.054
Sri Lanka,1993,2.764
Sri Lanka,1994,2.01
Sri Lanka,1995,4.205
Sri Lanka,1996,2.746
Sri Lanka,1997,4.421
Sri Lanka,1998,2.931
Sri Lanka,1999,6.421
Sri Lanka,2000,3.806
Sri Lanka,2001,6.384
Sri Lanka,2002,6.495
Sri Lanka,2003,4.978
Sri Lanka,2004,6.241
Sri Lanka,2005,7.691
Sri Lanka,2006,7.838
Sri Lanka,2007,7.677
Sri Lanka,2008,10.143
Sri Lanka,2009,10.116
Sri Lanka,2010,11.183
Sri Lanka,2011,9.57
Sri Lanka,2013,15.934
Sri Lanka,2015,10.398
Sudan,1999,0.075
Sudan,2000,0.22
Sudan,2001,0.036
Sudan,2002,0.07
Sudan,2003,0.204
Sudan,2004,0.133
Sudan,2005,0.194
Sudan,2006,0.095
Sudan,2007,0.093
Sudan,2008,10.317
Sudan,2009,9.866
Sudan,2010,7.329
Sudan,2011,7.08
Sudan,2013,7.3
Sudan,2015,6.909
Sweden,1985,459.859
Sweden,1986,440.272
Sweden,1987,419.276
Sweden,1988,386.417
Sweden,1989,370.542
Sweden,1990,363.134
Sweden,1991,366.005
Sweden,1992,379.669
Sweden,1993,431.264
Sweden,1994,450.19
Sweden,1995,446.474
Sweden,1996,464.993
Sweden,1997,466.874
Sweden,1998,448.764
Sweden,1999,467.607
Sweden,2000,476.099
Sweden,2001,441.324
Sweden,2002,376.248
Sweden,2003,337.678
Sweden,2004,307.777
Sweden,2005,279.304
Sweden,2006,269.368
Sweden,2007,276.232
Sweden,2008,276.475
Sweden,2009,235.091
Sweden,2010,234.162
Sweden,2011,212.081
Sweden,2012,240.352
Sweden,2013,242.907
Sweden,2014,204.618
Sweden,2015,207.976
Switzerland,1985,493.172
Switzerland,1986,491.842
Switzerland,1987,503.888
Switzerland,1988,490.795
Switzerland,1989,488.498
Switzerland,1990,444.791
Switzerland,1991,433.678
Switzerland,1992,446.231
Switzerland,1993,432.241
Switzerland,1994,433.67
Switzerland,1995,410.471
Switzerland,1996,354.08
Switzerland,1997,339.686
Switzerland,1998,284.81
Switzerland,1999,268.197
Switzerland,2000,289.94
Switzerland,2001,257.128
Switzerland,2002,250.798
Switzerland,2003,249.489
Switzerland,2004,235.736
Switzerland,2005,220.919
Switzerland,2006,232.498
Switzerland,2007,224.073
Switzerland,2008,208.429
Switzerland,2009,217.463
Switzerland,2010,207.287
Switzerland,2011,201.835
Switzerland,2012,185.073
Switzerland,2013,188.52
Switzerland,2014,180.738
Switzerland,2015,178.33
Syria,1992,4.019
Syria,1993,6.045
Syria,1994,4.803
Syria,1995,8.992
Syria,1996,7.184
Syria,1997,7.643
Syria,1998,3.461
Syria,1999,5.432
Syria,2000,15.051
Syria,2001,11.272
Syria,2002,10.709
Syria,2003,12.231
Syria,2004,11.513
Syria,2005,5.739
Syria,2006,6.556
Syria,2015,10.568
Tajikistan,1993,0.894
Tajikistan,1994,4.225
Tajikistan,1995,6.071
Tajikistan,1996,5.129
Tajikistan,1997,3.876
Tajikistan,1998,6.144
Tajikistan,1999,6.214
Tajikistan,2000,7.239
Tajikistan,2001,13.118
Tajikistan,2002,6.049
Tajikistan,2003,4.561
Tajikistan,2004,4.767
Tajikistan,2005,4.377
Tajikistan,2006,3.714
Tajikistan,2009,1.472
Tajikistan,2010,0.916
Tajikistan,2011,0.512
Tajikistan,2012,0.375
Tajikistan,2013,0.245
Tanzania,2015,0.019
Thailand,1985,1.057
Thailand,1986,1.132
Thailand,1987,1.26
Thailand,1988,1.42
Thailand,1989,0.771
Thailand,1990,1.29
Thailand,1991,1.397
Thailand,1992,1.158
Thailand,1993,1.885
Thailand,1994,2.547
Thailand,1995,2.437
Thailand,1996,3.375
Thailand,1997,4.042
Thailand,1998,7.776
Thailand,1999,11.845
Thailand,2000,8.911
Thailand,2001,8.404
Thailand,2002,9.598
Thailand,2003,12.424
Thailand,2004,12.6
Thailand,2005,13.619
Thailand,2006,15.8
Thailand,2007,14.276
Thailand,2008,13.555
Thailand,2009,15.326
Thailand,2010,18.063
Thailand,2011,13.727
Thailand,2012,15.034
Thailand,2013,23.069
Thailand,2014,14.704
Trinidad and Tobago,1992,10.505
Trinidad and Tobago,1993,23.304
Trinidad and Tobago,1994,10.397
Trinidad and Tobago,1995,19.123
Trinidad and Tobago,1996,7.152
Trinidad and Tobago,1997,13.485
Trinidad and Tobago,2002,1.565
Trinidad and Tobago,2004,2.325
Trinidad and Tobago,2005,0.771
Trinidad and Tobago,2007,1.528
Trinidad and Tobago,2008,0.76
Trinidad and Tobago,2012,1.491
Trinidad and Tobago,2014,2.953
Trinidad and Tobago,2015,2.206
Tunisia,1985,1.912
Tunisia,1986,3.728
Tunisia,1987,3.38
Tunisia,1988,2.541
Tunisia,1989,3.229
Tunisia,1990,3.28
Tunisia,1991,3.089
Tunisia,1992,2.557
Tunisia,1993,4.781
Tunisia,1994,4.354
Tunisia,1995,3.401
Tunisia,1996,4.862
Tunisia,1997,4.369
Tunisia,1998,4
Tunisia,1999,6.976
Tunisia,2000,4.846
Tunisia,2001,2.248
Tunisia,2002,4.562
Tunisia,2003,3.521
Tunisia,2004,4.592
Tunisia,2005,5.543
Tunisia,2006,7.552
Tunisia,2007,7.38
Tunisia,2008,7.303
Tunisia,2009,9.979
Tunisia,2010,10.62
Tunisia,2011,12.731
Tunisia,2012,13.778
Tunisia,2013,10.168
Tunisia,2014,12.742
Tunisia,2015,15.966
Turkey,1985,2.687
Turkey,1986,3.471
Turkey,1987,2.701
Turkey,1988,2.939
Turkey,1989,3.057
Turkey,1990,2.559
Turkey,1991,2.699
Turkey,1992,3.39
Turkey,1993,2.983
Turkey,1994,2.623
Turkey,1995,2.907
Turkey,1996,3.181
Turkey,1997,3.362
Turkey,1998,3.375
Turkey,1999,4.431
Turkey,2000,4.38
Turkey,2001,5.25
Turkey,2002,6.355
Turkey,2003,7.399
Turkey,2004,10.178
Turkey,2005,13.666
Turkey,2006,15.59
Turkey,2007,26.007
Turkey,2008,31.53
Turkey,2009,35.815
Turkey,2010,43.967
Turkey,2011,52.922
Turkey,2012,59.461
Turkey,2013,57.952
Turkey,2014,61.871
Turkey,2015,68.377
Turkmenistan,1996,15.394
Turkmenistan,1997,11.94
Turkmenistan,1998,9.29
Turkmenistan,1999,9.852
Uganda,2003,0.188
Uganda,2004,0.435
Uganda,2005,0.105
Uganda,2006,0.372
Uganda,2007,0.196
Uganda,2013,0.266
Uganda,2014,0.129
Uganda,2015,0.224
Ukraine,1992,5.925
Ukraine,1993,166.484
Ukraine,1994,103.137
Ukraine,1995,93.259
Ukraine,1996,71.214
Ukraine,1997,92.659
Ukraine,1998,106.075
Ukraine,1999,108.73
Ukraine,2000,114.284
Ukraine,2001,148.057
Ukraine,2002,33.214
Ukraine,2003,34.196
Ukraine,2004,86.193
Ukraine,2005,75.109
Ukraine,2006,74.25
Ukraine,2007,73.964
Ukraine,2008,61.07
Ukraine,2009,52.852
Ukraine,2010,55.722
Ukraine,2011,57.957
Ukraine,2012,54.635
Ukraine,2013,62.784
Ukraine,2014,54.272
Ukraine,2015,50.295
United Arab Emirates,2011,2.998
United Arab Emirates,2012,2.247
United Arab Emirates,2013,1.999
United Arab Emirates,2014,3.197
United Arab Emirates,2015,1.639
United Kingdom,1985,347.867
United Kingdom,1986,353.555
United Kingdom,1987,351.132
United Kingdom,1988,360.734
United Kingdom,1989,345.71
United Kingdom,1990,337.307
United Kingdom,1991,334.872
United Kingdom,1992,327.334
United Kingdom,1993,324.453
United Kingdom,1994,317.701
United Kingdom,1995,321.102
United Kingdom,1996,312.617
United Kingdom,1997,307.595
United Kingdom,1998,333.92
United Kingdom,1999,363.533
United Kingdom,2000,374.411
United Kingdom,2001,362.367
United Kingdom,2002,347.378
United Kingdom,2003,342.445
United Kingdom,2004,319.698
United Kingdom,2005,295.242
United Kingdom,2006,287.345
United Kingdom,2007,283.338
United Kingdom,2008,267.332
United Kingdom,2009,256.679
United Kingdom,2010,246.788
United Kingdom,2011,242.543
United Kingdom,2012,241.286
United Kingdom,2013,233.47
United Kingdom,2014,235.184
United Kingdom,2015,228.271
United States,1985,267.619
United States,1986,271.495
United States,1987,281.957
United States,1988,307.535
United States,1989,333.726
United States,1990,363.12
United States,1991,347.674
United States,1992,360.312
United States,1993,384.562
United States,1994,407.535
United States,1995,465.536
United States,1996,396.787
United States,1997,437.231
United States,1998,488.421
United States,1999,534.873
United States,2000,584.043
United States,2001,622.92
United States,2002,640.573
United States,2003,651.278
United States,2004,647.311
United States,2005,703.402
United States,2006,743.294
United States,2007,801.202
United States,2008,761.567
United States,2009,733.158
United States,2010,782.216
United States,2011,794.928
United States,2012,855.998
United States,2013,910.267
United States,2014,894.943
United States,2015,898.529
Upper middle income,1985,8.453
Upper middle income,1986,8.396
Upper middle income,1987,9.315
Upper middle income,1988,9.685
Upper middle income,1989,9.906
Upper middle income,1990,7.236
Upper middle income,1991,7.581
Upper middle income,1992,27.444
Upper middle income,1993,25.07
Upper middle income,1994,19.89
Upper middle income,1995,17.423
Upper middle income,1996,18.405
Upper middle income,1997,17.11
Upper middle income,1998,17.733
Upper middle income,1999,20.219
Upper middle income,2000,26.285
Upper middle income,2001,29.117
Upper middle income,2002,32.946
Upper middle income,2003,40.832
Upper middle income,2004,44.538
Upper middle income,2005,57.05
Upper middle income,2006,71.188
Upper middle income,2007,85.812
Upper middle income,2008,104.512
Upper middle income,2009,116.063
Upper middle income,2010,142.561
Upper middle income,2011,190.441
Upper middle income,2012,236.897
Upper middle income,2013,303.6
Upper middle income,2014,337.663
Upper middle income,2015,396.891
Uruguay,1985,20.917
Uruguay,1986,12.867
Uruguay,1987,11.148
Uruguay,1988,9.123
Uruguay,1989,7.446
Uruguay,1991,10.856
Uruguay,1992,12.362
Uruguay,1993,9.125
Uruguay,1994,5.622
Uruguay,1995,10.853
Uruguay,1996,7.697
Uruguay,1997,9.783
Uruguay,1998,8.201
Uruguay,1999,8.159
Uruguay,2000,13.248
Uruguay,2001,15.629
Uruguay,2002,9.015
Uruguay,2003,13.531
Uruguay,2004,11.131
Uruguay,2005,7.217
Uruguay,2006,9.306
Uruguay,2007,10.48
Uruguay,2008,9.848
Uruguay,2009,8.921
Uruguay,2010,6.816
Uruguay,2011,5.907
Uruguay,2012,6.477
Uruguay,2014,10.82
Uruguay,2015,7.577
Uzbekistan,1993,97.348
Uzbekistan,1994,47.415
Uzbekistan,1995,45.6
Uzbekistan,1996,39.354
Uzbekistan,1997,34.436
Uzbekistan,1998,29.978
Uzbekistan,1999,31.549
Uzbekistan,2000,30.628
Uzbekistan,2001,32.166
Uzbekistan,2002,28.292
Uzbekistan,2003,36.413
Uzbekistan,2004,10.555
Uzbekistan,2005,10.089
Uzbekistan,2006,12.194
Uzbekistan,2007,12.059
Uzbekistan,2008,9.596
Uzbekistan,2009,8.571
Uzbekistan,2010,12.954
Uzbekistan,2011,9.612
Uzbekistan,2012,8.632
Uzbekistan,2013,9.887
Uzbekistan,2014,11.217
Uzbekistan,2015,9.202
Venezuela,1985,12.965
Venezuela,1986,15.694
Venezuela,1987,16.922
Venezuela,1989,9.439
Venezuela,1990,13.191
Venezuela,1991,11.46
Venezuela,1992,9.712
Venezuela,1993,8.747
Venezuela,1994,10.31
Venezuela,1996,8.035
Venezuela,1997,8.697
Venezuela,2000,2.287
Venezuela,2011,1.12
Vietnam,1986,0.116
Vietnam,1988,0.316
Vietnam,1989,0.71
Vietnam,1990,0.879
Vietnam,1991,0.55
Vietnam,1992,0.497
Vietnam,1993,0.459
Vietnam,1994,0.311
Vietnam,1995,0.319
Vietnam,1996,0.506
Vietnam,1997,0.404
Vietnam,1998,0.331
Vietnam,1999,0.457
Vietnam,2000,0.438
Vietnam,2001,0.661
Vietnam,2002,0.868
Vietnam,2003,0.969
Vietnam,2004,1.265
Vietnam,2005,2.185
Vietnam,2006,2.353
Vietnam,2007,2.6
Vietnam,2008,2.397
Vietnam,2009,2.999
Vietnam,2010,3.52
Vietnam,2011,3.415
Vietnam,2012,4.301
Vietnam,2013,4.935
Vietnam,2014,5.368
Vietnam,2015,6.346
World,1985,94.146
World,1986,95.854
World,1987,99.824
World,1988,99.949
World,1989,100.78
World,1990,102.444
World,1991,101.753
World,1992,111.351
World,1993,112.84
World,1994,109.067
World,1995,116.49
World,1996,116.609
World,1997,117.723
World,1998,118.56
World,1999,123.417
World,2000,134.692
World,2001,134.451
World,2002,131.629
World,2003,134.85
World,2004,139.253
World,2005,148.25
World,2006,151.335
World,2007,157.996
World,2008,159.835
World,2009,157.174
World,2010,167.596
World,2011,184.233
World,2012,203.104
World,2013,226.286
World,2014,235.687
World,2015,253.228
Yemen,1998,0.414
Yemen,1999,0.518
Yemen,2000,0.392
Yemen,2001,0.326
Yemen,2002,0.476
Yemen,2003,0.822
Yemen,2004,0.5
Yemen,2005,0.972
Yemen,2006,0.662
Yemen,2007,0.506
Yemen,2010,0.847
Yemen,2011,0.289
Yemen,2012,1.445
Yemen,2013,1.681
Yemen,2014,1.105
Yemen,2015,0.186
Zambia,1988,0.921
Zambia,1989,0.384
Zambia,1990,0.872
Zambia,1991,0.121
Zambia,1992,0.828
Zambia,1993,0.461
Zambia,1995,0.438
Zambia,1996,0.639
Zambia,1999,0.488
Zambia,2001,0.554
Zambia,2002,0.27
Zambia,2003,0.263
Zambia,2004,0.085
Zambia,2005,0.415
Zambia,2006,0.323
Zambia,2007,1.493
Zambia,2008,1.987
Zambia,2009,0.669
Zambia,2010,0.361
Zambia,2011,0.21
Zambia,2012,0.476
Zambia,2013,0.858
Zambia,2014,0.896
Zimbabwe,1985,4.389
Zimbabwe,1986,5.236
Zimbabwe,1987,4.412
Zimbabwe,1988,3.957
Zimbabwe,1989,3.938
Zimbabwe,1990,4.321
Zimbabwe,1991,5.745
Zimbabwe,1992,3.932
Zimbabwe,1993,4.035
Zimbabwe,1995,4.859
Zimbabwe,1996,2.431
Zimbabwe,2015,0.57
