Entity,Year,RCV1 (% of one-year-olds immunized)
African Region (WHO),1980,0
African Region (WHO),1981,0
African Region (WHO),1982,0
African Region (WHO),1983,0
African Region (WHO),1984,0
African Region (WHO),1985,0
African Region (WHO),1986,0
African Region (WHO),1987,0
African Region (WHO),1988,0
African Region (WHO),1989,0
African Region (WHO),1990,0
African Region (WHO),1991,0
African Region (WHO),1992,0
African Region (WHO),1993,0
African Region (WHO),1994,0
African Region (WHO),1995,0
African Region (WHO),1996,0
African Region (WHO),1997,0
African Region (WHO),1998,0
African Region (WHO),1999,0
African Region (WHO),2000,0
African Region (WHO),2001,0
African Region (WHO),2002,0
African Region (WHO),2003,0
African Region (WHO),2004,0
African Region (WHO),2005,0
African Region (WHO),2006,0
African Region (WHO),2007,0
African Region (WHO),2008,0
African Region (WHO),2009,0
African Region (WHO),2010,0
African Region (WHO),2011,0
African Region (WHO),2012,0
African Region (WHO),2013,4
African Region (WHO),2014,9
African Region (WHO),2015,11
African Region (WHO),2016,13
African Region (WHO),2017,25
African Region (WHO),2018,31
African Region (WHO),2019,32
African Region (WHO),2020,36
African Region (WHO),2021,35
Albania,2001,95
Albania,2002,96
Albania,2003,93
Albania,2004,96
Albania,2005,97
Albania,2006,95
Albania,2007,97
Albania,2008,98
Albania,2009,97
Albania,2010,99
Albania,2011,99
Albania,2012,98
Albania,2013,99
Albania,2014,98
Albania,2015,97
Albania,2016,96
Albania,2017,96
Albania,2018,94
Albania,2019,95
Albania,2020,91
Albania,2021,87
Algeria,2017,88
Algeria,2018,80
Algeria,2019,80
Algeria,2020,80
Algeria,2021,80
Andorra,1997,90
Andorra,1998,90
Andorra,1999,97
Andorra,2000,97
Andorra,2001,97
Andorra,2002,98
Andorra,2003,96
Andorra,2004,98
Andorra,2005,94
Andorra,2006,91
Andorra,2007,94
Andorra,2008,98
Andorra,2009,98
Andorra,2010,99
Andorra,2011,99
Andorra,2012,98
Andorra,2013,95
Andorra,2014,96
Andorra,2015,96
Andorra,2016,97
Andorra,2017,99
Andorra,2018,99
Andorra,2019,99
Andorra,2020,98
Andorra,2021,99
Angola,2018,50
Angola,2019,51
Angola,2020,44
Angola,2021,36
Antigua and Barbuda,1988,95
Antigua and Barbuda,1989,95
Antigua and Barbuda,1990,89
Antigua and Barbuda,1991,87
Antigua and Barbuda,1992,99
Antigua and Barbuda,1993,99
Antigua and Barbuda,1994,91
Antigua and Barbuda,1995,93
Antigua and Barbuda,1996,99
Antigua and Barbuda,1997,93
Antigua and Barbuda,1998,99
Antigua and Barbuda,1999,99
Antigua and Barbuda,2000,95
Antigua and Barbuda,2001,97
Antigua and Barbuda,2002,99
Antigua and Barbuda,2003,99
Antigua and Barbuda,2004,97
Antigua and Barbuda,2005,99
Antigua and Barbuda,2006,99
Antigua and Barbuda,2007,99
Antigua and Barbuda,2008,99
Antigua and Barbuda,2009,99
Antigua and Barbuda,2010,98
Antigua and Barbuda,2011,99
Antigua and Barbuda,2012,98
Antigua and Barbuda,2013,96
Antigua and Barbuda,2014,93
Antigua and Barbuda,2015,91
Antigua and Barbuda,2016,88
Antigua and Barbuda,2017,99
Antigua and Barbuda,2018,96
Antigua and Barbuda,2019,93
Antigua and Barbuda,2020,89
Antigua and Barbuda,2021,85
Argentina,1997,93
Argentina,1998,95
Argentina,1999,97
Argentina,2000,91
Argentina,2001,89
Argentina,2002,95
Argentina,2003,97
Argentina,2004,99
Argentina,2005,98
Argentina,2006,97
Argentina,2007,94
Argentina,2008,96
Argentina,2009,96
Argentina,2010,95
Argentina,2011,95
Argentina,2012,94
Argentina,2013,94
Argentina,2014,95
Argentina,2015,89
Argentina,2016,90
Argentina,2017,89
Argentina,2018,94
Argentina,2019,86
Argentina,2020,77
Argentina,2021,81
Armenia,2002,91
Armenia,2003,94
Armenia,2004,92
Armenia,2005,94
Armenia,2006,92
Armenia,2007,92
Armenia,2008,94
Armenia,2009,96
Armenia,2010,97
Armenia,2011,97
Armenia,2012,97
Armenia,2013,97
Armenia,2014,97
Armenia,2015,97
Armenia,2016,97
Armenia,2017,96
Armenia,2018,95
Armenia,2019,95
Armenia,2020,94
Armenia,2021,94
Australia,1983,68
Australia,1984,68
Australia,1985,68
Australia,1986,68
Australia,1987,68
Australia,1988,77
Australia,1989,85
Australia,1990,86
Australia,1991,86
Australia,1992,86
Australia,1993,86
Australia,1994,86
Australia,1995,87
Australia,1996,87
Australia,1997,85
Australia,1998,82
Australia,1999,88
Australia,2000,91
Australia,2001,92
Australia,2002,94
Australia,2003,94
Australia,2004,94
Australia,2005,94
Australia,2006,94
Australia,2007,94
Australia,2008,94
Australia,2009,94
Australia,2010,94
Australia,2011,94
Australia,2012,94
Australia,2013,94
Australia,2014,94
Australia,2015,95
Australia,2016,95
Australia,2017,94
Australia,2018,94
Australia,2019,94
Australia,2020,93
Australia,2021,93
Austria,1981,25
Austria,1982,25
Austria,1983,25
Austria,1984,30
Austria,1985,40
Austria,1986,60
Austria,1987,60
Austria,1988,60
Austria,1989,60
Austria,1990,60
Austria,1991,60
Austria,1992,60
Austria,1993,60
Austria,1994,60
Austria,1995,60
Austria,1996,87
Austria,1997,90
Austria,1998,78
Austria,1999,65
Austria,2000,75
Austria,2001,79
Austria,2002,78
Austria,2003,79
Austria,2004,74
Austria,2005,75
Austria,2006,80
Austria,2007,79
Austria,2008,83
Austria,2009,76
Austria,2010,80
Austria,2011,84
Austria,2012,88
Austria,2013,92
Austria,2014,96
Austria,2015,96
Austria,2016,95
Austria,2017,96
Austria,2018,94
Austria,2019,95
Austria,2020,95
Austria,2021,95
Azerbaijan,2003,67
Azerbaijan,2004,67
Azerbaijan,2005,67
Azerbaijan,2006,69
Azerbaijan,2007,75
Azerbaijan,2008,79
Azerbaijan,2009,85
Azerbaijan,2010,89
Azerbaijan,2011,92
Azerbaijan,2012,94
Azerbaijan,2013,98
Azerbaijan,2014,98
Azerbaijan,2015,98
Azerbaijan,2016,98
Azerbaijan,2017,98
Azerbaijan,2018,96
Azerbaijan,2019,98
Azerbaijan,2020,82
Azerbaijan,2021,93
Bahamas,1991,93
Bahamas,1992,94
Bahamas,1993,88
Bahamas,1994,88
Bahamas,1995,90
Bahamas,1996,92
Bahamas,1997,93
Bahamas,1998,92
Bahamas,1999,86
Bahamas,2000,93
Bahamas,2001,94
Bahamas,2002,94
Bahamas,2003,90
Bahamas,2004,89
Bahamas,2005,85
Bahamas,2006,88
Bahamas,2007,96
Bahamas,2008,90
Bahamas,2009,98
Bahamas,2010,94
Bahamas,2011,90
Bahamas,2012,91
Bahamas,2013,92
Bahamas,2014,92
Bahamas,2015,94
Bahamas,2016,89
Bahamas,2017,90
Bahamas,2018,89
Bahamas,2019,83
Bahamas,2020,87
Bahamas,2021,82
Bahrain,1980,45
Bahrain,1981,50
Bahrain,1982,54
Bahrain,1983,59
Bahrain,1984,65
Bahrain,1985,78
Bahrain,1986,78
Bahrain,1987,78
Bahrain,1988,78
Bahrain,1989,85
Bahrain,1990,87
Bahrain,1991,88
Bahrain,1992,87
Bahrain,1993,90
Bahrain,1994,93
Bahrain,1995,95
Bahrain,1996,95
Bahrain,1997,94
Bahrain,1998,99
Bahrain,1999,94
Bahrain,2000,98
Bahrain,2001,98
Bahrain,2002,99
Bahrain,2003,99
Bahrain,2004,99
Bahrain,2005,99
Bahrain,2006,99
Bahrain,2007,99
Bahrain,2008,99
Bahrain,2009,99
Bahrain,2010,99
Bahrain,2011,99
Bahrain,2012,99
Bahrain,2013,99
Bahrain,2014,99
Bahrain,2015,99
Bahrain,2016,99
Bahrain,2017,99
Bahrain,2018,99
Bahrain,2019,99
Bahrain,2020,99
Bahrain,2021,99
Bangladesh,2012,17
Bangladesh,2013,91
Bangladesh,2014,94
Bangladesh,2015,97
Bangladesh,2016,97
Bangladesh,2017,97
Bangladesh,2018,97
Bangladesh,2019,97
Bangladesh,2020,97
Bangladesh,2021,97
Barbados,1982,53
Barbados,1983,55
Barbados,1984,84
Barbados,1985,88
Barbados,1986,84
Barbados,1987,85
Barbados,1988,84
Barbados,1989,85
Barbados,1990,87
Barbados,1991,92
Barbados,1992,90
Barbados,1993,92
Barbados,1994,97
Barbados,1995,92
Barbados,1996,99
Barbados,1997,92
Barbados,1998,97
Barbados,1999,86
Barbados,2000,94
Barbados,2001,93
Barbados,2002,91
Barbados,2003,90
Barbados,2004,98
Barbados,2005,93
Barbados,2006,92
Barbados,2007,75
Barbados,2008,94
Barbados,2009,94
Barbados,2010,85
Barbados,2011,93
Barbados,2012,90
Barbados,2013,87
Barbados,2014,95
Barbados,2015,96
Barbados,2016,92
Barbados,2017,92
Barbados,2018,85
Barbados,2019,92
Barbados,2020,89
Barbados,2021,77
Belarus,1996,96
Belarus,1997,97
Belarus,1998,98
Belarus,1999,98
Belarus,2000,98
Belarus,2001,99
Belarus,2002,99
Belarus,2003,99
Belarus,2004,99
Belarus,2005,99
Belarus,2006,97
Belarus,2007,99
Belarus,2008,99
Belarus,2009,99
Belarus,2010,99
Belarus,2011,99
Belarus,2012,98
Belarus,2013,99
Belarus,2014,99
Belarus,2015,99
Belarus,2016,98
Belarus,2017,97
Belarus,2018,98
Belarus,2019,98
Belarus,2020,97
Belarus,2021,98
Belgium,1985,82
Belgium,1986,90
Belgium,1987,50
Belgium,1988,75
Belgium,1989,75
Belgium,1990,85
Belgium,1991,67
Belgium,1992,87
Belgium,1993,70
Belgium,1994,78
Belgium,1995,85
Belgium,1996,73
Belgium,1997,76
Belgium,1998,80
Belgium,1999,82
Belgium,2000,82
Belgium,2001,82
Belgium,2002,82
Belgium,2003,82
Belgium,2004,82
Belgium,2005,88
Belgium,2006,92
Belgium,2007,92
Belgium,2008,93
Belgium,2009,95
Belgium,2010,95
Belgium,2011,95
Belgium,2012,96
Belgium,2013,96
Belgium,2014,96
Belgium,2015,96
Belgium,2016,96
Belgium,2017,96
Belgium,2018,96
Belgium,2019,96
Belgium,2020,96
Belgium,2021,96
Belize,1996,81
Belize,1997,85
Belize,1998,84
Belize,1999,82
Belize,2000,96
Belize,2001,94
Belize,2002,88
Belize,2003,96
Belize,2004,97
Belize,2005,95
Belize,2006,99
Belize,2007,96
Belize,2008,96
Belize,2009,97
Belize,2010,98
Belize,2011,98
Belize,2012,96
Belize,2013,99
Belize,2014,95
Belize,2015,96
Belize,2016,95
Belize,2017,90
Belize,2018,97
Belize,2019,96
Belize,2020,82
Belize,2021,79
Benin,2019,68
Benin,2020,65
Benin,2021,68
Bhutan,2006,90
Bhutan,2007,95
Bhutan,2008,99
Bhutan,2009,94
Bhutan,2010,95
Bhutan,2011,95
Bhutan,2012,95
Bhutan,2013,94
Bhutan,2014,97
Bhutan,2015,97
Bhutan,2016,97
Bhutan,2017,97
Bhutan,2018,97
Bhutan,2019,97
Bhutan,2020,93
Bhutan,2021,97
Bolivia,2000,84
Bolivia,2001,88
Bolivia,2002,91
Bolivia,2003,96
Bolivia,2004,90
Bolivia,2005,89
Bolivia,2006,88
Bolivia,2007,86
Bolivia,2008,92
Bolivia,2009,93
Bolivia,2010,88
Bolivia,2011,96
Bolivia,2012,92
Bolivia,2013,87
Bolivia,2014,89
Bolivia,2015,95
Bolivia,2016,94
Bolivia,2017,83
Bolivia,2018,89
Bolivia,2019,79
Bolivia,2020,74
Bolivia,2021,75
Bosnia and Herzegovina,1992,52
Bosnia and Herzegovina,1993,48
Bosnia and Herzegovina,1994,57
Bosnia and Herzegovina,1995,53
Bosnia and Herzegovina,1996,70
Bosnia and Herzegovina,1997,86
Bosnia and Herzegovina,1998,84
Bosnia and Herzegovina,1999,83
Bosnia and Herzegovina,2000,80
Bosnia and Herzegovina,2001,92
Bosnia and Herzegovina,2002,89
Bosnia and Herzegovina,2003,84
Bosnia and Herzegovina,2004,88
Bosnia and Herzegovina,2005,90
Bosnia and Herzegovina,2006,85
Bosnia and Herzegovina,2007,96
Bosnia and Herzegovina,2008,84
Bosnia and Herzegovina,2009,93
Bosnia and Herzegovina,2010,91
Bosnia and Herzegovina,2011,89
Bosnia and Herzegovina,2012,94
Bosnia and Herzegovina,2013,92
Bosnia and Herzegovina,2014,89
Bosnia and Herzegovina,2015,83
Bosnia and Herzegovina,2016,68
Bosnia and Herzegovina,2017,69
Bosnia and Herzegovina,2018,68
Bosnia and Herzegovina,2019,68
Bosnia and Herzegovina,2020,68
Bosnia and Herzegovina,2021,68
Botswana,2016,97
Botswana,2017,97
Botswana,2018,97
Botswana,2019,97
Botswana,2020,87
Botswana,2021,97
Brazil,2000,99
Brazil,2001,99
Brazil,2002,96
Brazil,2003,97
Brazil,2004,97
Brazil,2005,98
Brazil,2006,99
Brazil,2007,99
Brazil,2008,99
Brazil,2009,99
Brazil,2010,99
Brazil,2011,99
Brazil,2012,99
Brazil,2013,98
Brazil,2014,97
Brazil,2015,96
Brazil,2016,95
Brazil,2017,91
Brazil,2018,92
Brazil,2019,91
Brazil,2020,79
Brazil,2021,73
Brunei,1984,90
Brunei,1985,98
Brunei,1986,99
Brunei,1987,99
Brunei,1988,99
Brunei,1989,99
Brunei,1990,99
Brunei,1991,96
Brunei,1992,92
Brunei,1993,99
Brunei,1994,99
Brunei,1995,99
Brunei,1996,99
Brunei,1997,98
Brunei,1998,99
Brunei,1999,94
Brunei,2000,99
Brunei,2001,99
Brunei,2002,99
Brunei,2003,98
Brunei,2004,99
Brunei,2005,98
Brunei,2006,97
Brunei,2007,97
Brunei,2008,99
Brunei,2009,99
Brunei,2010,94
Brunei,2011,91
Brunei,2012,95
Brunei,2013,96
Brunei,2014,97
Brunei,2015,96
Brunei,2016,98
Brunei,2017,97
Brunei,2018,99
Brunei,2019,97
Brunei,2020,99
Brunei,2021,99
Bulgaria,1993,88
Bulgaria,1994,93
Bulgaria,1995,94
Bulgaria,1996,95
Bulgaria,1997,93
Bulgaria,1998,95
Bulgaria,1999,96
Bulgaria,2000,89
Bulgaria,2001,90
Bulgaria,2002,92
Bulgaria,2003,96
Bulgaria,2004,95
Bulgaria,2005,96
Bulgaria,2006,96
Bulgaria,2007,96
Bulgaria,2008,96
Bulgaria,2009,96
Bulgaria,2010,97
Bulgaria,2011,95
Bulgaria,2012,94
Bulgaria,2013,95
Bulgaria,2014,93
Bulgaria,2015,92
Bulgaria,2016,92
Bulgaria,2017,94
Bulgaria,2018,93
Bulgaria,2019,95
Bulgaria,2020,88
Bulgaria,2021,89
Burkina Faso,2015,68
Burkina Faso,2016,88
Burkina Faso,2017,88
Burkina Faso,2018,88
Burkina Faso,2019,88
Burkina Faso,2020,88
Burkina Faso,2021,88
Burundi,2017,90
Burundi,2018,88
Burundi,2019,92
Burundi,2020,90
Burundi,2021,90
Cambodia,2013,79
Cambodia,2014,83
Cambodia,2015,84
Cambodia,2016,84
Cambodia,2017,84
Cambodia,2018,84
Cambodia,2019,84
Cambodia,2020,84
Cambodia,2021,84
Cameroon,2017,65
Cameroon,2018,59
Cameroon,2019,60
Cameroon,2020,62
Cameroon,2021,62
Canada,1987,70
Canada,1988,85
Canada,1989,87
Canada,1990,89
Canada,1991,92
Canada,1992,94
Canada,1993,96
Canada,1994,97
Canada,1995,96
Canada,1996,97
Canada,1997,96
Canada,1998,96
Canada,1999,96
Canada,2000,96
Canada,2001,95
Canada,2002,95
Canada,2003,95
Canada,2004,94
Canada,2005,94
Canada,2006,93
Canada,2007,94
Canada,2008,93
Canada,2009,91
Canada,2010,90
Canada,2011,88
Canada,2012,89
Canada,2013,90
Canada,2014,90
Canada,2015,89
Canada,2016,89
Canada,2017,90
Canada,2018,90
Canada,2019,90
Canada,2020,90
Canada,2021,90
Cape Verde,2011,99
Cape Verde,2012,94
Cape Verde,2013,89
Cape Verde,2014,79
Cape Verde,2015,95
Cape Verde,2016,92
Cape Verde,2017,96
Cape Verde,2018,99
Cape Verde,2019,98
Cape Verde,2020,95
Cape Verde,2021,95
Chile,1990,97
Chile,1991,99
Chile,1992,89
Chile,1993,94
Chile,1994,96
Chile,1995,97
Chile,1996,93
Chile,1997,96
Chile,1998,98
Chile,1999,94
Chile,2000,97
Chile,2001,96
Chile,2002,95
Chile,2003,96
Chile,2004,94
Chile,2005,90
Chile,2006,91
Chile,2007,92
Chile,2008,96
Chile,2009,93
Chile,2010,93
Chile,2011,91
Chile,2012,90
Chile,2013,90
Chile,2014,97
Chile,2015,96
Chile,2016,93
Chile,2017,93
Chile,2018,93
Chile,2019,95
Chile,2020,91
Chile,2021,92
China,2010,62
China,2011,86
China,2012,95
China,2013,96
China,2014,98
China,2015,95
China,2016,99
China,2017,99
China,2018,99
China,2019,99
China,2020,99
China,2021,99
Colombia,1995,95
Colombia,1996,90
Colombia,1997,80
Colombia,1998,78
Colombia,1999,79
Colombia,2000,88
Colombia,2001,93
Colombia,2002,93
Colombia,2003,93
Colombia,2004,92
Colombia,2005,94
Colombia,2006,95
Colombia,2007,95
Colombia,2008,92
Colombia,2009,95
Colombia,2010,88
Colombia,2011,88
Colombia,2012,94
Colombia,2013,92
Colombia,2014,91
Colombia,2015,94
Colombia,2016,93
Colombia,2017,93
Colombia,2018,95
Colombia,2019,95
Colombia,2020,90
Colombia,2021,86
Congo,2019,62
Congo,2020,68
Congo,2021,68
Cook Islands,2006,99
Cook Islands,2007,98
Cook Islands,2008,95
Cook Islands,2009,78
Cook Islands,2010,99
Cook Islands,2011,89
Cook Islands,2012,97
Cook Islands,2013,97
Cook Islands,2014,98
Cook Islands,2015,99
Cook Islands,2016,90
Cook Islands,2017,98
Cook Islands,2018,99
Cook Islands,2019,99
Cook Islands,2020,99
Cook Islands,2021,99
Costa Rica,1987,93
Costa Rica,1988,97
Costa Rica,1989,77
Costa Rica,1990,90
Costa Rica,1991,96
Costa Rica,1992,92
Costa Rica,1993,89
Costa Rica,1994,87
Costa Rica,1995,91
Costa Rica,1996,84
Costa Rica,1997,99
Costa Rica,1998,83
Costa Rica,1999,88
Costa Rica,2000,82
Costa Rica,2001,82
Costa Rica,2002,94
Costa Rica,2003,89
Costa Rica,2004,88
Costa Rica,2005,89
Costa Rica,2006,90
Costa Rica,2007,90
Costa Rica,2008,89
Costa Rica,2009,81
Costa Rica,2010,83
Costa Rica,2011,83
Costa Rica,2012,90
Costa Rica,2013,91
Costa Rica,2014,95
Costa Rica,2015,93
Costa Rica,2016,93
Costa Rica,2017,96
Costa Rica,2018,94
Costa Rica,2019,95
Costa Rica,2020,95
Costa Rica,2021,89
Cote d'Ivoire,2018,75
Cote d'Ivoire,2019,73
Cote d'Ivoire,2020,66
Cote d'Ivoire,2021,68
Croatia,1992,90
Croatia,1993,90
Croatia,1994,90
Croatia,1995,92
Croatia,1996,92
Croatia,1997,91
Croatia,1998,91
Croatia,1999,92
Croatia,2000,93
Croatia,2001,94
Croatia,2002,95
Croatia,2003,94
Croatia,2004,96
Croatia,2005,96
Croatia,2006,95
Croatia,2007,96
Croatia,2008,96
Croatia,2009,95
Croatia,2010,96
Croatia,2011,96
Croatia,2012,95
Croatia,2013,94
Croatia,2014,94
Croatia,2015,93
Croatia,2016,90
Croatia,2017,89
Croatia,2018,93
Croatia,2019,93
Croatia,2020,91
Croatia,2021,89
Cuba,1986,80
Cuba,1987,99
Cuba,1988,89
Cuba,1989,98
Cuba,1990,94
Cuba,1991,99
Cuba,1992,99
Cuba,1993,96
Cuba,1994,99
Cuba,1995,99
Cuba,1996,99
Cuba,1997,96
Cuba,1998,99
Cuba,1999,96
Cuba,2000,94
Cuba,2001,96
Cuba,2002,98
Cuba,2003,99
Cuba,2004,99
Cuba,2005,98
Cuba,2006,96
Cuba,2007,97
Cuba,2008,98
Cuba,2009,99
Cuba,2010,99
Cuba,2011,99
Cuba,2012,99
Cuba,2013,99
Cuba,2014,99
Cuba,2015,99
Cuba,2016,99
Cuba,2017,99
Cuba,2018,99
Cuba,2019,99
Cuba,2020,98
Cuba,2021,99
Cyprus,1980,29
Cyprus,1981,28
Cyprus,1982,21
Cyprus,1983,19
Cyprus,1984,25
Cyprus,1985,43
Cyprus,1986,60
Cyprus,1987,91
Cyprus,1988,74
Cyprus,1989,76
Cyprus,1990,77
Cyprus,1991,78
Cyprus,1992,80
Cyprus,1993,81
Cyprus,1994,82
Cyprus,1995,83
Cyprus,1996,90
Cyprus,1997,90
Cyprus,1998,89
Cyprus,1999,87
Cyprus,2000,86
Cyprus,2001,86
Cyprus,2002,86
Cyprus,2003,86
Cyprus,2004,86
Cyprus,2005,86
Cyprus,2006,87
Cyprus,2007,87
Cyprus,2008,87
Cyprus,2009,87
Cyprus,2010,87
Cyprus,2011,87
Cyprus,2012,86
Cyprus,2013,86
Cyprus,2014,86
Cyprus,2015,90
Cyprus,2016,90
Cyprus,2017,90
Cyprus,2018,90
Cyprus,2019,86
Cyprus,2020,86
Cyprus,2021,86
Czechia,1993,98
Czechia,1994,97
Czechia,1995,96
Czechia,1996,97
Czechia,1997,96
Czechia,1998,95
Czechia,1999,97
Czechia,2000,97
Czechia,2001,97
Czechia,2002,98
Czechia,2003,97
Czechia,2004,97
Czechia,2005,97
Czechia,2006,97
Czechia,2007,98
Czechia,2008,97
Czechia,2009,98
Czechia,2010,98
Czechia,2011,98
Czechia,2012,98
Czechia,2013,99
Czechia,2014,99
Czechia,2015,99
Czechia,2016,98
Czechia,2017,97
Czechia,2018,96
Czechia,2019,92
Czechia,2020,94
Czechia,2021,97
Denmark,1987,82
Denmark,1988,72
Denmark,1989,80
Denmark,1990,84
Denmark,1991,86
Denmark,1992,85
Denmark,1993,81
Denmark,1994,88
Denmark,1995,88
Denmark,1996,85
Denmark,1997,84
Denmark,1998,91
Denmark,1999,92
Denmark,2000,99
Denmark,2001,94
Denmark,2002,95
Denmark,2003,96
Denmark,2004,96
Denmark,2005,95
Denmark,2006,90
Denmark,2007,89
Denmark,2008,87
Denmark,2009,84
Denmark,2010,85
Denmark,2011,87
Denmark,2012,90
Denmark,2013,89
Denmark,2014,90
Denmark,2015,91
Denmark,2016,94
Denmark,2017,97
Denmark,2018,95
Denmark,2019,96
Denmark,2020,94
Denmark,2021,95
Dominica,1989,88
Dominica,1990,88
Dominica,1991,98
Dominica,1992,99
Dominica,1993,99
Dominica,1994,99
Dominica,1995,99
Dominica,1996,99
Dominica,1997,99
Dominica,1998,98
Dominica,1999,99
Dominica,2000,99
Dominica,2001,99
Dominica,2002,99
Dominica,2003,99
Dominica,2004,99
Dominica,2005,98
Dominica,2006,97
Dominica,2007,96
Dominica,2008,99
Dominica,2009,99
Dominica,2010,99
Dominica,2011,99
Dominica,2012,99
Dominica,2013,93
Dominica,2014,94
Dominica,2015,96
Dominica,2016,96
Dominica,2017,77
Dominica,2018,84
Dominica,2019,92
Dominica,2020,92
Dominica,2021,92
Dominican Republic,2004,81
Dominican Republic,2005,79
Dominican Republic,2006,81
Dominican Republic,2007,82
Dominican Republic,2008,83
Dominican Republic,2009,84
Dominican Republic,2010,85
Dominican Republic,2011,87
Dominican Republic,2012,88
Dominican Republic,2013,83
Dominican Republic,2014,88
Dominican Republic,2015,90
Dominican Republic,2016,85
Dominican Republic,2017,86
Dominican Republic,2018,91
Dominican Republic,2019,96
Dominican Republic,2020,82
Dominican Republic,2021,88
Eastern Mediterranean Region (WHO),1980,0
Eastern Mediterranean Region (WHO),1981,0
Eastern Mediterranean Region (WHO),1982,0
Eastern Mediterranean Region (WHO),1983,0
Eastern Mediterranean Region (WHO),1984,0
Eastern Mediterranean Region (WHO),1985,0
Eastern Mediterranean Region (WHO),1986,0
Eastern Mediterranean Region (WHO),1987,0
Eastern Mediterranean Region (WHO),1988,0
Eastern Mediterranean Region (WHO),1989,0
Eastern Mediterranean Region (WHO),1990,0
Eastern Mediterranean Region (WHO),1991,4
Eastern Mediterranean Region (WHO),1992,4
Eastern Mediterranean Region (WHO),1993,4
Eastern Mediterranean Region (WHO),1994,5
Eastern Mediterranean Region (WHO),1995,10
Eastern Mediterranean Region (WHO),1996,11
Eastern Mediterranean Region (WHO),1997,6
Eastern Mediterranean Region (WHO),1998,6
Eastern Mediterranean Region (WHO),1999,21
Eastern Mediterranean Region (WHO),2000,23
Eastern Mediterranean Region (WHO),2001,26
Eastern Mediterranean Region (WHO),2002,25
Eastern Mediterranean Region (WHO),2003,25
Eastern Mediterranean Region (WHO),2004,35
Eastern Mediterranean Region (WHO),2005,37
Eastern Mediterranean Region (WHO),2006,36
Eastern Mediterranean Region (WHO),2007,37
Eastern Mediterranean Region (WHO),2008,34
Eastern Mediterranean Region (WHO),2009,36
Eastern Mediterranean Region (WHO),2010,35
Eastern Mediterranean Region (WHO),2011,37
Eastern Mediterranean Region (WHO),2012,36
Eastern Mediterranean Region (WHO),2013,36
Eastern Mediterranean Region (WHO),2014,40
Eastern Mediterranean Region (WHO),2015,44
Eastern Mediterranean Region (WHO),2016,44
Eastern Mediterranean Region (WHO),2017,44
Eastern Mediterranean Region (WHO),2018,43
Eastern Mediterranean Region (WHO),2019,43
Eastern Mediterranean Region (WHO),2020,42
Eastern Mediterranean Region (WHO),2021,42
Ecuador,1997,77
Ecuador,1998,89
Ecuador,1999,99
Ecuador,2000,99
Ecuador,2001,99
Ecuador,2002,99
Ecuador,2003,99
Ecuador,2004,99
Ecuador,2005,93
Ecuador,2006,97
Ecuador,2007,98
Ecuador,2008,98
Ecuador,2009,97
Ecuador,2010,95
Ecuador,2011,94
Ecuador,2012,96
Ecuador,2013,97
Ecuador,2014,85
Ecuador,2015,84
Ecuador,2016,86
Ecuador,2017,81
Ecuador,2018,83
Ecuador,2019,83
Ecuador,2020,81
Ecuador,2021,65
Egypt,1999,95
Egypt,2000,97
Egypt,2001,99
Egypt,2002,96
Egypt,2003,97
Egypt,2004,96
Egypt,2005,97
Egypt,2006,97
Egypt,2007,97
Egypt,2008,92
Egypt,2009,95
Egypt,2010,96
Egypt,2011,96
Egypt,2012,93
Egypt,2013,96
Egypt,2014,93
Egypt,2015,92
Egypt,2016,95
Egypt,2017,94
Egypt,2018,94
Egypt,2019,95
Egypt,2020,94
Egypt,2021,96
El Salvador,1997,98
El Salvador,1998,99
El Salvador,1999,94
El Salvador,2000,97
El Salvador,2001,95
El Salvador,2002,93
El Salvador,2003,90
El Salvador,2004,93
El Salvador,2005,99
El Salvador,2006,98
El Salvador,2007,99
El Salvador,2008,95
El Salvador,2009,91
El Salvador,2010,92
El Salvador,2011,89
El Salvador,2012,93
El Salvador,2013,94
El Salvador,2014,95
El Salvador,2015,95
El Salvador,2016,90
El Salvador,2017,85
El Salvador,2018,81
El Salvador,2019,82
El Salvador,2020,71
El Salvador,2021,86
Eritrea,2018,93
Eritrea,2019,93
Eritrea,2020,93
Eritrea,2021,93
Estonia,1993,74
Estonia,1994,76
Estonia,1995,81
Estonia,1996,86
Estonia,1997,88
Estonia,1998,89
Estonia,1999,92
Estonia,2000,93
Estonia,2001,95
Estonia,2002,95
Estonia,2003,95
Estonia,2004,96
Estonia,2005,96
Estonia,2006,96
Estonia,2007,96
Estonia,2008,95
Estonia,2009,95
Estonia,2010,95
Estonia,2011,94
Estonia,2012,94
Estonia,2013,94
Estonia,2014,93
Estonia,2015,93
Estonia,2016,93
Estonia,2017,93
Estonia,2018,87
Estonia,2019,88
Estonia,2020,91
Estonia,2021,89
Eswatini,2017,89
Eswatini,2018,85
Eswatini,2019,81
Eswatini,2020,76
Eswatini,2021,80
European Region (WHO),1980,4
European Region (WHO),1981,5
European Region (WHO),1982,7
European Region (WHO),1983,10
European Region (WHO),1984,13
European Region (WHO),1985,15
European Region (WHO),1986,16
European Region (WHO),1987,17
European Region (WHO),1988,22
European Region (WHO),1989,25
European Region (WHO),1990,29
European Region (WHO),1991,35
European Region (WHO),1992,37
European Region (WHO),1993,39
European Region (WHO),1994,40
European Region (WHO),1995,43
European Region (WHO),1996,45
European Region (WHO),1997,46
European Region (WHO),1998,45
European Region (WHO),1999,47
European Region (WHO),2000,60
European Region (WHO),2001,65
European Region (WHO),2002,69
European Region (WHO),2003,71
European Region (WHO),2004,74
European Region (WHO),2005,74
European Region (WHO),2006,92
European Region (WHO),2007,93
European Region (WHO),2008,93
European Region (WHO),2009,94
European Region (WHO),2010,94
European Region (WHO),2011,94
European Region (WHO),2012,95
European Region (WHO),2013,95
European Region (WHO),2014,94
European Region (WHO),2015,94
European Region (WHO),2016,93
European Region (WHO),2017,95
European Region (WHO),2018,95
European Region (WHO),2019,96
European Region (WHO),2020,94
European Region (WHO),2021,94
Fiji,1995,94
Fiji,1996,94
Fiji,1997,75
Fiji,1998,77
Fiji,1999,79
Fiji,2000,81
Fiji,2001,83
Fiji,2002,85
Fiji,2003,86
Fiji,2004,88
Fiji,2005,90
Fiji,2006,92
Fiji,2007,94
Fiji,2008,95
Fiji,2009,95
Fiji,2010,96
Fiji,2011,96
Fiji,2012,96
Fiji,2013,96
Fiji,2014,96
Fiji,2015,96
Fiji,2016,96
Fiji,2017,96
Fiji,2018,96
Fiji,2019,96
Fiji,2020,96
Fiji,2021,96
Finland,1981,70
Finland,1982,75
Finland,1983,81
Finland,1984,83
Finland,1985,85
Finland,1986,87
Finland,1987,92
Finland,1988,98
Finland,1989,95
Finland,1990,97
Finland,1991,97
Finland,1992,99
Finland,1993,99
Finland,1994,99
Finland,1995,98
Finland,1996,98
Finland,1997,96
Finland,1998,96
Finland,1999,96
Finland,2000,96
Finland,2001,96
Finland,2002,96
Finland,2003,97
Finland,2004,97
Finland,2005,97
Finland,2006,97
Finland,2007,98
Finland,2008,97
Finland,2009,98
Finland,2010,98
Finland,2011,97
Finland,2012,97
Finland,2013,97
Finland,2014,96
Finland,2015,95
Finland,2016,94
Finland,2017,94
Finland,2018,96
Finland,2019,96
Finland,2020,95
Finland,2021,93
France,1983,15
France,1984,26
France,1985,35
France,1986,39
France,1987,45
France,1988,51
France,1989,58
France,1990,71
France,1991,74
France,1992,76
France,1993,78
France,1994,80
France,1995,83
France,1996,84
France,1997,83
France,1998,82
France,1999,83
France,2000,84
France,2001,85
France,2002,86
France,2003,87
France,2004,88
France,2005,87
France,2006,89
France,2007,90
France,2008,89
France,2009,89
France,2010,89
France,2011,89
France,2012,91
France,2013,90
France,2014,91
France,2015,91
France,2016,90
France,2017,90
France,2018,90
France,2019,92
France,2020,92
France,2021,92
Gambia,2017,90
Gambia,2018,91
Gambia,2019,85
Gambia,2020,82
Gambia,2021,79
Georgia,2004,86
Georgia,2005,90
Georgia,2006,96
Georgia,2007,97
Georgia,2008,97
Georgia,2009,83
Georgia,2010,94
Georgia,2011,91
Georgia,2012,93
Georgia,2013,97
Georgia,2014,92
Georgia,2015,96
Georgia,2016,93
Georgia,2017,95
Georgia,2018,98
Georgia,2019,99
Georgia,2020,91
Georgia,2021,90
Germany,1991,75
Germany,1992,75
Germany,1993,89
Germany,1994,90
Germany,1995,92
Germany,1996,91
Germany,1997,91
Germany,1998,92
Germany,1999,92
Germany,2000,92
Germany,2001,94
Germany,2002,94
Germany,2003,95
Germany,2004,96
Germany,2005,96
Germany,2006,96
Germany,2007,97
Germany,2008,97
Germany,2009,97
Germany,2010,97
Germany,2011,97
Germany,2012,97
Germany,2013,97
Germany,2014,97
Germany,2015,97
Germany,2016,97
Germany,2017,97
Germany,2018,97
Germany,2019,97
Germany,2020,97
Germany,2021,97
Ghana,2013,89
Ghana,2014,92
Ghana,2015,89
Ghana,2016,89
Ghana,2017,95
Ghana,2018,92
Ghana,2019,92
Ghana,2020,88
Ghana,2021,94
Greece,1995,70
Greece,1996,90
Greece,1997,90
Greece,1998,89
Greece,1999,88
Greece,2000,89
Greece,2001,91
Greece,2002,92
Greece,2003,94
Greece,2004,95
Greece,2005,96
Greece,2006,98
Greece,2007,99
Greece,2008,99
Greece,2009,99
Greece,2010,99
Greece,2011,99
Greece,2012,99
Greece,2013,99
Greece,2014,97
Greece,2015,97
Greece,2016,97
Greece,2017,97
Greece,2018,97
Greece,2019,97
Greece,2020,97
Greece,2021,97
Grenada,1993,99
Grenada,1994,87
Grenada,1995,88
Grenada,1996,85
Grenada,1997,92
Grenada,1998,97
Grenada,1999,94
Grenada,2000,92
Grenada,2001,99
Grenada,2002,96
Grenada,2003,99
Grenada,2004,74
Grenada,2005,99
Grenada,2006,98
Grenada,2007,98
Grenada,2008,99
Grenada,2009,98
Grenada,2010,95
Grenada,2011,95
Grenada,2012,94
Grenada,2013,94
Grenada,2014,94
Grenada,2015,99
Grenada,2016,95
Grenada,2017,85
Grenada,2018,84
Grenada,2019,94
Grenada,2020,83
Grenada,2021,83
Guatemala,2001,91
Guatemala,2002,92
Guatemala,2003,94
Guatemala,2004,95
Guatemala,2005,93
Guatemala,2006,95
Guatemala,2007,86
Guatemala,2008,96
Guatemala,2009,92
Guatemala,2010,93
Guatemala,2011,89
Guatemala,2012,93
Guatemala,2013,91
Guatemala,2014,68
Guatemala,2015,79
Guatemala,2016,89
Guatemala,2017,94
Guatemala,2018,89
Guatemala,2019,90
Guatemala,2020,88
Guatemala,2021,81
Guyana,1995,77
Guyana,1996,91
Guyana,1997,82
Guyana,1998,93
Guyana,1999,87
Guyana,2000,86
Guyana,2001,92
Guyana,2002,93
Guyana,2003,89
Guyana,2004,88
Guyana,2005,92
Guyana,2006,90
Guyana,2007,96
Guyana,2008,95
Guyana,2009,97
Guyana,2010,95
Guyana,2011,98
Guyana,2012,99
Guyana,2013,99
Guyana,2014,99
Guyana,2015,99
Guyana,2016,99
Guyana,2017,99
Guyana,2018,98
Guyana,2019,98
Guyana,2020,98
Guyana,2021,94
Haiti,2008,62
Haiti,2009,63
Haiti,2010,64
Haiti,2011,65
Haiti,2012,66
Haiti,2013,68
Haiti,2014,69
Haiti,2015,69
Haiti,2016,69
Haiti,2017,69
Haiti,2018,69
Haiti,2019,65
Haiti,2020,65
Haiti,2021,65
Honduras,1997,89
Honduras,1998,98
Honduras,1999,98
Honduras,2000,98
Honduras,2001,99
Honduras,2002,97
Honduras,2003,95
Honduras,2004,92
Honduras,2005,96
Honduras,2006,95
Honduras,2007,94
Honduras,2008,93
Honduras,2009,98
Honduras,2010,98
Honduras,2011,97
Honduras,2012,97
Honduras,2013,97
Honduras,2014,97
Honduras,2015,98
Honduras,2016,98
Honduras,2017,98
Honduras,2018,91
Honduras,2019,89
Honduras,2020,82
Honduras,2021,81
Hungary,1989,99
Hungary,1990,99
Hungary,1991,99
Hungary,1992,99
Hungary,1993,99
Hungary,1994,99
Hungary,1995,99
Hungary,1996,99
Hungary,1997,99
Hungary,1998,99
Hungary,1999,99
Hungary,2000,99
Hungary,2001,99
Hungary,2002,99
Hungary,2003,99
Hungary,2004,99
Hungary,2005,99
Hungary,2006,99
Hungary,2007,99
Hungary,2008,99
Hungary,2009,99
Hungary,2010,99
Hungary,2011,99
Hungary,2012,99
Hungary,2013,99
Hungary,2014,99
Hungary,2015,99
Hungary,2016,99
Hungary,2017,99
Hungary,2018,99
Hungary,2019,99
Hungary,2020,99
Hungary,2021,99
Iceland,1983,81
Iceland,1984,96
Iceland,1985,96
Iceland,1986,95
Iceland,1987,97
Iceland,1988,99
Iceland,1989,99
Iceland,1990,99
Iceland,1991,99
Iceland,1992,99
Iceland,1993,99
Iceland,1994,98
Iceland,1995,99
Iceland,1996,99
Iceland,1997,99
Iceland,1998,96
Iceland,1999,94
Iceland,2000,91
Iceland,2001,88
Iceland,2002,91
Iceland,2003,93
Iceland,2004,93
Iceland,2005,90
Iceland,2006,95
Iceland,2007,95
Iceland,2008,96
Iceland,2009,92
Iceland,2010,93
Iceland,2011,94
Iceland,2012,90
Iceland,2013,91
Iceland,2014,90
Iceland,2015,93
Iceland,2016,91
Iceland,2017,92
Iceland,2018,93
Iceland,2019,93
Iceland,2020,93
Iceland,2021,92
India,2017,6
India,2018,93
India,2019,95
India,2020,89
India,2021,89
Indonesia,2017,15
Indonesia,2018,40
Indonesia,2019,88
Indonesia,2020,76
Indonesia,2021,72
Iran,2004,96
Iran,2005,94
Iran,2006,99
Iran,2007,97
Iran,2008,98
Iran,2009,99
Iran,2010,99
Iran,2011,99
Iran,2012,98
Iran,2013,98
Iran,2014,99
Iran,2015,99
Iran,2016,99
Iran,2017,99
Iran,2018,99
Iran,2019,99
Iran,2020,99
Iran,2021,99
Iraq,1995,80
Iraq,1996,82
Iraq,2001,52
Iraq,2002,48
Iraq,2003,45
Iraq,2004,41
Iraq,2005,58
Iraq,2006,52
Iraq,2007,64
Iraq,2008,76
Iraq,2009,87
Iraq,2010,77
Iraq,2011,77
Iraq,2012,68
Iraq,2013,57
Iraq,2014,67
Iraq,2015,76
Iraq,2016,75
Iraq,2017,84
Iraq,2018,83
Iraq,2019,86
Iraq,2020,93
Iraq,2021,84
Ireland,1983,10
Ireland,1984,10
Ireland,1985,63
Ireland,1986,65
Ireland,1987,66
Ireland,1988,68
Ireland,1989,78
Ireland,1990,78
Ireland,1991,78
Ireland,1992,78
Ireland,1993,78
Ireland,1994,78
Ireland,1995,77
Ireland,1996,77
Ireland,1997,77
Ireland,1998,77
Ireland,1999,77
Ireland,2000,79
Ireland,2001,73
Ireland,2002,73
Ireland,2003,78
Ireland,2004,81
Ireland,2005,84
Ireland,2006,86
Ireland,2007,87
Ireland,2008,89
Ireland,2009,90
Ireland,2010,90
Ireland,2011,92
Ireland,2012,92
Ireland,2013,93
Ireland,2014,93
Ireland,2015,93
Ireland,2016,92
Ireland,2017,92
Ireland,2018,92
Ireland,2019,91
Ireland,2020,92
Ireland,2021,90
Israel,1995,93
Israel,1996,96
Israel,1997,97
Israel,1998,94
Israel,1999,94
Israel,2000,95
Israel,2001,95
Israel,2002,95
Israel,2003,96
Israel,2004,97
Israel,2005,94
Israel,2006,96
Israel,2007,97
Israel,2008,98
Israel,2009,97
Israel,2010,96
Israel,2011,97
Israel,2012,96
Israel,2013,98
Israel,2014,97
Israel,2015,98
Israel,2016,97
Israel,2017,98
Israel,2018,98
Israel,2019,99
Israel,2020,99
Israel,2021,99
Italy,1990,43
Italy,1991,50
Italy,1992,50
Italy,1993,50
Italy,1994,50
Italy,1995,50
Italy,1996,55
Italy,1997,57
Italy,1998,55
Italy,1999,70
Italy,2000,74
Italy,2001,77
Italy,2002,81
Italy,2003,84
Italy,2004,86
Italy,2005,87
Italy,2006,88
Italy,2007,90
Italy,2008,90
Italy,2009,90
Italy,2010,91
Italy,2011,90
Italy,2012,90
Italy,2013,90
Italy,2014,87
Italy,2015,85
Italy,2016,87
Italy,2017,92
Italy,2018,93
Italy,2019,94
Italy,2020,92
Italy,2021,92
Jamaica,1993,80
Jamaica,1994,82
Jamaica,1995,90
Jamaica,1996,96
Jamaica,1997,88
Jamaica,1998,88
Jamaica,1999,82
Jamaica,2000,88
Jamaica,2001,85
Jamaica,2002,86
Jamaica,2003,78
Jamaica,2004,86
Jamaica,2005,84
Jamaica,2006,87
Jamaica,2007,76
Jamaica,2008,88
Jamaica,2009,88
Jamaica,2010,89
Jamaica,2011,88
Jamaica,2012,93
Jamaica,2013,94
Jamaica,2014,92
Jamaica,2015,91
Jamaica,2016,95
Jamaica,2017,95
Jamaica,2018,89
Jamaica,2019,94
Jamaica,2020,93
Jamaica,2021,88
Japan,1989,77
Japan,1990,73
Japan,1991,71
Japan,1992,69
Japan,1993,68
Japan,1994,81
Japan,1995,93
Japan,1996,94
Japan,1997,94
Japan,1998,95
Japan,1999,95
Japan,2000,96
Japan,2001,98
Japan,2002,98
Japan,2003,98
Japan,2004,98
Japan,2005,98
Japan,2006,97
Japan,2007,96
Japan,2008,95
Japan,2009,94
Japan,2010,94
Japan,2011,94
Japan,2012,96
Japan,2013,95
Japan,2014,98
Japan,2015,96
Japan,2016,96
Japan,2017,97
Japan,2018,97
Japan,2019,96
Japan,2020,98
Japan,2021,98
Jordan,2000,83
Jordan,2001,87
Jordan,2002,90
Jordan,2003,91
Jordan,2004,98
Jordan,2005,92
Jordan,2006,88
Jordan,2007,97
Jordan,2008,90
Jordan,2009,90
Jordan,2010,95
Jordan,2011,95
Jordan,2012,96
Jordan,2013,98
Jordan,2014,98
Jordan,2015,96
Jordan,2016,99
Jordan,2017,99
Jordan,2018,96
Jordan,2019,93
Jordan,2020,76
Jordan,2021,76
Kazakhstan,2004,99
Kazakhstan,2005,99
Kazakhstan,2006,99
Kazakhstan,2007,99
Kazakhstan,2008,99
Kazakhstan,2009,99
Kazakhstan,2010,99
Kazakhstan,2011,99
Kazakhstan,2012,96
Kazakhstan,2013,99
Kazakhstan,2014,99
Kazakhstan,2015,99
Kazakhstan,2016,99
Kazakhstan,2017,99
Kazakhstan,2018,99
Kazakhstan,2019,99
Kazakhstan,2020,93
Kazakhstan,2021,97
Kenya,2017,89
Kenya,2018,89
Kenya,2019,89
Kenya,2020,88
Kenya,2021,89
Kiribati,2004,56
Kiribati,2005,85
Kiribati,2006,61
Kiribati,2007,93
Kiribati,2008,72
Kiribati,2009,82
Kiribati,2010,89
Kiribati,2011,90
Kiribati,2012,91
Kiribati,2013,91
Kiribati,2014,88
Kiribati,2015,84
Kiribati,2016,80
Kiribati,2017,81
Kiribati,2018,84
Kiribati,2019,94
Kiribati,2020,82
Kiribati,2021,80
Kuwait,1995,98
Kuwait,1996,99
Kuwait,1997,95
Kuwait,1998,99
Kuwait,1999,96
Kuwait,2000,99
Kuwait,2001,99
Kuwait,2002,97
Kuwait,2003,97
Kuwait,2004,97
Kuwait,2005,99
Kuwait,2006,99
Kuwait,2007,99
Kuwait,2008,99
Kuwait,2009,99
Kuwait,2010,98
Kuwait,2011,99
Kuwait,2012,99
Kuwait,2013,99
Kuwait,2014,94
Kuwait,2015,93
Kuwait,2016,99
Kuwait,2017,99
Kuwait,2018,98
Kuwait,2019,97
Kuwait,2020,95
Kuwait,2021,94
Kyrgyzstan,2001,99
Kyrgyzstan,2002,98
Kyrgyzstan,2003,99
Kyrgyzstan,2004,99
Kyrgyzstan,2005,99
Kyrgyzstan,2006,97
Kyrgyzstan,2007,99
Kyrgyzstan,2008,99
Kyrgyzstan,2009,99
Kyrgyzstan,2010,99
Kyrgyzstan,2011,97
Kyrgyzstan,2012,98
Kyrgyzstan,2013,99
Kyrgyzstan,2014,96
Kyrgyzstan,2015,99
Kyrgyzstan,2016,97
Kyrgyzstan,2017,95
Kyrgyzstan,2018,96
Kyrgyzstan,2019,96
Kyrgyzstan,2020,92
Kyrgyzstan,2021,93
Laos,2012,69
Laos,2013,78
Laos,2014,81
Laos,2015,81
Laos,2016,81
Laos,2017,86
Laos,2018,86
Laos,2019,83
Laos,2020,79
Laos,2021,73
Latvia,1993,80
Latvia,1994,81
Latvia,1995,81
Latvia,1996,96
Latvia,1997,97
Latvia,1998,97
Latvia,1999,97
Latvia,2000,97
Latvia,2001,98
Latvia,2002,98
Latvia,2003,98
Latvia,2004,98
Latvia,2005,98
Latvia,2006,98
Latvia,2007,95
Latvia,2008,96
Latvia,2009,92
Latvia,2010,95
Latvia,2011,92
Latvia,2012,90
Latvia,2013,96
Latvia,2014,95
Latvia,2015,96
Latvia,2016,93
Latvia,2017,96
Latvia,2018,98
Latvia,2019,99
Latvia,2020,99
Latvia,2021,97
Lebanon,1995,85
Lebanon,1996,85
Lebanon,1997,89
Lebanon,1998,83
Lebanon,1999,77
Lebanon,2000,71
Lebanon,2001,65
Lebanon,2002,59
Lebanon,2003,53
Lebanon,2004,58
Lebanon,2005,63
Lebanon,2006,45
Lebanon,2007,74
Lebanon,2008,79
Lebanon,2009,80
Lebanon,2010,80
Lebanon,2011,81
Lebanon,2012,81
Lebanon,2013,82
Lebanon,2014,82
Lebanon,2015,82
Lebanon,2016,82
Lebanon,2017,82
Lebanon,2018,82
Lebanon,2019,82
Lebanon,2020,74
Lebanon,2021,67
Lesotho,2017,90
Lesotho,2018,90
Lesotho,2019,90
Lesotho,2020,90
Lesotho,2021,90
Libya,1995,92
Libya,1996,93
Libya,1997,91
Libya,1998,92
Libya,1999,92
Libya,2000,93
Libya,2001,93
Libya,2002,91
Libya,2003,96
Libya,2004,99
Libya,2005,97
Libya,2006,98
Libya,2007,98
Libya,2008,98
Libya,2009,98
Libya,2010,98
Libya,2011,98
Libya,2012,98
Libya,2013,96
Libya,2014,93
Libya,2015,98
Libya,2016,97
Libya,2017,94
Libya,2018,73
Libya,2019,73
Libya,2020,73
Libya,2021,73
Lithuania,1992,89
Lithuania,1993,92
Lithuania,1994,93
Lithuania,1995,94
Lithuania,1996,96
Lithuania,1997,96
Lithuania,1998,97
Lithuania,1999,97
Lithuania,2000,97
Lithuania,2001,97
Lithuania,2002,98
Lithuania,2003,98
Lithuania,2004,98
Lithuania,2005,97
Lithuania,2006,97
Lithuania,2007,97
Lithuania,2008,97
Lithuania,2009,96
Lithuania,2010,96
Lithuania,2011,94
Lithuania,2012,93
Lithuania,2013,93
Lithuania,2014,93
Lithuania,2015,94
Lithuania,2016,94
Lithuania,2017,94
Lithuania,2018,92
Lithuania,2019,93
Lithuania,2020,90
Lithuania,2021,88
Luxembourg,1995,88
Luxembourg,1996,91
Luxembourg,1997,91
Luxembourg,1998,92
Luxembourg,1999,92
Luxembourg,2000,93
Luxembourg,2001,94
Luxembourg,2002,94
Luxembourg,2003,95
Luxembourg,2004,95
Luxembourg,2005,95
Luxembourg,2006,95
Luxembourg,2007,96
Luxembourg,2008,96
Luxembourg,2009,96
Luxembourg,2010,96
Luxembourg,2011,96
Luxembourg,2012,99
Luxembourg,2013,99
Luxembourg,2014,99
Luxembourg,2015,99
Luxembourg,2016,99
Luxembourg,2017,99
Luxembourg,2018,99
Luxembourg,2019,99
Luxembourg,2020,99
Luxembourg,2021,99
Malawi,2017,83
Malawi,2018,87
Malawi,2019,92
Malawi,2020,90
Malawi,2021,90
Malaysia,1998,96
Malaysia,1999,97
Malaysia,2000,96
Malaysia,2001,95
Malaysia,2002,94
Malaysia,2003,93
Malaysia,2004,95
Malaysia,2005,96
Malaysia,2006,95
Malaysia,2007,95
Malaysia,2008,95
Malaysia,2009,95
Malaysia,2010,95
Malaysia,2011,95
Malaysia,2012,95
Malaysia,2013,95
Malaysia,2014,94
Malaysia,2015,93
Malaysia,2016,93
Malaysia,2017,93
Malaysia,2018,96
Malaysia,2019,97
Malaysia,2020,95
Malaysia,2021,96
Maldives,2007,56
Maldives,2008,76
Maldives,2009,96
Maldives,2010,96
Maldives,2011,96
Maldives,2012,99
Maldives,2013,99
Maldives,2014,97
Maldives,2015,99
Maldives,2016,99
Maldives,2017,99
Maldives,2018,99
Maldives,2019,99
Maldives,2020,99
Maldives,2021,99
Malta,1985,10
Malta,1986,35
Malta,1987,59
Malta,1988,41
Malta,1989,86
Malta,1990,80
Malta,1991,90
Malta,1992,92
Malta,1993,90
Malta,1994,71
Malta,1995,51
Malta,1996,51
Malta,1997,56
Malta,1998,60
Malta,1999,67
Malta,2000,74
Malta,2001,70
Malta,2002,65
Malta,2003,90
Malta,2004,94
Malta,2005,86
Malta,2006,94
Malta,2007,79
Malta,2008,78
Malta,2009,82
Malta,2010,73
Malta,2011,84
Malta,2012,93
Malta,2013,99
Malta,2014,98
Malta,2015,89
Malta,2016,93
Malta,2017,91
Malta,2018,96
Malta,2019,96
Malta,2020,95
Malta,2021,90
Marshall Islands,1998,93
Marshall Islands,1999,93
Marshall Islands,2000,94
Marshall Islands,2001,64
Marshall Islands,2002,80
Marshall Islands,2003,90
Marshall Islands,2004,70
Marshall Islands,2005,86
Marshall Islands,2006,96
Marshall Islands,2007,94
Marshall Islands,2008,86
Marshall Islands,2009,78
Marshall Islands,2010,97
Marshall Islands,2011,88
Marshall Islands,2012,78
Marshall Islands,2013,79
Marshall Islands,2014,79
Marshall Islands,2015,75
Marshall Islands,2016,75
Marshall Islands,2017,83
Marshall Islands,2018,83
Marshall Islands,2019,85
Marshall Islands,2020,89
Marshall Islands,2021,85
Mauritania,2018,78
Mauritania,2019,75
Mauritania,2020,70
Mauritania,2021,63
Mauritius,1996,61
Mauritius,1997,87
Mauritius,1998,85
Mauritius,1999,80
Mauritius,2000,84
Mauritius,2001,90
Mauritius,2002,84
Mauritius,2003,91
Mauritius,2004,98
Mauritius,2005,98
Mauritius,2006,99
Mauritius,2007,98
Mauritius,2008,98
Mauritius,2009,99
Mauritius,2010,99
Mauritius,2011,99
Mauritius,2012,99
Mauritius,2013,99
Mauritius,2014,98
Mauritius,2015,99
Mauritius,2016,92
Mauritius,2017,89
Mauritius,2018,99
Mauritius,2019,99
Mauritius,2020,89
Mauritius,2021,77
Mexico,1998,96
Mexico,1999,94
Mexico,2000,96
Mexico,2001,95
Mexico,2002,96
Mexico,2003,96
Mexico,2004,96
Mexico,2005,96
Mexico,2006,96
Mexico,2007,96
Mexico,2008,96
Mexico,2009,96
Mexico,2010,95
Mexico,2011,98
Mexico,2012,99
Mexico,2013,89
Mexico,2014,97
Mexico,2015,97
Mexico,2016,96
Mexico,2017,76
Mexico,2018,97
Mexico,2019,73
Mexico,2020,92
Mexico,2021,99
Micronesia (country),1987,69
Micronesia (country),1988,84
Micronesia (country),1989,94
Micronesia (country),1990,81
Micronesia (country),1991,76
Micronesia (country),1992,78
Micronesia (country),1993,80
Micronesia (country),1994,83
Micronesia (country),1995,90
Micronesia (country),1996,82
Micronesia (country),1997,74
Micronesia (country),1998,82
Micronesia (country),1999,79
Micronesia (country),2000,85
Micronesia (country),2001,84
Micronesia (country),2002,88
Micronesia (country),2003,91
Micronesia (country),2004,85
Micronesia (country),2005,96
Micronesia (country),2006,83
Micronesia (country),2007,92
Micronesia (country),2008,86
Micronesia (country),2009,86
Micronesia (country),2010,80
Micronesia (country),2011,92
Micronesia (country),2012,91
Micronesia (country),2013,91
Micronesia (country),2014,83
Micronesia (country),2015,74
Micronesia (country),2016,70
Micronesia (country),2017,76
Micronesia (country),2018,73
Micronesia (country),2019,78
Micronesia (country),2020,79
Micronesia (country),2021,64
Moldova,2002,94
Moldova,2003,96
Moldova,2004,96
Moldova,2005,97
Moldova,2006,96
Moldova,2007,96
Moldova,2008,95
Moldova,2009,90
Moldova,2010,97
Moldova,2011,91
Moldova,2012,91
Moldova,2013,91
Moldova,2014,90
Moldova,2015,89
Moldova,2016,88
Moldova,2017,93
Moldova,2018,93
Moldova,2019,97
Moldova,2020,84
Moldova,2021,83
Monaco,1988,99
Monaco,1989,99
Monaco,1990,99
Monaco,1991,98
Monaco,1992,98
Monaco,1993,99
Monaco,1994,99
Monaco,1995,99
Monaco,1996,99
Monaco,1997,99
Monaco,1998,99
Monaco,1999,99
Monaco,2000,98
Monaco,2001,98
Monaco,2002,97
Monaco,2003,97
Monaco,2004,96
Monaco,2005,96
Monaco,2006,94
Monaco,2007,95
Monaco,2008,94
Monaco,2009,92
Monaco,2010,93
Monaco,2011,91
Monaco,2012,91
Monaco,2013,91
Monaco,2014,90
Monaco,2015,89
Monaco,2016,89
Monaco,2017,88
Monaco,2018,88
Monaco,2019,88
Monaco,2020,88
Monaco,2021,88
Mongolia,2009,94
Mongolia,2010,97
Mongolia,2011,98
Mongolia,2012,99
Mongolia,2013,97
Mongolia,2014,98
Mongolia,2015,98
Mongolia,2016,98
Mongolia,2017,99
Mongolia,2018,99
Mongolia,2019,98
Mongolia,2020,97
Mongolia,2021,95
Montenegro,2006,90
Montenegro,2007,90
Montenegro,2008,89
Montenegro,2009,86
Montenegro,2010,90
Montenegro,2011,91
Montenegro,2012,90
Montenegro,2013,88
Montenegro,2014,76
Montenegro,2015,64
Montenegro,2016,47
Montenegro,2017,58
Montenegro,2018,42
Montenegro,2019,33
Montenegro,2020,24
Montenegro,2021,18
Morocco,2004,91
Morocco,2005,92
Morocco,2006,92
Morocco,2007,92
Morocco,2014,99
Morocco,2015,99
Morocco,2016,99
Morocco,2017,99
Morocco,2018,99
Morocco,2019,99
Morocco,2020,99
Morocco,2021,99
Mozambique,2018,87
Mozambique,2019,87
Mozambique,2020,81
Mozambique,2021,84
Myanmar,2015,84
Myanmar,2016,91
Myanmar,2017,83
Myanmar,2018,93
Myanmar,2019,84
Myanmar,2020,91
Myanmar,2021,44
Namibia,2017,80
Namibia,2018,82
Namibia,2019,80
Namibia,2020,90
Namibia,2021,90
Nauru,2006,97
Nauru,2007,99
Nauru,2008,99
Nauru,2009,92
Nauru,2010,99
Nauru,2011,99
Nauru,2012,96
Nauru,2013,97
Nauru,2014,98
Nauru,2015,98
Nauru,2016,98
Nauru,2017,95
Nauru,2018,99
Nauru,2019,95
Nauru,2020,98
Nauru,2021,98
Nepal,2013,88
Nepal,2014,88
Nepal,2015,85
Nepal,2016,83
Nepal,2017,90
Nepal,2018,91
Nepal,2019,92
Nepal,2020,87
Nepal,2021,90
Netherlands,1980,91
Netherlands,1981,91
Netherlands,1982,92
Netherlands,1983,92
Netherlands,1984,92
Netherlands,1985,92
Netherlands,1986,93
Netherlands,1987,93
Netherlands,1988,94
Netherlands,1989,94
Netherlands,1990,94
Netherlands,1991,94
Netherlands,1992,95
Netherlands,1993,94
Netherlands,1994,94
Netherlands,1995,94
Netherlands,1996,96
Netherlands,1997,96
Netherlands,1998,96
Netherlands,1999,96
Netherlands,2000,96
Netherlands,2001,95
Netherlands,2002,95
Netherlands,2003,96
Netherlands,2004,96
Netherlands,2005,95
Netherlands,2006,96
Netherlands,2007,96
Netherlands,2008,96
Netherlands,2009,96
Netherlands,2010,96
Netherlands,2011,96
Netherlands,2012,96
Netherlands,2013,96
Netherlands,2014,96
Netherlands,2015,95
Netherlands,2016,94
Netherlands,2017,93
Netherlands,2018,93
Netherlands,2019,94
Netherlands,2020,94
Netherlands,2021,93
New Zealand,1980,80
New Zealand,1981,77
New Zealand,1982,74
New Zealand,1983,71
New Zealand,1984,67
New Zealand,1985,64
New Zealand,1986,60
New Zealand,1987,67
New Zealand,1988,75
New Zealand,1989,83
New Zealand,1990,90
New Zealand,1991,82
New Zealand,1992,82
New Zealand,1993,85
New Zealand,1994,87
New Zealand,1995,84
New Zealand,1996,92
New Zealand,1997,99
New Zealand,1998,81
New Zealand,1999,83
New Zealand,2000,85
New Zealand,2001,85
New Zealand,2002,84
New Zealand,2003,84
New Zealand,2004,83
New Zealand,2005,82
New Zealand,2006,82
New Zealand,2007,79
New Zealand,2008,86
New Zealand,2009,89
New Zealand,2010,91
New Zealand,2011,93
New Zealand,2012,92
New Zealand,2013,92
New Zealand,2014,93
New Zealand,2015,93
New Zealand,2016,92
New Zealand,2017,93
New Zealand,2018,92
New Zealand,2019,92
New Zealand,2020,91
New Zealand,2021,91
Nicaragua,1998,91
Nicaragua,1999,87
Nicaragua,2000,86
Nicaragua,2001,99
Nicaragua,2002,98
Nicaragua,2003,93
Nicaragua,2004,84
Nicaragua,2005,96
Nicaragua,2006,99
Nicaragua,2007,99
Nicaragua,2008,99
Nicaragua,2009,99
Nicaragua,2010,99
Nicaragua,2011,99
Nicaragua,2012,99
Nicaragua,2013,99
Nicaragua,2014,99
Nicaragua,2015,99
Nicaragua,2016,99
Nicaragua,2017,99
Nicaragua,2018,99
Nicaragua,2019,99
Nicaragua,2020,97
Nicaragua,2021,83
Niue,1980,77
Niue,1981,71
Niue,1982,65
Niue,1983,58
Niue,1984,52
Niue,1985,52
Niue,1986,73
Niue,1987,94
Niue,1988,94
Niue,1989,99
Niue,1990,99
Niue,1991,99
Niue,1992,99
Niue,1993,99
Niue,1994,99
Niue,1995,34
Niue,1996,99
Niue,1997,99
Niue,1998,99
Niue,1999,99
Niue,2000,99
Niue,2001,99
Niue,2002,99
Niue,2003,86
Niue,2004,99
Niue,2005,99
Niue,2006,99
Niue,2007,99
Niue,2008,99
Niue,2009,99
Niue,2010,99
Niue,2011,99
Niue,2012,99
Niue,2013,99
Niue,2014,99
Niue,2015,99
Niue,2016,99
Niue,2017,99
Niue,2018,99
Niue,2019,99
Niue,2020,99
Niue,2021,99
North Macedonia,1993,98
North Macedonia,1994,88
North Macedonia,1995,97
North Macedonia,1996,91
North Macedonia,1997,98
North Macedonia,1998,96
North Macedonia,1999,98
North Macedonia,2000,97
North Macedonia,2001,92
North Macedonia,2002,98
North Macedonia,2003,96
North Macedonia,2004,96
North Macedonia,2005,96
North Macedonia,2006,94
North Macedonia,2007,96
North Macedonia,2008,98
North Macedonia,2009,96
North Macedonia,2010,98
North Macedonia,2011,97
North Macedonia,2012,96
North Macedonia,2013,96
North Macedonia,2014,93
North Macedonia,2015,89
North Macedonia,2016,82
North Macedonia,2017,83
North Macedonia,2018,75
North Macedonia,2019,75
North Macedonia,2020,63
North Macedonia,2021,70
Norway,1983,80
Norway,1984,80
Norway,1985,90
Norway,1986,87
Norway,1987,87
Norway,1988,87
Norway,1989,84
Norway,1990,87
Norway,1991,94
Norway,1992,96
Norway,1993,93
Norway,1994,94
Norway,1995,92
Norway,1996,92
Norway,1997,93
Norway,1998,91
Norway,1999,90
Norway,2000,88
Norway,2001,90
Norway,2002,87
Norway,2003,86
Norway,2004,89
Norway,2005,90
Norway,2006,92
Norway,2007,92
Norway,2008,93
Norway,2009,93
Norway,2010,93
Norway,2011,93
Norway,2012,94
Norway,2013,93
Norway,2014,94
Norway,2015,95
Norway,2016,96
Norway,2017,96
Norway,2018,96
Norway,2019,97
Norway,2020,97
Norway,2021,97
Oman,1994,97
Oman,1995,98
Oman,1996,98
Oman,1997,98
Oman,1998,98
Oman,1999,99
Oman,2000,99
Oman,2001,99
Oman,2002,99
Oman,2003,98
Oman,2004,98
Oman,2005,98
Oman,2006,96
Oman,2007,97
Oman,2008,98
Oman,2009,99
Oman,2010,99
Oman,2011,99
Oman,2012,99
Oman,2013,99
Oman,2014,99
Oman,2015,99
Oman,2016,99
Oman,2017,99
Oman,2018,99
Oman,2019,99
Oman,2020,99
Oman,2021,99
Palau,1995,99
Palau,1996,99
Palau,1997,83
Palau,1998,74
Palau,1999,96
Palau,2000,83
Palau,2001,91
Palau,2002,99
Palau,2003,99
Palau,2004,99
Palau,2005,98
Palau,2006,98
Palau,2007,91
Palau,2008,97
Palau,2009,75
Palau,2010,39
Palau,2011,85
Palau,2012,91
Palau,2013,99
Palau,2014,83
Palau,2015,95
Palau,2016,96
Palau,2017,93
Palau,2018,90
Palau,2019,97
Palau,2020,93
Palau,2021,93
Palestine,2000,95
Palestine,2001,94
Palestine,2002,93
Palestine,2003,94
Palestine,2004,94
Palestine,2005,97
Palestine,2006,92
Palestine,2007,87
Palestine,2008,99
Palestine,2009,97
Palestine,2010,94
Palestine,2011,99
Palestine,2012,98
Palestine,2013,99
Palestine,2014,99
Palestine,2015,99
Palestine,2016,99
Palestine,2017,99
Palestine,2018,99
Palestine,2019,99
Palestine,2020,99
Palestine,2021,98
Panama,1992,76
Panama,1993,83
Panama,1994,84
Panama,1995,84
Panama,1996,90
Panama,1997,92
Panama,1998,96
Panama,1999,90
Panama,2000,97
Panama,2001,95
Panama,2002,95
Panama,2003,95
Panama,2004,97
Panama,2005,99
Panama,2006,95
Panama,2007,95
Panama,2008,96
Panama,2009,96
Panama,2010,97
Panama,2011,97
Panama,2012,98
Panama,2013,92
Panama,2014,90
Panama,2015,93
Panama,2016,95
Panama,2017,98
Panama,2018,98
Panama,2019,97
Panama,2020,80
Panama,2021,80
Papua New Guinea,2015,57
Papua New Guinea,2016,46
Papua New Guinea,2017,38
Papua New Guinea,2018,37
Papua New Guinea,2019,37
Papua New Guinea,2020,47
Papua New Guinea,2021,38
Paraguay,2000,92
Paraguay,2001,90
Paraguay,2002,86
Paraguay,2003,91
Paraguay,2004,91
Paraguay,2005,91
Paraguay,2006,91
Paraguay,2007,91
Paraguay,2008,91
Paraguay,2009,91
Paraguay,2010,93
Paraguay,2011,91
Paraguay,2012,88
Paraguay,2013,88
Paraguay,2014,84
Paraguay,2015,78
Paraguay,2016,85
Paraguay,2017,92
Paraguay,2018,93
Paraguay,2019,87
Paraguay,2020,80
Paraguay,2021,68
Peru,2003,95
Peru,2004,85
Peru,2005,77
Peru,2006,93
Peru,2007,92
Peru,2008,92
Peru,2009,91
Peru,2010,94
Peru,2011,96
Peru,2012,94
Peru,2013,85
Peru,2014,89
Peru,2015,92
Peru,2016,88
Peru,2017,83
Peru,2018,85
Peru,2019,85
Peru,2020,77
Peru,2021,78
Philippines,2010,87
Philippines,2011,86
Philippines,2012,84
Philippines,2013,83
Philippines,2014,81
Philippines,2015,80
Philippines,2016,80
Philippines,2017,78
Philippines,2018,77
Philippines,2019,75
Philippines,2020,72
Philippines,2021,57
Poland,1988,95
Poland,1989,95
Poland,1990,95
Poland,1991,94
Poland,1992,95
Poland,1993,95
Poland,1994,96
Poland,1995,96
Poland,1996,97
Poland,1997,97
Poland,1998,97
Poland,1999,97
Poland,2000,97
Poland,2001,97
Poland,2002,98
Poland,2003,97
Poland,2004,97
Poland,2005,98
Poland,2006,99
Poland,2007,98
Poland,2008,98
Poland,2009,98
Poland,2010,98
Poland,2011,98
Poland,2012,98
Poland,2013,98
Poland,2014,97
Poland,2015,96
Poland,2016,96
Poland,2017,94
Poland,2018,93
Poland,2019,93
Poland,2020,80
Poland,2021,80
Portugal,1984,48
Portugal,1985,70
Portugal,1986,75
Portugal,1987,81
Portugal,1988,84
Portugal,1989,96
Portugal,1990,85
Portugal,1991,96
Portugal,1992,99
Portugal,1993,95
Portugal,1994,91
Portugal,1995,94
Portugal,1996,99
Portugal,1997,96
Portugal,1998,96
Portugal,1999,92
Portugal,2000,87
Portugal,2001,90
Portugal,2002,93
Portugal,2003,96
Portugal,2004,95
Portugal,2005,93
Portugal,2006,97
Portugal,2007,95
Portugal,2008,97
Portugal,2009,95
Portugal,2010,96
Portugal,2011,97
Portugal,2012,97
Portugal,2013,98
Portugal,2014,98
Portugal,2015,98
Portugal,2016,98
Portugal,2017,98
Portugal,2018,99
Portugal,2019,99
Portugal,2020,99
Portugal,2021,98
Qatar,1992,86
Qatar,1993,86
Qatar,1994,86
Qatar,1995,87
Qatar,1996,90
Qatar,1997,87
Qatar,1998,89
Qatar,1999,87
Qatar,2000,91
Qatar,2001,92
Qatar,2002,99
Qatar,2003,93
Qatar,2004,99
Qatar,2005,99
Qatar,2006,99
Qatar,2007,92
Qatar,2008,96
Qatar,2009,99
Qatar,2010,99
Qatar,2011,98
Qatar,2012,97
Qatar,2013,97
Qatar,2014,99
Qatar,2015,99
Qatar,2016,99
Qatar,2017,99
Qatar,2018,99
Qatar,2019,99
Qatar,2020,90
Qatar,2021,99
Region of the Americas (WHO),1980,20
Region of the Americas (WHO),1981,23
Region of the Americas (WHO),1982,23
Region of the Americas (WHO),1983,23
Region of the Americas (WHO),1984,23
Region of the Americas (WHO),1985,23
Region of the Americas (WHO),1986,24
Region of the Americas (WHO),1987,23
Region of the Americas (WHO),1988,28
Region of the Americas (WHO),1989,28
Region of the Americas (WHO),1990,29
Region of the Americas (WHO),1991,28
Region of the Americas (WHO),1992,27
Region of the Americas (WHO),1993,28
Region of the Americas (WHO),1994,29
Region of the Americas (WHO),1995,34
Region of the Americas (WHO),1996,34
Region of the Americas (WHO),1997,42
Region of the Americas (WHO),1998,61
Region of the Americas (WHO),1999,61
Region of the Americas (WHO),2000,85
Region of the Americas (WHO),2001,88
Region of the Americas (WHO),2002,87
Region of the Americas (WHO),2003,92
Region of the Americas (WHO),2004,92
Region of the Americas (WHO),2005,92
Region of the Americas (WHO),2006,93
Region of the Americas (WHO),2007,92
Region of the Americas (WHO),2008,94
Region of the Americas (WHO),2009,93
Region of the Americas (WHO),2010,93
Region of the Americas (WHO),2011,94
Region of the Americas (WHO),2012,94
Region of the Americas (WHO),2013,92
Region of the Americas (WHO),2014,92
Region of the Americas (WHO),2015,93
Region of the Americas (WHO),2016,92
Region of the Americas (WHO),2017,88
Region of the Americas (WHO),2018,91
Region of the Americas (WHO),2019,87
Region of the Americas (WHO),2020,85
Region of the Americas (WHO),2021,84
Romania,2002,98
Romania,2003,97
Romania,2004,97
Romania,2005,97
Romania,2006,95
Romania,2007,97
Romania,2008,96
Romania,2009,96
Romania,2010,95
Romania,2011,93
Romania,2012,94
Romania,2013,92
Romania,2014,89
Romania,2015,86
Romania,2016,86
Romania,2017,86
Romania,2018,90
Romania,2019,90
Romania,2020,87
Romania,2021,86
Russia,2000,97
Russia,2001,97
Russia,2002,98
Russia,2003,98
Russia,2004,98
Russia,2005,99
Russia,2006,99
Russia,2007,99
Russia,2008,99
Russia,2009,98
Russia,2010,98
Russia,2011,98
Russia,2012,98
Russia,2013,98
Russia,2014,98
Russia,2015,98
Russia,2016,98
Russia,2017,98
Russia,2018,98
Russia,2019,98
Russia,2020,97
Russia,2021,97
Rwanda,2015,96
Rwanda,2016,95
Rwanda,2017,97
Rwanda,2018,99
Rwanda,2019,96
Rwanda,2020,94
Rwanda,2021,87
Saint Kitts and Nevis,1987,91
Saint Kitts and Nevis,1988,77
Saint Kitts and Nevis,1989,90
Saint Kitts and Nevis,1990,99
Saint Kitts and Nevis,1991,99
Saint Kitts and Nevis,1992,99
Saint Kitts and Nevis,1993,99
Saint Kitts and Nevis,1994,99
Saint Kitts and Nevis,1995,99
Saint Kitts and Nevis,1996,99
Saint Kitts and Nevis,1997,97
Saint Kitts and Nevis,1998,99
Saint Kitts and Nevis,1999,99
Saint Kitts and Nevis,2000,99
Saint Kitts and Nevis,2001,90
Saint Kitts and Nevis,2002,99
Saint Kitts and Nevis,2003,98
Saint Kitts and Nevis,2004,98
Saint Kitts and Nevis,2005,99
Saint Kitts and Nevis,2006,99
Saint Kitts and Nevis,2007,99
Saint Kitts and Nevis,2008,99
Saint Kitts and Nevis,2009,99
Saint Kitts and Nevis,2010,99
Saint Kitts and Nevis,2011,99
Saint Kitts and Nevis,2012,95
Saint Kitts and Nevis,2013,99
Saint Kitts and Nevis,2014,93
Saint Kitts and Nevis,2015,95
Saint Kitts and Nevis,2016,98
Saint Kitts and Nevis,2017,93
Saint Kitts and Nevis,2018,96
Saint Kitts and Nevis,2019,97
Saint Kitts and Nevis,2020,95
Saint Kitts and Nevis,2021,96
Saint Lucia,1986,91
Saint Lucia,1987,81
Saint Lucia,1988,83
Saint Lucia,1989,91
Saint Lucia,1990,82
Saint Lucia,1991,97
Saint Lucia,1992,75
Saint Lucia,1993,94
Saint Lucia,1994,92
Saint Lucia,1995,94
Saint Lucia,1996,95
Saint Lucia,1997,95
Saint Lucia,1998,90
Saint Lucia,1999,95
Saint Lucia,2000,88
Saint Lucia,2001,89
Saint Lucia,2002,98
Saint Lucia,2003,90
Saint Lucia,2004,95
Saint Lucia,2005,94
Saint Lucia,2006,94
Saint Lucia,2007,94
Saint Lucia,2008,99
Saint Lucia,2009,99
Saint Lucia,2010,95
Saint Lucia,2011,91
Saint Lucia,2012,99
Saint Lucia,2013,99
Saint Lucia,2014,99
Saint Lucia,2015,97
Saint Lucia,2016,99
Saint Lucia,2017,87
Saint Lucia,2018,86
Saint Lucia,2019,96
Saint Lucia,2020,89
Saint Lucia,2021,77
Saint Vincent and the Grenadines,1991,99
Saint Vincent and the Grenadines,1992,99
Saint Vincent and the Grenadines,1993,99
Saint Vincent and the Grenadines,1994,99
Saint Vincent and the Grenadines,1995,99
Saint Vincent and the Grenadines,1996,99
Saint Vincent and the Grenadines,1997,99
Saint Vincent and the Grenadines,1998,99
Saint Vincent and the Grenadines,1999,87
Saint Vincent and the Grenadines,2000,96
Saint Vincent and the Grenadines,2001,98
Saint Vincent and the Grenadines,2002,99
Saint Vincent and the Grenadines,2003,94
Saint Vincent and the Grenadines,2004,99
Saint Vincent and the Grenadines,2005,97
Saint Vincent and the Grenadines,2006,99
Saint Vincent and the Grenadines,2007,99
Saint Vincent and the Grenadines,2008,99
Saint Vincent and the Grenadines,2009,99
Saint Vincent and the Grenadines,2010,99
Saint Vincent and the Grenadines,2011,97
Saint Vincent and the Grenadines,2012,94
Saint Vincent and the Grenadines,2013,99
Saint Vincent and the Grenadines,2014,99
Saint Vincent and the Grenadines,2015,99
Saint Vincent and the Grenadines,2016,99
Saint Vincent and the Grenadines,2017,99
Saint Vincent and the Grenadines,2018,99
Saint Vincent and the Grenadines,2019,99
Saint Vincent and the Grenadines,2020,99
Saint Vincent and the Grenadines,2021,99
Samoa,2004,25
Samoa,2005,57
Samoa,2006,54
Samoa,2007,63
Samoa,2008,44
Samoa,2009,45
Samoa,2010,56
Samoa,2011,59
Samoa,2012,76
Samoa,2013,92
Samoa,2014,85
Samoa,2015,75
Samoa,2016,75
Samoa,2017,67
Samoa,2018,40
Samoa,2019,96
Samoa,2020,66
Samoa,2021,62
San Marino,1995,97
San Marino,1996,98
San Marino,1997,98
San Marino,1998,99
San Marino,1999,99
San Marino,2000,99
San Marino,2001,97
San Marino,2002,96
San Marino,2003,94
San Marino,2004,94
San Marino,2005,94
San Marino,2006,90
San Marino,2007,90
San Marino,2008,86
San Marino,2009,88
San Marino,2010,88
San Marino,2011,90
San Marino,2012,84
San Marino,2013,82
San Marino,2014,81
San Marino,2015,84
San Marino,2016,82
San Marino,2017,86
San Marino,2018,89
San Marino,2019,86
San Marino,2020,90
San Marino,2021,89
Sao Tome and Principe,2016,93
Sao Tome and Principe,2017,90
Sao Tome and Principe,2018,95
Sao Tome and Principe,2019,95
Sao Tome and Principe,2020,86
Sao Tome and Principe,2021,77
Saudi Arabia,1991,95
Saudi Arabia,1992,88
Saudi Arabia,1993,91
Saudi Arabia,1994,93
Saudi Arabia,1995,94
Saudi Arabia,1996,92
Saudi Arabia,1997,92
Saudi Arabia,1998,93
Saudi Arabia,1999,92
Saudi Arabia,2000,94
Saudi Arabia,2001,94
Saudi Arabia,2002,97
Saudi Arabia,2003,96
Saudi Arabia,2004,97
Saudi Arabia,2005,97
Saudi Arabia,2006,95
Saudi Arabia,2007,96
Saudi Arabia,2008,97
Saudi Arabia,2009,98
Saudi Arabia,2010,98
Saudi Arabia,2011,98
Saudi Arabia,2012,98
Saudi Arabia,2013,98
Saudi Arabia,2014,98
Saudi Arabia,2015,98
Saudi Arabia,2016,98
Saudi Arabia,2017,96
Saudi Arabia,2018,98
Saudi Arabia,2019,95
Saudi Arabia,2020,96
Saudi Arabia,2021,98
Senegal,2013,84
Senegal,2014,80
Senegal,2015,80
Senegal,2016,93
Senegal,2017,90
Senegal,2018,86
Senegal,2019,89
Senegal,2020,88
Senegal,2021,87
Serbia,1994,81
Serbia,1995,86
Serbia,1996,90
Serbia,1997,92
Serbia,1998,88
Serbia,1999,84
Serbia,2000,89
Serbia,2001,90
Serbia,2002,92
Serbia,2003,87
Serbia,2004,89
Serbia,2005,96
Serbia,2006,88
Serbia,2007,95
Serbia,2008,92
Serbia,2009,95
Serbia,2010,95
Serbia,2011,93
Serbia,2012,87
Serbia,2013,92
Serbia,2014,86
Serbia,2015,86
Serbia,2016,82
Serbia,2017,86
Serbia,2018,92
Serbia,2019,87
Serbia,2020,78
Serbia,2021,78
Seychelles,1981,29
Seychelles,1982,64
Seychelles,1983,98
Seychelles,1984,77
Seychelles,1985,90
Seychelles,1986,95
Seychelles,1987,95
Seychelles,1988,89
Seychelles,1989,89
Seychelles,1990,86
Seychelles,1991,89
Seychelles,1992,92
Seychelles,1993,92
Seychelles,1994,92
Seychelles,1995,97
Seychelles,1996,98
Seychelles,1997,99
Seychelles,1998,93
Seychelles,1999,99
Seychelles,2000,97
Seychelles,2001,95
Seychelles,2002,98
Seychelles,2003,99
Seychelles,2004,99
Seychelles,2005,99
Seychelles,2006,99
Seychelles,2007,99
Seychelles,2008,99
Seychelles,2009,97
Seychelles,2010,99
Seychelles,2011,99
Seychelles,2012,98
Seychelles,2013,97
Seychelles,2014,99
Seychelles,2015,98
Seychelles,2016,97
Seychelles,2017,99
Seychelles,2018,96
Seychelles,2019,99
Seychelles,2020,97
Seychelles,2021,94
Sierra Leone,2020,87
Sierra Leone,2021,87
Singapore,1990,84
Singapore,1991,92
Singapore,1992,89
Singapore,1993,87
Singapore,1994,95
Singapore,1995,97
Singapore,1996,97
Singapore,1997,98
Singapore,1998,96
Singapore,1999,97
Singapore,2000,96
Singapore,2001,95
Singapore,2002,94
Singapore,2003,93
Singapore,2004,95
Singapore,2005,96
Singapore,2006,95
Singapore,2007,95
Singapore,2008,95
Singapore,2009,95
Singapore,2010,95
Singapore,2011,95
Singapore,2012,95
Singapore,2013,95
Singapore,2014,95
Singapore,2015,95
Singapore,2016,95
Singapore,2017,95
Singapore,2018,95
Singapore,2019,95
Singapore,2020,95
Singapore,2021,95
Slovakia,1994,97
Slovakia,1995,99
Slovakia,1996,99
Slovakia,1997,99
Slovakia,1998,99
Slovakia,1999,99
Slovakia,2000,98
Slovakia,2001,99
Slovakia,2002,99
Slovakia,2003,99
Slovakia,2004,99
Slovakia,2005,98
Slovakia,2006,98
Slovakia,2007,99
Slovakia,2008,99
Slovakia,2009,99
Slovakia,2010,98
Slovakia,2011,98
Slovakia,2012,99
Slovakia,2013,98
Slovakia,2014,97
Slovakia,2015,95
Slovakia,2016,95
Slovakia,2017,96
Slovakia,2018,96
Slovakia,2019,96
Slovakia,2020,96
Slovakia,2021,95
Slovenia,1992,90
Slovenia,1993,90
Slovenia,1994,91
Slovenia,1995,93
Slovenia,1996,93
Slovenia,1997,82
Slovenia,1998,93
Slovenia,1999,98
Slovenia,2000,95
Slovenia,2001,94
Slovenia,2002,93
Slovenia,2003,94
Slovenia,2004,94
Slovenia,2005,94
Slovenia,2006,96
Slovenia,2007,96
Slovenia,2008,96
Slovenia,2009,95
Slovenia,2010,95
Slovenia,2011,96
Slovenia,2012,95
Slovenia,2013,94
Slovenia,2014,94
Slovenia,2015,94
Slovenia,2016,92
Slovenia,2017,93
Slovenia,2018,93
Slovenia,2019,94
Slovenia,2020,94
Slovenia,2021,95
Solomon Islands,2013,76
Solomon Islands,2014,76
Solomon Islands,2015,75
Solomon Islands,2016,82
Solomon Islands,2017,84
Solomon Islands,2018,93
Solomon Islands,2019,81
Solomon Islands,2020,81
Solomon Islands,2021,67
South Korea,1982,5
South Korea,1983,33
South Korea,1984,61
South Korea,1985,89
South Korea,1986,89
South Korea,1987,82
South Korea,1988,70
South Korea,1989,95
South Korea,1990,93
South Korea,1991,93
South Korea,1992,93
South Korea,1993,92
South Korea,1994,92
South Korea,1995,93
South Korea,1996,89
South Korea,1997,85
South Korea,1998,85
South Korea,1999,90
South Korea,2000,95
South Korea,2001,96
South Korea,2002,97
South Korea,2003,96
South Korea,2004,99
South Korea,2005,99
South Korea,2006,99
South Korea,2007,92
South Korea,2008,92
South Korea,2009,93
South Korea,2010,98
South Korea,2011,99
South Korea,2012,99
South Korea,2013,99
South Korea,2014,99
South Korea,2015,98
South Korea,2016,98
South Korea,2017,97
South Korea,2018,98
South Korea,2019,98
South Korea,2020,98
South Korea,2021,98
South-East Asia Region (WHO),1980,0
South-East Asia Region (WHO),1981,0
South-East Asia Region (WHO),1982,0
South-East Asia Region (WHO),1983,0
South-East Asia Region (WHO),1984,0
South-East Asia Region (WHO),1985,0
South-East Asia Region (WHO),1986,0
South-East Asia Region (WHO),1987,0
South-East Asia Region (WHO),1988,0
South-East Asia Region (WHO),1989,0
South-East Asia Region (WHO),1990,0
South-East Asia Region (WHO),1991,0
South-East Asia Region (WHO),1992,0
South-East Asia Region (WHO),1993,2
South-East Asia Region (WHO),1994,2
South-East Asia Region (WHO),1995,2
South-East Asia Region (WHO),1996,3
South-East Asia Region (WHO),1997,3
South-East Asia Region (WHO),1998,3
South-East Asia Region (WHO),1999,3
South-East Asia Region (WHO),2000,3
South-East Asia Region (WHO),2001,3
South-East Asia Region (WHO),2002,3
South-East Asia Region (WHO),2003,3
South-East Asia Region (WHO),2004,3
South-East Asia Region (WHO),2005,3
South-East Asia Region (WHO),2006,3
South-East Asia Region (WHO),2007,3
South-East Asia Region (WHO),2008,3
South-East Asia Region (WHO),2009,3
South-East Asia Region (WHO),2010,3
South-East Asia Region (WHO),2011,3
South-East Asia Region (WHO),2012,5
South-East Asia Region (WHO),2013,12
South-East Asia Region (WHO),2014,13
South-East Asia Region (WHO),2015,15
South-East Asia Region (WHO),2016,15
South-East Asia Region (WHO),2017,21
South-East Asia Region (WHO),2018,85
South-East Asia Region (WHO),2019,93
South-East Asia Region (WHO),2020,87
South-East Asia Region (WHO),2021,86
Spain,1981,8
Spain,1982,27
Spain,1983,40
Spain,1984,68
Spain,1985,79
Spain,1986,83
Spain,1987,85
Spain,1988,84
Spain,1989,97
Spain,1990,99
Spain,1991,85
Spain,1992,83
Spain,1993,90
Spain,1994,90
Spain,1995,90
Spain,1996,90
Spain,1997,93
Spain,1998,93
Spain,1999,95
Spain,2000,94
Spain,2001,96
Spain,2002,97
Spain,2003,98
Spain,2004,97
Spain,2005,97
Spain,2006,97
Spain,2007,97
Spain,2008,98
Spain,2009,98
Spain,2010,95
Spain,2011,97
Spain,2012,97
Spain,2013,95
Spain,2014,96
Spain,2015,96
Spain,2016,97
Spain,2017,98
Spain,2018,98
Spain,2019,98
Spain,2020,96
Spain,2021,95
Sri Lanka,1996,89
Sri Lanka,1997,94
Sri Lanka,1998,94
Sri Lanka,1999,95
Sri Lanka,2000,99
Sri Lanka,2001,99
Sri Lanka,2002,99
Sri Lanka,2003,99
Sri Lanka,2004,96
Sri Lanka,2005,99
Sri Lanka,2006,99
Sri Lanka,2007,98
Sri Lanka,2008,98
Sri Lanka,2009,97
Sri Lanka,2010,99
Sri Lanka,2011,99
Sri Lanka,2012,99
Sri Lanka,2013,99
Sri Lanka,2014,99
Sri Lanka,2015,99
Sri Lanka,2016,99
Sri Lanka,2017,99
Sri Lanka,2018,99
Sri Lanka,2019,99
Sri Lanka,2020,96
Sri Lanka,2021,97
Suriname,1993,61
Suriname,1994,72
Suriname,1995,85
Suriname,1996,87
Suriname,1997,79
Suriname,1998,82
Suriname,1999,85
Suriname,2000,84
Suriname,2001,82
Suriname,2002,73
Suriname,2003,69
Suriname,2004,86
Suriname,2005,91
Suriname,2006,83
Suriname,2007,85
Suriname,2008,86
Suriname,2009,88
Suriname,2010,87
Suriname,2011,79
Suriname,2012,64
Suriname,2013,81
Suriname,2014,70
Suriname,2015,76
Suriname,2016,76
Suriname,2017,76
Suriname,2018,77
Suriname,2019,64
Suriname,2020,45
Suriname,2021,58
Sweden,1982,91
Sweden,1983,93
Sweden,1984,94
Sweden,1985,94
Sweden,1986,94
Sweden,1987,94
Sweden,1988,95
Sweden,1989,95
Sweden,1990,96
Sweden,1991,96
Sweden,1992,96
Sweden,1993,97
Sweden,1994,97
Sweden,1995,97
Sweden,1996,96
Sweden,1997,96
Sweden,1998,94
Sweden,1999,89
Sweden,2000,91
Sweden,2001,94
Sweden,2002,95
Sweden,2003,95
Sweden,2004,96
Sweden,2005,96
Sweden,2006,97
Sweden,2007,96
Sweden,2008,96
Sweden,2009,97
Sweden,2010,97
Sweden,2011,97
Sweden,2012,98
Sweden,2013,97
Sweden,2014,97
Sweden,2015,98
Sweden,2016,97
Sweden,2017,97
Sweden,2018,97
Sweden,2019,97
Sweden,2020,97
Sweden,2021,97
Switzerland,1986,70
Switzerland,1987,70
Switzerland,1988,70
Switzerland,1989,90
Switzerland,1990,90
Switzerland,1991,83
Switzerland,1992,83
Switzerland,1993,83
Switzerland,1994,83
Switzerland,1995,83
Switzerland,1996,83
Switzerland,1997,83
Switzerland,1998,81
Switzerland,1999,82
Switzerland,2000,82
Switzerland,2001,82
Switzerland,2002,82
Switzerland,2003,82
Switzerland,2004,82
Switzerland,2005,87
Switzerland,2006,87
Switzerland,2007,87
Switzerland,2008,92
Switzerland,2009,92
Switzerland,2010,92
Switzerland,2011,93
Switzerland,2012,93
Switzerland,2013,93
Switzerland,2014,94
Switzerland,2015,94
Switzerland,2016,94
Switzerland,2017,95
Switzerland,2018,95
Switzerland,2019,95
Switzerland,2020,97
Switzerland,2021,95
Syria,1999,86
Syria,2000,84
Syria,2001,80
Syria,2002,84
Syria,2003,83
Syria,2004,82
Syria,2005,81
Syria,2006,81
Syria,2007,81
Syria,2008,81
Syria,2009,82
Syria,2010,82
Syria,2011,80
Syria,2012,61
Syria,2013,58
Syria,2014,54
Syria,2015,53
Syria,2016,62
Syria,2017,67
Syria,2018,63
Syria,2019,65
Syria,2020,59
Syria,2021,59
Tajikistan,2009,89
Tajikistan,2010,94
Tajikistan,2011,98
Tajikistan,2012,94
Tajikistan,2013,92
Tajikistan,2014,98
Tajikistan,2015,97
Tajikistan,2016,97
Tajikistan,2017,98
Tajikistan,2018,98
Tajikistan,2019,98
Tajikistan,2020,98
Tajikistan,2021,97
Tanzania,2014,97
Tanzania,2015,95
Tanzania,2016,83
Tanzania,2017,90
Tanzania,2018,88
Tanzania,2019,88
Tanzania,2020,84
Tanzania,2021,76
Thailand,1993,80
Thailand,1994,86
Thailand,1995,91
Thailand,1996,92
Thailand,1997,93
Thailand,1998,96
Thailand,1999,96
Thailand,2000,94
Thailand,2001,94
Thailand,2002,94
Thailand,2003,96
Thailand,2004,96
Thailand,2005,96
Thailand,2006,96
Thailand,2007,96
Thailand,2008,98
Thailand,2009,98
Thailand,2010,98
Thailand,2011,98
Thailand,2012,98
Thailand,2013,99
Thailand,2014,99
Thailand,2015,99
Thailand,2016,99
Thailand,2017,99
Thailand,2018,96
Thailand,2019,96
Thailand,2020,96
Thailand,2021,96
Timor,2016,73
Timor,2017,77
Timor,2018,77
Timor,2019,85
Timor,2020,79
Timor,2021,79
Togo,2018,71
Togo,2019,75
Togo,2020,69
Togo,2021,70
Tonga,2002,90
Tonga,2003,99
Tonga,2004,99
Tonga,2005,99
Tonga,2006,99
Tonga,2007,99
Tonga,2008,99
Tonga,2009,99
Tonga,2010,99
Tonga,2011,99
Tonga,2012,95
Tonga,2013,99
Tonga,2014,99
Tonga,2015,99
Tonga,2016,98
Tonga,2017,99
Tonga,2018,99
Tonga,2019,99
Tonga,2020,99
Tonga,2021,99
Trinidad and Tobago,1984,10
Trinidad and Tobago,1985,32
Trinidad and Tobago,1986,42
Trinidad and Tobago,1987,68
Trinidad and Tobago,1988,72
Trinidad and Tobago,1989,59
Trinidad and Tobago,1990,70
Trinidad and Tobago,1991,93
Trinidad and Tobago,1992,83
Trinidad and Tobago,1993,87
Trinidad and Tobago,1994,86
Trinidad and Tobago,1995,84
Trinidad and Tobago,1996,88
Trinidad and Tobago,1997,88
Trinidad and Tobago,1998,90
Trinidad and Tobago,1999,88
Trinidad and Tobago,2000,90
Trinidad and Tobago,2001,91
Trinidad and Tobago,2002,87
Trinidad and Tobago,2003,88
Trinidad and Tobago,2004,95
Trinidad and Tobago,2005,93
Trinidad and Tobago,2006,89
Trinidad and Tobago,2007,91
Trinidad and Tobago,2008,91
Trinidad and Tobago,2009,94
Trinidad and Tobago,2010,92
Trinidad and Tobago,2011,92
Trinidad and Tobago,2012,85
Trinidad and Tobago,2013,91
Trinidad and Tobago,2014,96
Trinidad and Tobago,2015,89
Trinidad and Tobago,2016,86
Trinidad and Tobago,2017,93
Trinidad and Tobago,2018,90
Trinidad and Tobago,2019,99
Trinidad and Tobago,2020,91
Trinidad and Tobago,2021,93
Tunisia,2012,96
Tunisia,2013,94
Tunisia,2014,98
Tunisia,2015,98
Tunisia,2016,96
Tunisia,2017,98
Tunisia,2018,96
Tunisia,2019,98
Tunisia,2020,98
Tunisia,2021,95
Turkey,2006,98
Turkey,2007,96
Turkey,2008,97
Turkey,2009,97
Turkey,2010,97
Turkey,2011,98
Turkey,2012,96
Turkey,2013,98
Turkey,2014,94
Turkey,2015,97
Turkey,2016,98
Turkey,2017,96
Turkey,2018,96
Turkey,2019,97
Turkey,2020,95
Turkey,2021,96
Turkmenistan,2007,99
Turkmenistan,2008,99
Turkmenistan,2009,99
Turkmenistan,2010,99
Turkmenistan,2011,99
Turkmenistan,2012,99
Turkmenistan,2013,99
Turkmenistan,2014,99
Turkmenistan,2015,99
Turkmenistan,2016,99
Turkmenistan,2017,99
Turkmenistan,2018,99
Turkmenistan,2019,99
Turkmenistan,2020,98
Turkmenistan,2021,97
Tuvalu,2005,62
Tuvalu,2006,84
Tuvalu,2007,95
Tuvalu,2008,93
Tuvalu,2009,90
Tuvalu,2010,85
Tuvalu,2011,98
Tuvalu,2012,98
Tuvalu,2013,96
Tuvalu,2014,94
Tuvalu,2015,94
Tuvalu,2016,96
Tuvalu,2017,95
Tuvalu,2018,88
Tuvalu,2019,96
Tuvalu,2020,93
Tuvalu,2021,93
Uganda,2020,89
Uganda,2021,90
Ukraine,2001,99
Ukraine,2002,99
Ukraine,2003,99
Ukraine,2004,99
Ukraine,2005,96
Ukraine,2006,98
Ukraine,2007,97
Ukraine,2008,94
Ukraine,2009,75
Ukraine,2010,56
Ukraine,2011,67
Ukraine,2012,79
Ukraine,2013,79
Ukraine,2014,56
Ukraine,2015,56
Ukraine,2016,42
Ukraine,2017,86
Ukraine,2018,91
Ukraine,2019,93
Ukraine,2020,85
Ukraine,2021,88
United Arab Emirates,1985,60
United Arab Emirates,1986,67
United Arab Emirates,1987,71
United Arab Emirates,1988,74
United Arab Emirates,1989,78
United Arab Emirates,1990,80
United Arab Emirates,1991,82
United Arab Emirates,1992,85
United Arab Emirates,1993,90
United Arab Emirates,1994,90
United Arab Emirates,1995,90
United Arab Emirates,1996,90
United Arab Emirates,1997,95
United Arab Emirates,1998,95
United Arab Emirates,1999,96
United Arab Emirates,2000,94
United Arab Emirates,2001,94
United Arab Emirates,2002,94
United Arab Emirates,2003,94
United Arab Emirates,2004,94
United Arab Emirates,2005,92
United Arab Emirates,2006,92
United Arab Emirates,2007,92
United Arab Emirates,2008,92
United Arab Emirates,2009,93
United Arab Emirates,2010,94
United Arab Emirates,2011,95
United Arab Emirates,2012,96
United Arab Emirates,2013,98
United Arab Emirates,2014,99
United Arab Emirates,2015,99
United Arab Emirates,2016,99
United Arab Emirates,2017,99
United Arab Emirates,2018,99
United Arab Emirates,2019,99
United Arab Emirates,2020,99
United Arab Emirates,2021,99
United Kingdom,1980,53
United Kingdom,1981,55
United Kingdom,1982,58
United Kingdom,1983,60
United Kingdom,1984,63
United Kingdom,1985,68
United Kingdom,1986,71
United Kingdom,1987,76
United Kingdom,1988,80
United Kingdom,1989,84
United Kingdom,1990,87
United Kingdom,1991,90
United Kingdom,1992,92
United Kingdom,1993,91
United Kingdom,1994,91
United Kingdom,1995,92
United Kingdom,1996,92
United Kingdom,1997,91
United Kingdom,1998,87
United Kingdom,1999,88
United Kingdom,2000,88
United Kingdom,2001,85
United Kingdom,2002,85
United Kingdom,2003,82
United Kingdom,2004,81
United Kingdom,2005,82
United Kingdom,2006,85
United Kingdom,2007,86
United Kingdom,2008,86
United Kingdom,2009,86
United Kingdom,2010,89
United Kingdom,2011,90
United Kingdom,2012,92
United Kingdom,2013,93
United Kingdom,2014,93
United Kingdom,2015,93
United Kingdom,2016,92
United Kingdom,2017,92
United Kingdom,2018,92
United Kingdom,2019,91
United Kingdom,2020,91
United Kingdom,2021,91
United States,1980,86
United States,1981,97
United States,1982,97
United States,1983,98
United States,1984,98
United States,1985,97
United States,1986,97
United States,1987,82
United States,1988,98
United States,1989,94
United States,1990,90
United States,1991,87
United States,1992,83
United States,1993,84
United States,1994,89
United States,1995,88
United States,1996,91
United States,1997,91
United States,1998,92
United States,1999,92
United States,2000,91
United States,2001,91
United States,2002,91
United States,2003,93
United States,2004,93
United States,2005,92
United States,2006,92
United States,2007,92
United States,2008,92
United States,2009,90
United States,2010,92
United States,2011,92
United States,2012,91
United States,2013,92
United States,2014,92
United States,2015,92
United States,2016,92
United States,2017,91
United States,2018,92
United States,2019,90
United States,2020,91
United States,2021,91
Uruguay,1982,52
Uruguay,1983,65
Uruguay,1984,66
Uruguay,1985,59
Uruguay,1986,82
Uruguay,1987,88
Uruguay,1988,72
Uruguay,1989,82
Uruguay,1990,97
Uruguay,1991,96
Uruguay,1992,93
Uruguay,1993,90
Uruguay,1994,90
Uruguay,1995,90
Uruguay,1996,89
Uruguay,1997,92
Uruguay,1998,96
Uruguay,1999,99
Uruguay,2000,89
Uruguay,2001,94
Uruguay,2002,95
Uruguay,2003,95
Uruguay,2004,95
Uruguay,2005,95
Uruguay,2006,94
Uruguay,2007,96
Uruguay,2008,95
Uruguay,2009,94
Uruguay,2010,95
Uruguay,2011,95
Uruguay,2012,96
Uruguay,2013,96
Uruguay,2014,96
Uruguay,2015,96
Uruguay,2016,95
Uruguay,2017,96
Uruguay,2018,97
Uruguay,2019,96
Uruguay,2020,95
Uruguay,2021,96
Uzbekistan,2006,98
Uzbekistan,2007,98
Uzbekistan,2008,98
Uzbekistan,2009,95
Uzbekistan,2010,98
Uzbekistan,2011,99
Uzbekistan,2012,99
Uzbekistan,2013,97
Uzbekistan,2014,99
Uzbekistan,2015,99
Uzbekistan,2016,99
Uzbekistan,2017,99
Uzbekistan,2018,96
Uzbekistan,2019,98
Uzbekistan,2020,99
Uzbekistan,2021,99
Vanuatu,2015,76
Vanuatu,2016,84
Vanuatu,2017,80
Vanuatu,2018,75
Vanuatu,2019,80
Vanuatu,2020,78
Vanuatu,2021,50
Venezuela,1998,92
Venezuela,1999,84
Venezuela,2000,84
Venezuela,2001,98
Venezuela,2002,83
Venezuela,2003,83
Venezuela,2004,80
Venezuela,2005,76
Venezuela,2006,82
Venezuela,2007,87
Venezuela,2008,93
Venezuela,2009,87
Venezuela,2010,79
Venezuela,2011,86
Venezuela,2012,87
Venezuela,2013,85
Venezuela,2014,89
Venezuela,2015,92
Venezuela,2016,88
Venezuela,2017,96
Venezuela,2018,74
Venezuela,2019,93
Venezuela,2020,76
Venezuela,2021,68
Vietnam,2015,92
Vietnam,2016,95
Vietnam,2017,93
Vietnam,2018,90
Vietnam,2019,92
Vietnam,2020,97
Vietnam,2021,89
Western Pacific Region (WHO),1980,0
Western Pacific Region (WHO),1981,0
Western Pacific Region (WHO),1982,0
Western Pacific Region (WHO),1983,2
Western Pacific Region (WHO),1984,2
Western Pacific Region (WHO),1985,3
Western Pacific Region (WHO),1986,2
Western Pacific Region (WHO),1987,2
Western Pacific Region (WHO),1988,2
Western Pacific Region (WHO),1989,6
Western Pacific Region (WHO),1990,5
Western Pacific Region (WHO),1991,6
Western Pacific Region (WHO),1992,7
Western Pacific Region (WHO),1993,7
Western Pacific Region (WHO),1994,8
Western Pacific Region (WHO),1995,8
Western Pacific Region (WHO),1996,8
Western Pacific Region (WHO),1997,8
Western Pacific Region (WHO),1998,11
Western Pacific Region (WHO),1999,11
Western Pacific Region (WHO),2000,11
Western Pacific Region (WHO),2001,11
Western Pacific Region (WHO),2002,11
Western Pacific Region (WHO),2003,10
Western Pacific Region (WHO),2004,10
Western Pacific Region (WHO),2005,10
Western Pacific Region (WHO),2006,10
Western Pacific Region (WHO),2007,10
Western Pacific Region (WHO),2008,10
Western Pacific Region (WHO),2009,10
Western Pacific Region (WHO),2010,62
Western Pacific Region (WHO),2011,79
Western Pacific Region (WHO),2012,86
Western Pacific Region (WHO),2013,88
Western Pacific Region (WHO),2014,89
Western Pacific Region (WHO),2015,93
Western Pacific Region (WHO),2016,96
Western Pacific Region (WHO),2017,95
Western Pacific Region (WHO),2018,95
Western Pacific Region (WHO),2019,94
Western Pacific Region (WHO),2020,94
Western Pacific Region (WHO),2021,91
World,1980,3
World,1981,3
World,1982,4
World,1983,4
World,1984,5
World,1985,5
World,1986,5
World,1987,5
World,1988,6
World,1989,7
World,1990,8
World,1991,9
World,1992,9
World,1993,9
World,1994,10
World,1995,11
World,1996,12
World,1997,12
World,1998,15
World,1999,17
World,2000,21
World,2001,22
World,2002,22
World,2003,22
World,2004,24
World,2005,24
World,2006,25
World,2007,25
World,2008,25
World,2009,25
World,2010,35
World,2011,38
World,2012,40
World,2013,42
World,2014,45
World,2015,47
World,2016,47
World,2017,52
World,2018,68
World,2019,69
World,2020,68
World,2021,66
Yemen,2015,67
Yemen,2016,70
Yemen,2017,65
Yemen,2018,64
Yemen,2019,67
Yemen,2020,68
Yemen,2021,71
Zambia,2017,96
Zambia,2018,94
Zambia,2019,93
Zambia,2020,96
Zambia,2021,90
Zimbabwe,2016,95
Zimbabwe,2017,90
Zimbabwe,2018,88
Zimbabwe,2019,85
Zimbabwe,2020,85
Zimbabwe,2021,85
